_id,businessname,dbaname,address,city,state,zip,licstatus,licensecat,descript,license_add_dt_tm,dayphn_cleaned,property_id,latitude,longitude
1,100 Federal Market & Barista- 10th Floor,,100 Federal,Boston,MA,02110,Active,FS,Eating & Drinking,2023-08-09 16:00:26.99+00,6174345000,57150,42.354770000088834,-71.0561300019333
2,100 Federal Market & Barista- 11th Floor,,100 Federal,Boston,MA,02110,Active,FT,Eating & Drinking w/ Take Out,2021-01-12 15:37:24.463+00,6174345000,57150,42.354770000088834,-71.0561300019333
3,100 Federal Smoothie Bar- 11th Floor,,100 Federal,Boston,MA,02110,Active,FS,Eating & Drinking,2023-12-26 15:36:08.637+00,6174345000,57150,42.354770000088834,-71.0561300019333
4,110 Grill,,25 Jan Karski,Dorchester,MA,02125,Active,FS,Eating & Drinking,2018-11-29 19:14:04.217+00,9786929450,421286,42.325194557803286,-71.06117833204564
5,129 Lake Street Cafe,,127 LAKE,Brighton/,MA,02135,Active,FS,Eating & Drinking,2010-10-14 16:49:26+00,5084463942,0,,
6,149 Eat Street,,300 CHELSEA,Charlestown/,MA,02129,Active,FS,Eating & Drinking,2007-10-11 13:08:52+00,6177262520,0,,
7,163 Vietnamese Sandwich,,66 Harrison,Boston,MA,02111,Active,FS,Eating & Drinking,2007-08-09 17:26:45+00,6175427903,69990,42.351289999949145,-71.06105000119224
8,1928 Beacon Hill,,97 Mount Vernon,Boston,MA,02108,Active,FS,Eating & Drinking,2021-10-05 16:30:10.363+00,8572335662,98781,42.35805999981849,-71.06972000155524
9,1928 Rowes Wharf,,30 Rowes,Boston,MA,02110,Active,FS,Eating & Drinking,2025-09-19 13:38:05.673+00,6179826010,156152,42.35664237589748,-71.05030911199451
10,1st Floor Cafe @ Tufts Medical Center,,750 Washington,Boston,MA,02111,Active,FT,Eating & Drinking w/ Take Out,2023-10-04 15:08:25.153+00,,158017,42.35055564807489,-71.06286082550342
11,200 Club - 3rd Fl.,,200 Clarendon,Boston,MA,02116,Active,FS,Eating & Drinking,2024-06-05 17:20:20.83+00,,33209,42.34921000046016,-71.07513000164919
12,20TH CENTRY BOWLING LANES,,1231 Hyde Park,Hyde Park,MA,02136,Active,FT,Eating & Drinking w/ Take Out,2006-12-07 18:34:04+00,6173645274,77089,42.25681999986055,-71.12411000050824
13,211 Better Bagels,,211 Congress,Boston,MA,02110,Active,FT,Eating & Drinking w/ Take Out,2022-05-17 18:20:52.983+00,5084239773,358043,42.354680000025105,-71.05494000172826
14,21 ST. AMENDMENT,,150 Bowdoin,Boston,MA,02108,Active,FS,Eating & Drinking,2006-12-07 18:34:35+00,6172277100,158193,42.35833625776443,-71.06258112499432
15,224 BOSTON,,224 Boston,Dorchester,MA,02125,Active,FS,Eating & Drinking,2018-08-01 19:20:09.77+00,6172651217,156048,42.32227215594667,-71.06084832964727
16,311,,605 Tremont,Roxbury,MA,02118,Active,FS,Eating & Drinking,2022-08-01 15:00:41.393+00,,137766,42.34314000064306,-71.07364000070825
17,320 Cafe,,314 Spring,West Roxbury,MA,02132,Active,FS,Eating & Drinking,2017-08-23 17:20:17.51+00,3057851745,157799,42.271712713121644,-71.17211042683964
18,3rd Floor @ Tufts Medical Center,,750 Washington,Boston,MA,02111,Active,FT,Eating & Drinking w/ Take Out,2023-10-04 15:08:08.557+00,,158017,42.35055564807489,-71.06286082550342
19,410- North End Butcher,,100 Legends,Boston,MA,02114,Active,FT,Eating & Drinking w/ Take Out,2009-01-28 16:01:15+00,6176241610,,,
20,417-Sal's Pizza,,100 Legends,Boston,MA,02114,Active,FT,Eating & Drinking w/ Take Out,2009-02-01 16:31:47+00,6176241610,,,
21,50/50 Lounge,,1 Dalton,Boston,MA,02115,Active,FS,Eating & Drinking,2020-07-02 15:47:22.463+00,6175301741,437941,42.34577356277369,-71.08404592672916
22,521  Function Kitchen,,4 Jersey,Boston,MA,02215,Active,FS,Eating & Drinking,2022-02-22 19:26:20.017+00,6179825146,424258,42.34673007807398,-71.0986629781914
23,5W Bar,,100 Legends,Boston,MA,02114,Active,FT,Eating & Drinking w/ Take Out,2024-08-08 15:35:05.86+00,6176241610,340814,42.36616322384503,-71.06194055953804
24,728 Causeway Cones,,100 Legends,Boston,MA,02114,Active,FT,Eating & Drinking w/ Take Out,2011-01-11 14:09:30+00,6176241610,340814,42.36616322384503,-71.06194055953804
25,753 South,,749 South,Roslindale,MA,02131,Active,FS,Eating & Drinking,2017-04-21 17:23:42.06+00,6176204626,128941,42.28715999960239,-71.12912000130427
26,75 CHESTNUT,,75 Chestnut,Boston,MA,02108,Active,FS,Eating & Drinking,2006-12-07 18:34:54+00,6172272175,31472,42.3568980001237,-71.07097100104212
27,75 On Liberty Wharf,,220 Northern,Boston,MA,02210,Active,FS,Eating & Drinking,2012-05-18 14:28:35+00,6178547631,342823,42.34910346272386,-71.03888919782614
28,7th Street Burger,,267 Newbury,Boston,MA,02116,Active,FT,Eating & Drinking w/ Take Out,2025-11-19 16:12:45.357+00,,101480,42.34955400002835,-71.08350500195122
29,7th Street Burger,,473 Broadway,South Boston,MA,02127,Active,FT,Eating & Drinking w/ Take Out,2025-11-19 15:19:42.17+00,,21556,42.33554999972772,-71.04611000067257
30,89 Broad Street/Fin Point,,89 Broad,Boston,MA,02110,Active,FS,Eating & Drinking,2016-08-04 13:06:04.353+00,6173481234,20586,42.35743999985702,-71.05316000139499
31,89 Charles,,89 Charles,Boston,MA,02114,Active,FS,Eating & Drinking,2025-04-08 14:46:22.987+00,5705104050,29200,42.35858999972489,-71.07049000124772
32,99 RESTAURANT AND PUB,,29 Austin,Charlestown,MA,02129,Active,FS,Eating & Drinking,2006-12-07 18:34:27+00,6152568500,155829,42.37483494941711,-71.06700849971799
33,9 Thai Express,,433 Cambridge,Allston,MA,02134,Active,FT,Eating & Drinking w/ Take Out,2021-08-30 19:34:24.25+00,6175950409,351877,42.35512300049573,-71.13406200067374
34,AAA Restaurant ,,3141 Washington,Jamaica Plain,MA,02130,Active,FT,Eating & Drinking w/ Take Out,2023-08-09 16:33:38.033+00,8573408008,144632,42.3141560000089,-71.1002150012691
35,A & B Burgers,,97 Beverly,Boston,MA,02114,Active,FS,Eating & Drinking,2018-07-16 16:05:13.79+00,6175964339,419694,42.3655510630171,-71.05936272833364
36,A + B Burgers,,401 Park,Boston,MA,02215,Active,FT,Eating & Drinking w/ Take Out,2024-03-25 15:19:51.347+00,6175964339,156914,42.344449188410294,-71.10287028370084
37,ABE & LOUIE'S,,793 Boylston,Boston,MA,02116,Active,FS,Eating & Drinking,2011-04-04 19:19:34+00,6175364200,18399,42.34922199605716,-71.0815801390581
38,ABIGAIL'S TEA ROOM @CONGRESS BRIDGE,,306 Congress,Boston,MA,02210,Active,FS,Eating & Drinking,2012-01-17 17:47:36+00,6177371773,,,
39,Abuelas Table,,416 Centre,Jamaica Plain,MA,02130,Active,FS,Eating & Drinking,2024-02-01 18:53:00.553+00,6179824692,351528,42.32074708369008,-71.1103083716029
40,Acapella By X,,1503 Dorchester,Dorchester,MA,02122,Active,FS,Eating & Drinking,2025-06-02 16:01:00.187+00,6172864620,48337,42.29929117778281,-71.06064894194996
41,Acapulco Mexican Restaurant,,466 CENTRE,JAMAICA PLAIN,MA,02130,Active,FS,Eating & Drinking,2006-12-07 18:34:15+00,6175244328,,,
42,Aceituna,,100 Federal,Boston,MA,02110,Active,FS,Eating & Drinking,2018-05-30 16:57:10.273+00,,358023,42.354770000084144,-71.05613000071953
43,Aceituna Grill,,99 Seaport,Boston,MA,02210,Active,FS,Eating & Drinking,2016-06-20 15:02:50.28+00,6172520707,350792,42.35117453241631,-71.04541115925554
44,Achilitos Taqueria,,38 Hyde Park,Jamaica Plain,MA,02130,Active,FS,Eating & Drinking,2018-01-24 16:26:17.697+00,6179875465,352202,42.29886730905778,-71.1139925844729
45,AC Hotel by Marriot,,225 Albany,Roxbury,MA,02118,Active,FS,Eating & Drinking,2016-04-25 13:21:47.71+00,7819533682,419340,42.34509706918971,-71.06195643251097
46,AC Hotel by Marriott,,395 Chestnut Hill,Brighton,MA,02135,Active,FS,Eating & Drinking,2016-06-13 18:08:14.38+00,6038976100,419814,42.334664717661525,-71.15076940808886
47,Adams B & B,,12 Edgerly,Boston,MA,02115,Active,FS,Eating & Drinking,2023-11-17 16:42:41.23+00,6175364181,51167,42.346059999952594,-71.08786000029565
48,ADK Sandwich Shop,,421 Bowdoin,Dorchester,MA,02122,Active,FT,Eating & Drinking w/ Take Out,2021-08-13 14:35:35.983+00,,378654,42.31045000002961,-71.06204000096207
49,AFC Sushi @ Shaws #3696,AFC Sushi @ Shaws #3696,50 Causeway,Boston,MA,02114,Active,FT,Eating & Drinking w/ Take Out,2019-09-13 19:01:32.427+00,8546172415,423632,42.3653920556944,-71.06217783746371
50,AFC SUSHI @SIMMONS COLLEGE,,300 Fenway,Boston,MA,02115,Active,FS,Eating & Drinking,2010-08-20 14:13:45+00,6173649375,57444,42.33930999984839,-71.09996000108146
51,AFC Sushi @ Walgreens #15390,,10 School,Boston,MA,02108,Active,FT,Eating & Drinking w/ Take Out,2013-04-24 17:58:51+00,3106043200,169533,42.357327629454545,-71.05896829287836
52,AFC Zenshi @ Shaws #1208,,246 Border,East Boston,MA,02128,Active,FT,Eating & Drinking w/ Take Out,2018-06-05 14:32:34.187+00,6172624688,155969,42.37667473381117,-71.04025589699377
53,AFC Zenshi @Star Market #3577,,75 Spring,West Roxbury,MA,02132,Active,FT,Eating & Drinking w/ Take Out,2018-01-31 16:31:57.36+00,6173270564,129598,42.27871000013407,-71.16330000216672
54,Afrito,,196 Quincy,Dorchester,MA,02125,Active,FT,Eating & Drinking w/ Take Out,2026-05-14 14:58:17.767+00,8572431630,377254,42.31306866790966,-71.07391936327326
55,Agavero Guac and Margs,,11 Broadway,South Boston,MA,02127,Active,FS,Eating & Drinking,2025-09-16 18:29:51.613+00,6177524044,21378,42.3424063937799,-71.05672043999976
56,Agganis Arena-FS,,925 Commonwealth,Boston,MA,02215,Active,FS,Eating & Drinking,2022-08-25 16:12:03.143+00,6173587000,156282,42.35216635174325,-71.11768033870285
57,Agganis Arena-Stand 1,,925 Commonwealth,Boston,MA,02215,Active,FT,Eating & Drinking w/ Take Out,2022-08-25 16:35:11.7+00,6173587000,156282,42.35216635174325,-71.11768033870285
58,Agganis Arena-Stand 2,,925 Commonwealth,Boston,MA,02215,Active,FT,Eating & Drinking w/ Take Out,2022-08-25 16:43:53.82+00,6173587000,156282,42.35216635174325,-71.11768033870285
59,Agganis Arena-Stand 3,,925 Commonwealth,Boston,MA,02215,Active,FT,Eating & Drinking w/ Take Out,2022-08-25 16:46:01.26+00,6173587000,156282,42.35216635174325,-71.11768033870285
60,Agganis Arena-Stand 4,,925 Commonwealth,Boston,MA,02215,Active,FT,Eating & Drinking w/ Take Out,2022-08-25 16:47:50.04+00,6173587000,156282,42.35216635174325,-71.11768033870285
61,Agganis Arena-Stand 5,,925 Commonwealth,Boston,MA,02215,Active,FT,Eating & Drinking w/ Take Out,2022-08-25 16:49:45.49+00,6173587000,156282,42.35216635174325,-71.11768033870285
62,Airist Boston @ Air France Lounge,,500 Terminal,East Boston,MA,02128,Active,FS,Eating & Drinking,2025-06-25 17:29:32.547+00,7744569041,341351,42.36990420124479,-71.01943927546833
63,Ajeen,,1219 Commonwealth,Allston,MA,02134,Active,FT,Eating & Drinking w/ Take Out,2019-02-27 14:45:44.463+00,,157940,42.35075508231867,-71.13087000863769
64,AK's Takeout,,1350 Tremont,Mission Hill,MA,02120,Active,FT,Eating & Drinking w/ Take Out,2024-07-30 14:23:02.32+00,6175412457,341254,42.33180537912831,-71.0930905025686
65,A K's Take Out & Delivery,,1427 Tremont,Mission Hill,MA,02120,Active,FT,Eating & Drinking w/ Take Out,2007-10-31 19:33:00+00,6175410300,136818,42.331858000167124,-71.09633300084923
66,Alamo Drafthouse,,23 Northern,Boston,MA,02210,Active,FT,Eating & Drinking w/ Take Out,2023-02-21 15:59:37.983+00,,352651,42.353425169987005,-71.0476118790756
67,Alcove,,131 Beverly,Boston,MA,02114,Active,FS,Eating & Drinking,2017-09-13 17:15:03.423+00,7745268386,172189,42.36703034454807,-71.06008608974878
68,AL DENTE RISTORANTE,,109 Salem,Boston,MA,02113,Active,FS,Eating & Drinking,2006-12-07 18:34:30+00,6175230990,121695,42.36421000057258,-71.0553600005196
69,ALEX PIZZA,,1252 Washington,Roxbury,MA,02118,Active,FT,Eating & Drinking w/ Take Out,2006-12-07 18:36:33+00,6178339626,157038,42.34230145075851,-71.06737856403372
70,ALEX'S CHIMIS,,358 CENTRE,JAMAICA PLAIN,MA,02130,Active,FS,Eating & Drinking,2006-12-07 18:35:02+00,6175225201,,42.32230390234235,-71.10755127180592
71,ALFREDO'S,,229 Brighton,Allston,MA,02134,Active,FT,Eating & Drinking w/ Take Out,2006-12-07 18:35:52+00,6175628222,156216,42.3536791188135,-71.1356698532365
72,ALFREDO'S ITALIAN KITCHEN,,243 Dorchester,South Boston,MA,02127,Active,FT,Eating & Drinking w/ Take Out,2006-12-07 18:36:02+00,6174581231,156257,42.332855058018524,-71.05131803697124
73,Ali Baba,,99A Cambridge,Charlestown,MA,02129,Active,FS,Eating & Drinking,2020-01-23 18:03:32.517+00,6173986902,351905,42.382540000107355,-71.0792000012387
74,Alibi,,215 Charles,Boston,MA,02114,Active,FS,Eating & Drinking,2011-12-14 13:20:31+00,8572411144,160740,42.362030354140245,-71.07036209744672
75,All'Antico Vinaio,,330 Washington,Boston,MA,02108,Active,FT,Eating & Drinking w/ Take Out,2026-03-11 18:36:11.903+00,,171039,42.35668828668093,-71.05869034990143
76,All'Antico Vinaio,,565 Boylston,Boston,MA,02116,Active,FT,Eating & Drinking w/ Take Out,2025-04-24 14:27:37.963+00,,18349,42.3506540007236,-71.07636800028301
77,ALLIS ROTI + MEAT MARKET,,1188 Blue Hill,Mattapan,MA,02126,Active,FT,Eating & Drinking w/ Take Out,2006-12-07 18:34:12+00,6172989850,16183,42.283770000320025,-71.09129000212218
78,All Spice Restaurant,,41 Worcester,Roxbury,MA,02118,Active,FS,Eating & Drinking,2022-07-13 16:52:12.673+00,6172665300,152332,42.3358699998706,-71.07420000201827
79,Alma Cantina,,15 Union,Boston,MA,02108,Active,FS,Eating & Drinking,2021-06-25 16:45:13.517+00,6178350438,139286,42.36081860189342,-71.05671524947535
80,Alma Gaucha,,401 D,Boston,MA,02210,Active,FS,Eating & Drinking,2020-02-04 18:53:35.71+00,6174204900,355423,42.343592543707445,-71.04466693492783
81,Aloe Natural Acai $ Coffee Shop,,256 Marginal,East Boston,MA,02128,Active,FS,Eating & Drinking,2024-06-03 14:06:12.76+00,8573919523,393516,42.36425649799056,-71.03267228714992
82,Aloft Boston Seaport Hotel,,401 D,Boston,MA,02210,Active,FS,Eating & Drinking,2021-12-29 16:20:56.297+00,6175301600,355423,42.343592543707445,-71.04466693492783
83,Aloft Boston Seaport Hotel Refuel,,401 D,Boston,MA,02210,Active,FT,Eating & Drinking w/ Take Out,2021-12-29 16:30:46.133+00,6175301600,355423,42.343592543707445,-71.04466693492783
84,AL'S CAFÉ,,27 Dry Dock,Boston,MA,02210,Active,FT,Eating & Drinking w/ Take Out,2021-04-14 15:40:27.41+00,6172811443,49599,42.344273524601675,-71.02802345438896
85,Al's High Street Cafe,,176 High,Boston,MA,02110,Active,FT,Eating & Drinking w/ Take Out,2025-06-12 16:01:44.407+00,9782211564,73285,42.356668329142515,-71.0525564506071
86,Al's School Street Cafe,,27 School,Boston,MA,02108,Active,FT,Eating & Drinking w/ Take Out,2025-06-12 15:58:53.393+00,9782211564,156054,42.357719151851185,-71.05907051420638
87,Al's South Street Cafe,,179 Essex,Boston,MA,02111,Active,FT,Eating & Drinking w/ Take Out,2024-07-11 14:46:38.663+00,6177205555,54296,42.352067218998634,-71.05756747698803
88,Al's State Street Cafe,,112 State,Boston,MA,02109,Active,FT,Eating & Drinking w/ Take Out,2024-07-11 14:38:54.447+00,6177205555,351886,42.359282035196834,-71.0548727684754
89,Alta Strada/AM2-A03/29,,100 Terminal,East Boston,MA,02128,Active,FS,Eating & Drinking,2019-05-09 19:00:04.663+00,3052678510,341357,42.364539860564015,-71.02181743285618
90,Alumni 1,,2597 Beacon,Brighton,MA,02135,Active,FT,Eating & Drinking w/ Take Out,2010-06-03 13:48:17+00,6175523307,172185,42.33528927232475,-71.16749169530911
91,Alumni 2,,2597 Beacon,Brighton,MA,02135,Active,FT,Eating & Drinking w/ Take Out,2010-06-03 13:51:09+00,6175523307,172185,42.33528927232475,-71.16749169530911
92,Alumni 3,,2597 Beacon,Brighton,MA,02135,Active,FT,Eating & Drinking w/ Take Out,2010-06-03 14:06:10+00,6175523307,172185,42.33528927232475,-71.16749169530911
93,Alumni 4,,2597 Beacon,Brighton,MA,02135,Active,FT,Eating & Drinking w/ Take Out,2010-06-03 14:09:18+00,6175523307,172185,42.33528927232475,-71.16749169530911
94,Alumni 5,,2597 Beacon,Brighton,MA,02135,Active,FT,Eating & Drinking w/ Take Out,2010-06-03 14:11:42+00,6175523307,172185,42.33528927232475,-71.16749169530911
95,Al-Wadi Restaurant,,1249 VFW,West Roxbury,MA,02132,Active,FS,Eating & Drinking,2010-07-28 12:29:14+00,6173233236,140286,42.27724000004449,-71.17261000104916
96,AMA,,30 Western,Allston,MA,02134,Active,FS,Eating & Drinking,2025-05-09 15:16:34.38+00,,456798,42.36361843600092,-71.12181988860992
97,Amber Road,,100 Federal,Boston,MA,02110,Active,FS,Eating & Drinking,2023-06-01 16:31:56.29+00,6178699018,57150,42.354770000088834,-71.0561300019333
98,AMC Causeway at the Garden 13,,60 Causeway,Boston,MA,02114,Active,FT,Eating & Drinking w/ Take Out,2023-02-21 15:05:36.347+00,6172754104,439200,42.3653920556944,-71.06217783746371
99,AMC South Bay 12 (Concession),,21 District,Dorchester,MA,02125,Active,FT,Eating & Drinking w/ Take Out,2016-10-31 17:23:02.547+00,,420661,42.32572375144032,-71.0622261670595
100,AMC South Bay 12 (MacGuffins),,21 District,Dorchester,MA,02125,Active,FS,Eating & Drinking,2016-10-31 17:32:07.47+00,,420661,42.32572375144032,-71.0622261670595
101,AMC Theatres Boston Common 19,,175 Tremont,Boston,MA,02111,Active,FT,Eating & Drinking w/ Take Out,2006-12-07 18:35:25+00,8164805862,137447,42.35314999984945,-71.06403000141228
102,Amelia's Cluck & Smash,,309 Huntington,Boston,MA,02115,Active,FT,Eating & Drinking w/ Take Out,2014-11-07 13:52:00.48+00,6172660040,155730,42.34119601267993,-71.08765979933939
103,Amelia's Taqueria,,1076 Boylston,Boston,MA,02115,Active,FS,Eating & Drinking,2018-08-15 18:17:22.007+00,6173658220,158326,42.34695712991131,-71.08795705777361
104,American Airlines Club Boston,,200 Terminal,East Boston,MA,02128,Active,FS,Eating & Drinking,2018-03-23 15:31:34.24+00,6176345050,341353,42.362677345436204,-71.01863498065062
105,American Flatbread,,76 Guest,Brighton,MA,02135,Active,FS,Eating & Drinking,2017-04-05 14:20:11.01+00,6179034595,422100,42.35711249316074,-71.14448309264024
106,Americano Espresso Bar,,155 Meridian,East Boston,MA,02128,Active,FT,Eating & Drinking w/ Take Out,2007-02-13 13:24:51+00,6175938079,94405,42.37385300019875,-71.03888500190234
107,America's Test Kitchen,,21 Dry Dock,Boston,MA,02210,Active,FS,Eating & Drinking,2017-12-14 15:35:55.76+00,6172321000,164542,42.344239512372,-71.03113360993106
108,Amorino,,249 Newbury,Boston,MA,02116,Active,FT,Eating & Drinking w/ Take Out,2014-06-23 18:26:32.913+00,6179539682,101461,42.34975499995038,-71.0827930008613
109,AMRHEIN'S,,80 BROADWAY,SOUTH BOSTON,MA,02127,Active,FS,Eating & Drinking,2006-12-07 18:34:09+00,6172686189,,42.34192584808595,-71.05524118602452
110,Analla Cafe,,117 Blue Hill,Roxbury,MA,02119,Active,FT,Eating & Drinking w/ Take Out,2021-08-04 14:24:24.82+00,6177086171,374499,42.32108000005628,-71.07776000182572
111,ANCHOVIES RESTAURANT,,433 COLUMBUS ,BOSTON,MA,02116,Active,FS,Eating & Drinking,2006-12-07 18:36:42+00,6172665088,,42.34404175530509,-71.07786092302679
112,Ancient & Honorable Artillery Company,,200 Faneuil Hall Market,Boston,MA,02109,Active,FS,Eating & Drinking,2007-03-24 15:32:37+00,6172271638,,,
113,Andalus Pizza & Cafe,,153 SUTHERLAND,BRIGHTON,MA,02135,Active,FT,Eating & Drinking w/ Take Out,2007-08-17 13:15:12+00,6179084750,,42.34103647268322,-71.14689846511416
114,ANDREW SQUARE HOUSE OF PIZZA,,395 Dorchester,South Boston,MA,02127,Active,FT,Eating & Drinking w/ Take Out,2018-09-25 14:15:19.38+00,6172681940,49085,42.33005085524678,-71.05655306520788
115,Angela's Cafe,,131 Lexington,East Boston,MA,02128,Active,FT,Eating & Drinking w/ Take Out,2007-08-02 17:36:55+00,0,85525,42.378530000104426,-71.03500000139368
116,Angela's Cafe II,,1012 Bennington,East Boston,MA,02128,Active,FT,Eating & Drinking w/ Take Out,2016-03-02 16:02:42.33+00,6175695267,162035,42.387115784530934,-71.00630954814206
117,Angry Orchard Bar,,4 Jersey,Boston,MA,02215,Active,FT,Eating & Drinking w/ Take Out,2022-02-22 16:23:54.477+00,6179825146,424258,42.34673007807398,-71.0986629781914
118,Angry Orchard Concessions,,4 Jersey,Boston,MA,02215,Active,FT,Eating & Drinking w/ Take Out,2022-02-22 16:45:53.97+00,6179825146,424258,42.34673007807398,-71.0986629781914
119,Anna Hand Cut Donuts,,2056 Centre,West Roxbury,MA,02132,Active,FT,Eating & Drinking w/ Take Out,2025-04-25 16:16:27.48+00,6173232680,157110,42.280014269070314,-71.15819155745722
120,Anna's Cafe,,267 Medford,Charlestown,MA,02129,Active,FT,Eating & Drinking w/ Take Out,2014-10-16 12:21:13.207+00,6174826050,93725,42.38128999948447,-71.06154900067435
121,Anna's Taqueria,,242 Cambridge,Boston,MA,02114,Active,FS,Eating & Drinking,2008-06-09 17:08:50+00,6172278822,25260,42.36092999965096,-71.06710000035147
122,Anna's Taqueria,,295 Devonshire,Boston,MA,02110,Active,FS,Eating & Drinking,2024-12-03 16:30:08.69+00,,164245,42.353979103885834,-71.05799898164766
123,Anna's Taqueria,,354 Longwood,Boston,MA,02215,Active,FT,Eating & Drinking w/ Take Out,2022-07-28 15:57:38.143+00,,343104,42.33898734240272,-71.10769427415768
124,Anna's Taqueria,,359 Huntington,Boston,MA,02115,Active,FT,Eating & Drinking w/ Take Out,2024-07-08 14:28:42.29+00,,365531,42.34019426481486,-71.09010516241054
125,Anna's Taqueria,,457 Broadway,South Boston,MA,02127,Active,FS,Eating & Drinking,2025-11-20 15:08:52.383+00,,21551,42.33574000042904,-71.04639000075062
126,Anna's Taqueria,,800 Boylston,Boston,MA,02199,Active,FT,Eating & Drinking w/ Take Out,2017-06-26 16:19:50.24+00,6172622300,157244,42.34729680482496,-71.0814574594804
127,Annie's Bakery & Cafe,,753 Broadway,South Boston,MA,02127,Active,FS,Eating & Drinking,2023-09-01 17:53:00.207+00,6172692186,164672,42.335436185143294,-71.03522727225203
128,Anoush Ella,,35 Newton,Roxbury,MA,02118,Active,FS,Eating & Drinking,2016-09-06 18:05:21.263+00,6175124819,372424,42.33894037253578,-71.07394272927313
129,Anoush' Ella,,201 Brookline,Boston,MA,02215,Active,FT,Eating & Drinking w/ Take Out,2019-04-09 16:28:39.24+00,6175124819,340960,42.34486239691058,-71.10160474147757
130,A & N PIZZA,,1409 Centre,Roslindale,MA,02132,Active,FT,Eating & Drinking w/ Take Out,2006-12-07 18:36:14+00,6173232211,27566,42.29413000054996,-71.13674000158454
131,Anshur Restauruant,,291 Roxbury,Roxbury,MA,02120,Active,FT,Eating & Drinking w/ Take Out,2008-09-29 17:44:43+00,6176995306,119179,42.330410000030774,-71.09430000108267
132,ANTICO FORNO,,93 Salem,Boston,MA,02113,Active,FS,Eating & Drinking,2006-12-07 18:34:46+00,6177428441,157423,42.363742758108536,-71.05559101823417
133,Antonios Bacaro,,1 Fairmount,Hyde Park,MA,02136,Active,FS,Eating & Drinking,2015-07-06 16:12:14.347+00,6179479407,55669,42.25549087055095,-71.12123985436301
134,Antonio's Hi-Fi,,1508 Dorchester,Dorchester,MA,02122,Active,FT,Eating & Drinking w/ Take Out,2014-09-19 17:46:30.743+00,6178429592,48338,42.29929000000392,-71.06025000157221
135,ANTONIO'S ITALIANO CUCINA,,286 Cambridge,Boston,MA,02114,Active,FS,Eating & Drinking,2006-12-07 18:34:35+00,6173673310,25272,42.36095100010714,-71.06816000141947
136,Apex Bar & Lounge,,150 State,Boston,MA,02109,Active,FS,Eating & Drinking,2023-07-06 16:35:59.633+00,,130375,42.359400000087966,-71.05408000178902
137,APM Coffee,,99 Kneeland,Boston,MA,02111,Active,FS,Eating & Drinking,2019-05-07 12:49:57.52+00,,420869,42.34993384581058,-71.0601090151868
138,APPLEBEE'S NEIGHBORHOOD GRILL & BAR,,11A Allstate,Dorchester,MA,02125,Active,FS,Eating & Drinking,2011-10-25 18:06:55+00,6174427139,172685,42.32608733704434,-71.06361143278993
139,Aqua Pazza,,135 Richmond,Boston,MA,02109,Active,FS,Eating & Drinking,2015-12-17 20:39:56.797+00,,352041,42.363280000035026,-71.05408000173554
140,AQUITAINE,,569 Tremont,Roxbury,MA,02118,Active,FS,Eating & Drinking,2006-12-07 18:34:59+00,6174248577,157437,42.34380186573195,-71.07235093272077
141,Arboretum Grill,,4021 Washington,Roslindale,MA,02131,Active,FS,Eating & Drinking,2011-10-14 12:30:39+00,6173239100,145067,42.292010000750714,-71.12244000172439
142,ARCHIE'S NEW YORK DELI,,93 Arch,Boston,MA,02110,Active,FT,Eating & Drinking w/ Take Out,2006-12-07 18:34:36+00,6173305145,161605,42.35504237082629,-71.05912856976859
143,Ariana Restaurant,,123 Antwerp,Brighton,MA,02135,Active,FS,Eating & Drinking,2014-10-30 12:58:29.187+00,6172088072,343305,42.36256693819614,-71.13814902640716
144,Aries Club,,90 Oliver,Boston,MA,02110,Active,FS,Eating & Drinking,2024-05-29 17:15:19.643+00,6173305250,156963,42.35632625022133,-71.0518760535379
145,Aritzia/A-OK Cafe,,800 Boylston,Boston,MA,02199,Active,FS,Eating & Drinking,2025-10-15 18:03:07.677+00,6042155268,157244,42.34729680482496,-71.0814574594804
146,Arizona B B Q,,2360 Washington,Roxbury,MA,02119,Active,FT,Eating & Drinking w/ Take Out,2008-03-04 19:08:38+00,6174422999,144493,42.32937000050038,-71.0844600020372
147,ARTU,,6 Prince,Boston,MA,02113,Active,FS,Eating & Drinking,2006-12-07 18:34:23+00,6177424336,112966,42.3641099997678,-71.05372000078651
148,Arya Trattoria,,253 Hanover,Boston,MA,02109,Active,FS,Eating & Drinking,2013-02-01 18:42:43+00,6177421276,69071,42.36321016915622,-71.05480975847637
149,A Sanctuary Cafe,,80 Charles,Boston,MA,02114,Active,FS,Eating & Drinking,2023-01-12 17:11:46.53+00,,29193,42.358160000395046,-71.07072000132072
150,Ascia Foods,,100 Malcolm X,Roxbury,MA,02120,Active,FS,Eating & Drinking,2020-01-21 13:15:05.823+00,6179593031,340841,42.33090541840585,-71.09337300651339
151,Ashburton Cafe,,1 Ashburton,Boston,MA,02108,Active,FS,Eating & Drinking,2007-04-06 17:51:49+00,6172486886,5052,42.35927600004277,-71.0623590002513
152,ASIAN GARDEN RESTAURANT INC.,,28 HARRISON ,BOSTON,MA,02111,Active,FS,Eating & Drinking,2006-12-07 18:35:32+00,6174263348,,42.35196405510715,-71.06103068237285
153,Asian Thai Eatery,,1064 River,Hyde Park,MA,02136,Active,FT,Eating & Drinking w/ Take Out,2022-11-16 13:38:02.29+00,6173614448,158305,42.258784388185894,-71.11774141014129
154,Asia Wok,,44 Harvard,Allston,MA,02134,Active,FT,Eating & Drinking w/ Take Out,2018-12-24 16:56:19.29+00,6177826714,354426,42.35451999966611,-71.13228000123604
155,Assaggio,,29 Prince,Boston,MA,02113,Active,FS,Eating & Drinking,2017-08-09 14:46:42.963+00,6172277380,360658,42.36458999969069,-71.05420000167129
156,Assembly on 2,,100 Summer,Boston,MA,02110,Active,FS,Eating & Drinking,2023-01-09 20:16:14.547+00,,155612,42.35356000017475,-71.05736000115795
157,Asta,,47 Massachusetts,Boston,MA,02115,Active,FS,Eating & Drinking,2012-08-29 14:49:31+00,6178234664,422671,42.34982000007785,-71.08927000150423
158,ATLANTIC FISH COMPANY,,761 Boylston,Boston,MA,02116,Active,FS,Eating & Drinking,2011-04-04 18:50:20+00,6175364200,18393,42.34934999974904,-71.08121000124713
159,A. T. O'Keeffe's Provisions & Pub,,911 Boylston,Boston,MA,02115,Active,FS,Eating & Drinking,2022-02-01 14:18:19.497+00,6179363927,351730,42.348430000204544,-71.0844200015548
160,At Union,,174 HARVARD ,BOSTON,MA,02134,Active,FS,Eating & Drinking,2009-07-10 13:05:04+00,6172444909,,42.36430120297508,-71.1278788689505
161,Audubon,,838 Beacon,Boston,MA,02215,Active,FS,Eating & Drinking,2014-04-01 16:57:14+00,6174211910,12259,42.347359953396136,-71.10317292998688
162,Auntie Anne's Pretzels/ Carvel,,700 Atlantic,Boston,MA,02111,Active,FT,Eating & Drinking w/ Take Out,2021-07-08 14:45:17.177+00,6318975251,156723,42.35204827404688,-71.0551747507777
163,Avana Marketplace & Ding Ding Xiang,,40 Harrison,Boston,MA,02111,Active,FT,Eating & Drinking w/ Take Out,2009-04-03 14:23:20+00,6174263331,69834,42.35166400036557,-71.0609680016387
164,Avana Sushi,,58 Franklin,Boston,MA,02110,Active,FS,Eating & Drinking,2021-03-25 14:19:56.86+00,6174235000,156306,42.35579591153433,-71.05845126002005
165,AVRA Boston,,1001 Boylston,Boston,MA,02215,Active,FS,Eating & Drinking,2024-08-02 14:26:51.277+00,,439501,42.347280032727845,-71.08846481875297
166,Azama Grill,,44 Harvard,Allston,MA,02134,Active,FT,Eating & Drinking w/ Take Out,2009-12-30 13:22:42+00,6174477646,70391,42.354441599209494,-71.13226232642607
167,B2J Tasty Pot,,157 Brighton,Allston,MA,02134,Active,FS,Eating & Drinking,2026-03-18 14:14:02.373+00,6179398037,162570,42.35331171580111,-71.13266721784017
168,B2J Tasty Pot,,75 Harvard,Allston,MA,02134,Active,FS,Eating & Drinking,2025-02-06 14:47:11.333+00,4258983039,70397,42.35362399970926,-71.1324120008245
169,Bab AlYemen,,468 Commonwealth,Boston,MA,02215,Active,FS,Eating & Drinking,2021-07-06 14:47:01.533+00,6175996537,415730,42.34855000014252,-71.09348000084897
170,Baba Shawarma,,100 Blackstone,Boston,MA,02108,Active,FT,Eating & Drinking w/ Take Out,2026-05-21 15:03:44.13+00,6178572222,15792,42.36157900030242,-71.05644900136798
171,Baby Cafe Kitchen,,128 Brighton,Allston,MA,02134,Active,FS,Eating & Drinking,2024-02-15 15:26:40.15+00,6463182830,20072,42.35263600000616,-71.13129100075554
172,Baby Cafe - Space #8,,122 Brighton,Allston,MA,02134,Active,FT,Eating & Drinking w/ Take Out,2025-01-14 15:18:48.903+00,6463182830,162569,42.35240065993929,-71.13107730992346
173,BACCO RISTORANTE & BAR,,107 Salem,Boston,MA,02113,Active,FS,Eating & Drinking,2006-12-07 18:35:17+00,6176292622,121692,42.36418000011288,-71.05538000066188
174,Back Bay Social Club,,867 Boylston,Boston,MA,02116,Active,FS,Eating & Drinking,2010-06-18 16:55:11+00,6175232727,18414,42.34874000051143,-71.08344500180395
175,Back Deck,,10 West,Boston,MA,02111,Active,FS,Eating & Drinking,2011-09-15 16:56:14+00,6174261266,172982,42.354316032446626,-71.06215008405697
176,BACKWOODS PIZZA,,539 Dudley,Roxbury,MA,02119,Active,FT,Eating & Drinking w/ Take Out,2021-01-14 14:15:29.383+00,6174457400,156012,42.321739861627314,-71.07251108084279
177,Bagel Guild,,100 Hanover,Boston,MA,02108,Active,FT,Eating & Drinking w/ Take Out,2022-03-30 18:37:49.113+00,8579987124,355634,42.36222403255521,-71.05753575641967
178,Bailey and Sage,,100 Federal,Boston,MA,02110,Active,FT,Eating & Drinking w/ Take Out,2018-01-22 13:10:04.81+00,8573503032,57150,42.354770000088834,-71.0561300019333
179,Bailey and Sage,,53 State,Boston,MA,02109,Active,FT,Eating & Drinking w/ Take Out,2022-07-11 14:58:12.983+00,,157026,42.35875086334468,-71.05619957647649
180,Bain Capital (40th Fl),,200 Clarendon,Boston,MA,02116,Active,FS,Eating & Drinking,2024-01-22 15:36:03.397+00,6175162078,33209,42.34921000046016,-71.07513000164919
181,Bain & Company - 9th Fl.,,350 Boylston,Boston,MA,02116,Active,FS,Eating & Drinking,2025-07-01 15:39:40.497+00,6175722000,367740,42.351530000324566,-71.07119000099715
182,Bakalao Kitchenette  Inc.,,1002 Tremont,Mission Hill,MA,02120,Active,FT,Eating & Drinking w/ Take Out,2023-05-10 18:31:30.32+00,6176690211,157216,42.33682173366284,-71.08455924915735
183,Baker Baking Company,,32 Cambridge,Charlestown,MA,02129,Active,FT,Eating & Drinking w/ Take Out,2024-08-15 17:19:06.833+00,4129920207,25110,42.383569999309664,-71.0743500017016
184,Bakey,,200 Faneuil Hall Market,Boston,MA,02109,Active,FT,Eating & Drinking w/ Take Out,2025-08-06 16:17:58.847+00,6176700114,,,
185,Balance Patch,,1031 Commonwealth,Boston,MA,02134,Active,FS,Eating & Drinking,2016-11-16 15:19:46.577+00,,414826,42.35229170503244,-71.12170808242345
186,Baleia,,264 Berkeley,Roxbury,MA,02118,Active,FS,Eating & Drinking,2023-12-13 15:11:49.277+00,,355552,42.34363103221516,-71.06267933119206
187,BALE RESTAURANT,,1052 Dorchester,Dorchester,MA,02125,Active,FT,Eating & Drinking w/ Take Out,2006-12-07 18:35:43+00,6174799006,156182,42.31479189582095,-71.05661128055891
188,Ballers,,25 Pier 4,Boston,MA,02210,Active,FT,Eating & Drinking w/ Take Out,2025-09-23 14:55:21.277+00,6176507900,460012,42.34952621101096,-71.0454445809522
189,Bambola!,,225 Northern,Boston,MA,02210,Active,FS,Eating & Drinking,2026-03-16 15:45:38.497+00,7819103625,103889,42.34853737168443,-71.0387329923863
190,Bamboo Beach Juice Bar,,687 Second,South Boston,MA,02127,Active,FT,Eating & Drinking w/ Take Out,2022-04-05 14:20:35.92+00,,124439,42.33717000053391,-71.03578000128032
191,Bamboo Thai Restaurant,,1616 Commonwealth,Brighton,MA,02135,Active,FS,Eating & Drinking,2016-06-17 15:47:24.25+00,6178988846,408957,42.3432500003897,-71.14271000076049
192,Bambu,,287 Adams,Dorchester,MA,02122,Active,FS,Eating & Drinking,2016-12-12 16:23:18.29+00,5086151910,421205,42.299664729510575,-71.05878941872314
193,Banchan & Co.,,1213 Commonwealth,Allston,MA,02134,Active,FT,Eating & Drinking w/ Take Out,2026-01-16 17:26:58.843+00,6177956171,37122,42.350810000181944,-71.13072400072336
194,Banchan & Co - Lower Level,,32 Cambridge,Charlestown,MA,02129,Active,FT,Eating & Drinking w/ Take Out,2026-03-20 13:00:30.88+00,6179975015,25110,42.383569999309664,-71.0743500017016
195,Bangkok Bento Thai Kitchen & Sushi Bar,,272 Newbury,Boston,MA,02116,Active,FS,Eating & Drinking,2023-02-17 14:37:08.597+00,8572638440,101485,42.34911999938299,-71.08342000162908
196,Bangkok Pinto,,1041 Tremont,Mission Hill,MA,02120,Active,FT,Eating & Drinking w/ Take Out,2015-09-18 16:17:44.22+00,6174425555,136794,42.33659899979592,-71.0857480010929
197,Banh Mi Huong Que,,696 Washington,Boston,MA,02111,Active,FT,Eating & Drinking w/ Take Out,2020-11-09 17:11:39.69+00,6179590309,158284,42.35111282269877,-71.06279669422453
198,Banh Mi K,,108 Brighton,Allston,MA,02134,Active,FT,Eating & Drinking w/ Take Out,2022-10-31 13:16:06.433+00,6172015301,157936,42.35256457545934,-71.13037111078859
199,Banh Mi Oi,,1759 Centre,West Roxbury,MA,02132,Active,FT,Eating & Drinking w/ Take Out,2020-06-23 15:26:19.067+00,6173250946,351854,42.28751507883635,-71.15055866207874
200,Banh Mi Ok,,42 School,Boston,MA,02108,Active,FT,Eating & Drinking w/ Take Out,2024-05-13 14:39:22.28+00,7813784022,123778,42.35767999930571,-71.05965000117719
201,Banners Kitchen and Tap,,50 Causeway,Boston,MA,02114,Active,FS,Eating & Drinking,2019-02-01 15:12:59.453+00,,340676,42.365708404451155,-71.06147827139706
202,Banyan Bar & Refuge,,537 Tremont,Boston,MA,02116,Active,FS,Eating & Drinking,2015-03-27 14:03:28.263+00,6178694951,340800,42.34471182803439,-71.07140468918473
203,Barcelona Restaurant,,503 Tremont,Boston,MA,02116,Active,FS,Eating & Drinking,2014-02-27 17:16:50+00,2032991415,341128,42.34495289955733,-71.07079097652618
204,Bar & Kitchen Hospitality Inc.,,604 Columbus,Roxbury,MA,02118,Active,FS,Eating & Drinking,2018-10-10 17:24:16.45+00,6174878696,156491,42.339750091939436,-71.08239841041788
205,Bar Mezzana,,360 Harrison,Roxbury,MA,02118,Active,FS,Eating & Drinking,2015-12-11 19:10:56.85+00,6175301770,419370,42.34461586118345,-71.06325750494827
206,Bar Moxy,,240 Tremont,Boston,MA,02116,Active,FS,Eating & Drinking,2024-06-25 15:18:27.45+00,6177934200,419935,42.350960069553174,-71.06477513594344
207,BARNEY'S GRILL,,299 Havre,East Boston,MA,02128,Active,FS,Eating & Drinking,2006-12-07 18:35:06+00,,156023,42.3765262634294,-71.03379866937391
208,BARRY'S BOOTCAMP,,10 Huntington,Boston,MA,02116,Active,FS,Eating & Drinking,2018-04-27 15:41:20.78+00,8573174826,76236,42.34854500042617,-71.07731400127675
209,BARRY'S BOOTCAMP,,38 Chauncy,Boston,MA,02111,Active,FS,Eating & Drinking,2013-04-16 15:18:00+00,,205525,42.35383430965169,-71.05975349127195
210,Bartaco,,1321 Boylston,Boston,MA,02215,Active,FS,Eating & Drinking,2023-04-27 18:13:54.777+00,6176158226,354118,42.34465384321156,-71.09948485636042
211,Bartaco,,25 Thomson,Boston,MA,02210,Active,FS,Eating & Drinking,2018-02-12 16:49:30.78+00,,355868,42.35091422088697,-71.04740595226723
212,Bar Volpe,,170 Broadway,South Boston,MA,02127,Active,FS,Eating & Drinking,2021-09-23 14:38:50.733+00,6173723190,21394,42.3405100214425,-71.05285198088377
213,Basement Dining @ Tufts Medical Center,,750 Washington,Boston,MA,02111,Active,FS,Eating & Drinking,2023-10-03 19:42:24.17+00,,158017,42.35055564807489,-71.06286082550342
214,Basho Express,,700 Commonwealth,Boston,MA,02215,Active,FT,Eating & Drinking w/ Take Out,2015-10-09 13:57:53.163+00,6172307017,217489,42.34936000014419,-71.10402000155638
215,Basho Japanese Brasserie,,1310 Boylston,Boston,MA,02215,Active,FS,Eating & Drinking,2009-10-29 17:22:25+00,6178598886,340893,42.34411998969149,-71.09841147279276
216,Basho Japanese Sushi@B.U.(G.S.U.),,775 Commonwealth,Boston,MA,02215,Active,FT,Eating & Drinking w/ Take Out,2013-02-28 13:06:53+00,6172621338,157395,42.35074376505768,-71.1090381125807
217,Basile- Fine Italian Kitchen,,162 Columbus,Boston,MA,02116,Active,FS,Eating & Drinking,2019-05-08 12:40:59.3+00,6173500007,156280,42.34928278478085,-71.07065159338124
218,Bati Indian Kitchen By Shanti,,80 Causeway,Boston,MA,02114,Active,FT,Eating & Drinking w/ Take Out,2024-01-22 17:11:36.093+00,,423633,42.36553349531547,-71.06185622592876
219,BATTERY WHARF HOTEL BOSTON WATERFRONT,,2 Battery,Boston,MA,02109,Active,FS,Eating & Drinking,2015-12-18 20:16:51.113+00,6179949000,172851,42.3673575758229,-71.05032934655416
220,Battery Wharf Hotel/Grille,,3 Battery,Boston,MA,02109,Active,FS,Eating & Drinking,2017-04-13 18:12:56.13+00,6179949000,345275,42.366845639657626,-71.05133978005192
221,Bay State,,1 Long,Boston,MA,02110,Active,FS,Eating & Drinking,2022-12-28 17:17:12.64+00,,156129,42.360005630246626,-71.0512268922267
222,BBQ Chicken,,178 Harvard,Allston,MA,02134,Active,FS,Eating & Drinking,2022-11-22 15:34:19.48+00,6179033359,70345,42.351160000086686,-71.13119000097443
223,BBQ Chicken,,62 Boylston,Boston,MA,02116,Active,FS,Eating & Drinking,2011-12-08 20:17:20+00,6174234888,193139,42.351989999807685,-71.0643900011212
224,BBQ Chicken,,636 Beacon,Boston,MA,02215,Active,FS,Eating & Drinking,2024-02-07 17:16:10.353+00,6172900588,12032,42.34951970001024,-71.09523876395653
225,BBQ Chicken,,649 Centre,Jamaica Plain,MA,02130,Active,FT,Eating & Drinking w/ Take Out,2024-02-07 16:44:12.737+00,,28149,42.31304999986851,-71.11444000139502
226,Beachside Cafe,,4 Barnes,East Boston,MA,02128,Active,FT,Eating & Drinking w/ Take Out,2023-06-01 17:37:33.483+00,,391444,42.3858800004,-71.0068200014125
227,Beacon - 50th Floor,,800 Boylston,Boston,MA,02199,Active,FS,Eating & Drinking,2023-01-18 18:55:42.37+00,,157244,42.34729680482496,-71.0814574594804
228,Beacon Cafe @Univ. of Mass Boston,,100 William T Morrissey,Dorchester,MA,02125,Active,FS,Eating & Drinking,2013-10-18 14:53:38+00,6172875082,155810,42.31414630348332,-71.03937232673492
229,Beacon Hill Books & Cafe,,71 Charles,Boston,MA,02114,Active,FS,Eating & Drinking,2021-03-30 18:22:10.293+00,,29174,42.35818753099832,-71.07026673348383
230,BEACON HILL HOTEL & BISTRO,,25 Charles,Boston,MA,02108,Active,FS,Eating & Drinking,2019-02-15 18:37:36.563+00,6177237575,364451,42.356920000193384,-71.06965000095333
231,Bean & Leaf Cafe,,20 Custom House,Boston,MA,02110,Active,FT,Eating & Drinking w/ Take Out,2006-12-07 18:35:36+00,5089420923,157482,42.35813500112829,-71.05305898375381
232,Bean & Leaf Cafe,,239 Causeway,Boston,MA,02114,Active,FT,Eating & Drinking w/ Take Out,2022-04-01 15:25:52.4+00,,352328,42.3661099996119,-71.05943000088057
233,Beantown Pastrami,HSI MCA BOS FB  LLC,300 Terminal,East Boston,MA,02128,Active,FT,Eating & Drinking w/ Take Out,2019-06-27 16:08:29.32+00,6176346097,341352,42.3666199526667,-71.016589349149
234,Beantown Pastrami,,100 Hanover,Boston,MA,02108,Active,FT,Eating & Drinking w/ Take Out,2015-02-23 19:32:56.897+00,6179430705,355634,42.36222403255521,-71.05753575641967
235,Beantown Pub/Ziggy's Coffee Bar,,100 Tremont,Boston,MA,02108,Active,FT,Eating & Drinking w/ Take Out,2006-12-07 18:35:05+00,6174260111,157329,42.3572325180784,-71.06097932487788
236,Beard Papa Teazzi,,232 Newbury,Boston,MA,02116,Active,FT,Eating & Drinking w/ Take Out,2023-05-26 14:28:23.01+00,4017494388,101449,42.349649999701306,-71.08147000081819
237,Becca's Kitchen,,60 Springfield,Roxbury,MA,02118,Active,FS,Eating & Drinking,2024-03-28 17:11:58.747+00,6175579291,129907,42.33565871826707,-71.07444859202572
238,Beijing Taste,,377 Washington,Brighton,MA,02135,Active,FT,Eating & Drinking w/ Take Out,2022-09-07 16:31:33.203+00,6179446666,156389,42.3492911634072,-71.15428071193661
239,Bel Ave Pizza,,330 Belgrade,Roslindale,MA,02131,Active,FT,Eating & Drinking w/ Take Out,2014-05-23 17:06:31+00,6173371300,157181,42.285901900512954,-71.1451104154195
240,Bella Vista,,288 Hanover,Boston,MA,02113,Active,FS,Eating & Drinking,2007-04-01 12:35:15+00,,69101,42.36402000031762,-71.0545000011274
241,Bell In Hand,,45 Union,Boston,MA,02108,Active,FS,Eating & Drinking,2006-12-07 18:34:00+00,6172272098,139294,42.36160000006646,-71.05706000169175
242,Ben Cotto,,357 Hanover,Boston,MA,02113,Active,FS,Eating & Drinking,2015-05-07 17:52:18.287+00,6173195070,69120,42.364660000201646,-71.05337000050613
243,Benevento's,,111 Salem,Boston,MA,02113,Active,FS,Eating & Drinking,2009-07-24 14:05:55+00,6175937735,121696,42.36427000037763,-71.05536000122716
244,Ben & Jerry's,,174 Newbury,Boston,MA,02116,Active,FT,Eating & Drinking w/ Take Out,2006-12-07 18:35:47+00,6178770252,101380,42.350309999344155,-71.07900000129374
245,Ben & Jerry's,,300 Faneuil Hall Marketplace,Boston,MA,02109,Active,FT,Eating & Drinking w/ Take Out,2019-03-07 16:31:38.753+00,6175365256,351051,42.3605358160807,-71.05485795412649
246,Ben & Jerry's,,61 Brookline,Boston,MA,02215,Active,FT,Eating & Drinking w/ Take Out,2023-03-16 15:43:49.03+00,,156512,42.347163648653556,-71.0990811753775
247,Ben & Jerry's,,77 Seaport,Boston,MA,02210,Active,FT,Eating & Drinking w/ Take Out,2017-01-12 15:40:36.497+00,6175365456,350786,42.35176302239408,-71.04614760894853
248,BEN & JERRYS,,200 Faneuil Hall Marketplace,Boston,MA,02109,Active,FT,Eating & Drinking w/ Take Out,2022-03-02 19:41:23.167+00,6175365456,156093,42.36019981607993,-71.05479820374326
249,Ben & Jerry's (Kiosk),,800 Boylston,Boston,MA,02199,Active,FT,Eating & Drinking w/ Take Out,2017-01-12 15:23:39.15+00,6175365456,157244,42.34729680482496,-71.0814574594804
250,Bennett's Sandwich Shop,,1348 Boylston,Boston,MA,02215,Active,FT,Eating & Drinking w/ Take Out,2022-03-17 14:24:39.6+00,,422932,42.34384331486211,-71.09929709643934
251,Bennett's Sandwich Shop,,91 Summer,Boston,MA,02111,Active,FT,Eating & Drinking w/ Take Out,2025-03-21 14:11:28.623+00,6097246242,351553,42.35378125606861,-71.05846822923225
252,Ben's Fast Food-Kitchen 117,,94 Shirley,Roxbury,MA,02119,Active,FT,Eating & Drinking w/ Take Out,2023-06-20 14:51:07.133+00,7817867766,127222,42.32448468232285,-71.07021644447491
253,BERKELEY PERK CAFE,,69 Berkeley,Boston,MA,02116,Active,FT,Eating & Drinking w/ Take Out,2006-12-07 18:35:00+00,6174260673,15038,42.34677999944301,-71.07061000196138
254,Berkeley Streat,,200 Berkeley,Boston,MA,02116,Active,FT,Eating & Drinking w/ Take Out,2023-06-14 17:17:46.64+00,7812720539,156187,42.35006051614686,-71.07291903349389
255,Berklee College of Music,,160 Massachusetts,Boston,MA,02115,Active,FS,Eating & Drinking,2013-01-07 17:46:12+00,6177478112,343903,42.34628547921036,-71.08699045030745
256,Berklee Noodles,,173 Massachusetts,Boston,MA,02115,Active,FS,Eating & Drinking,2016-11-22 19:29:55.737+00,8573503923,91978,42.34589000032701,-71.08739000035698
257,Berkshire Farms Market,,200 Terminal,East Boston,MA,02128,Active,FT,Eating & Drinking w/ Take Out,2013-11-08 14:59:52+00,,341353,42.362677345436204,-71.01863498065062
258,Berkshire Farms Market A,,500 Terminal,East Boston,MA,02128,Active,FT,Eating & Drinking w/ Take Out,2019-01-25 17:56:26.06+00,6175675700,341351,42.36990420124479,-71.01943927546833
259,BERTUCCI'S,,633 V F W,WEST ROXBURY,MA,02132,Active,FS,Eating & Drinking,2006-12-07 18:34:22+00,5083512577,,,
260,Bertucci's Pronto,,18 Tremont,Boston,MA,02108,Active,FT,Eating & Drinking w/ Take Out,2024-10-03 14:37:50.163+00,5089512047,356337,42.35881121298423,-71.05962140458601
261,BESTEA - Lower Level,,32 Cambridge,Charlestown,MA,02129,Active,FT,Eating & Drinking w/ Take Out,2026-07-09 15:00:13.747+00,9789982599,25110,42.383569999309664,-71.0743500017016
262,Best Fried Chicken,,1198 Blue Hill,Mattapan,MA,02126,Active,FT,Eating & Drinking w/ Take Out,2021-04-30 19:46:42.97+00,6173223035,156964,42.2836947395404,-71.09195881907019
263,Best Western Plus Boston Hotel,,8 Gerard,Roxbury,MA,02119,Active,FS,Eating & Drinking,2026-06-08 14:52:04.39+00,6179891000,63531,42.33182000003038,-71.07139000208313
264,Beth Israel Deaconess,,330 Brookline,Boston,MA,02115,Active,FS,Eating & Drinking,2007-04-13 12:21:31+00,0,22096,42.33981999990494,-71.10568000065616
265,Better Bagels,,77 Seaport,Boston,MA,02210,Active,FT,Eating & Drinking w/ Take Out,2017-01-04 15:57:16.95+00,8575403177,350786,42.35176302239408,-71.04614760894853
266,Beyond Proof,,597 Centre,Jamaica Plain,MA,02130,Active,FS,Eating & Drinking,2006-12-07 18:35:40+00,6173888324,28129,42.31489999950725,-71.11427000136781
267,BEY RESTAURANT,,278A Shawmut,Roxbury,MA,02118,Active,FS,Eating & Drinking,2024-10-30 15:22:46.88+00,6177773000,169627,42.342895324553204,-71.06895409967782
268,B. Good,,100 Terminal,East Boston,MA,02128,Active,FS,Eating & Drinking,2019-05-09 18:53:44.123+00,3052678510,341357,42.364539860564015,-71.02181743285618
269,B. Good Burger,,200 Terminal,East Boston,MA,02128,Active,FT,Eating & Drinking w/ Take Out,2018-08-14 18:27:45.563+00,7163679342,341353,42.362677345436204,-71.01863498065062
270,B & G OYSTERS LTD.,,550 Tremont,Roxbury,MA,02118,Active,FS,Eating & Drinking,2006-12-07 18:35:51+00,6174230550,137629,42.34389499985967,-71.07126300137246
271,Biddy Earlys,,141 Pearl,Boston,MA,02110,Active,FS,Eating & Drinking,2006-12-07 18:35:20+00,,108787,42.35463999963985,-71.05374000115387
272,B I DEACONESS/WEST END CAFE,,1 DEACONESS,BOSTON,MA,02215,Active,FT,Eating & Drinking w/ Take Out,2006-12-07 18:35:29+00,6675634,,42.337813275095414,-71.10907881645676
273,BIG DADDY HOT DOGS,,10 Whittier,Boston,MA,02114,Active,FT,Eating & Drinking w/ Take Out,2019-06-18 13:45:25.54+00,6179572755,157202,42.36557628889919,-71.06800663370039
274,BIG DADDY'S PIZZA,,436 Western,Brighton,MA,02135,Active,FT,Eating & Drinking w/ Take Out,2022-05-25 12:43:04.503+00,6178042907,156361,42.36225706380836,-71.14088942045994
275,Big Night Live,,50 Causeway,Boston,MA,02114,Active,FS,Eating & Drinking,2019-10-10 20:38:34.717+00,6178965222,340676,42.365708404451155,-71.06147827139706
276,Bijou Night Club,,51 Stuart,Boston,MA,02116,Active,FS,Eating & Drinking,2011-06-24 13:46:39+00,6173574565,155868,42.351195281428225,-71.06416158994193
277,Billares Colombia,,16 Bennington,East Boston,MA,02128,Active,FS,Eating & Drinking,2024-11-07 19:09:07.06+00,8573139046,14624,42.37528999983556,-71.0383000016197
278,Bill's Bar,,7 Lansdowne,Boston,MA,02215,Active,FS,Eating & Drinking,2006-12-07 18:34:51+00,6175232727,84011,42.34733000040735,-71.09499000142233
279,Billy's Sub Shop,,57 Berkeley,Boston,MA,02116,Active,FT,Eating & Drinking w/ Take Out,2006-12-07 18:35:32+00,6174261822,15033,42.34659000009131,-71.07051000119982
280,BILLY'S TEXAS B.B.Q.,,530 Washington,Dorchester,MA,02124,Active,FS,Eating & Drinking,2006-12-07 18:34:49+00,6172886161,146103,42.292980000287486,-71.07162000083713
281,BILLY TSE RESTAURANT,,240 Commercial,Boston,MA,02109,Active,FS,Eating & Drinking,2022-09-09 18:38:45.48+00,6172279990,351949,42.3638499996038,-71.05146000153806
282,Birdies Hot Chicken,,245 Washington,Boston,MA,02108,Active,FT,Eating & Drinking w/ Take Out,2024-01-25 16:18:24.73+00,,144504,42.35792800025809,-71.058184000275
283,Birria Taqueria,,220 Columbia,Dorchester,MA,02121,Active,FT,Eating & Drinking w/ Take Out,2025-02-21 16:20:09.15+00,6175889599,35185,42.307590000432974,-71.0762900005258
284,Bistro du Midi,,272 Boylston,Boston,MA,02116,Active,FS,Eating & Drinking,2006-12-07 18:35:47+00,6174267878,157796,42.351859504409944,-71.06966980460682
285,Bitez,,914 Morton,Dorchester,MA,02124,Active,FT,Eating & Drinking w/ Take Out,2022-01-13 16:26:12.693+00,6178206485,351026,42.28071999992337,-71.08314000054096
286,Bittersweet Violet - Lower Level,,32 Cambridge,Charlestown,MA,02129,Active,FT,Eating & Drinking w/ Take Out,2022-10-28 15:07:14.347+00,6172248610,25110,42.383569999309664,-71.0743500017016
287,Blackbird,,100 Holton,Brighton,MA,02135,Active,FT,Eating & Drinking w/ Take Out,2018-04-25 15:17:46.847+00,6174829000,351912,42.36021804203562,-71.13853514949616
288,Blackbird Donuts,,1321 Boylston,Boston,MA,02215,Active,FT,Eating & Drinking w/ Take Out,2017-01-12 17:57:13.59+00,6174829000,354118,42.34465384321156,-71.09948485636042
289,Blackbird Doughnuts,,175 Cambridge,Boston,MA,02114,Active,FT,Eating & Drinking w/ Take Out,2020-03-13 14:11:57.183+00,6174829000,363091,42.362110000339804,-71.06588000116895
290,Blackbird Doughnuts & Sally's Sandwiches,,460 Tremont,Roxbury,MA,02118,Active,FT,Eating & Drinking w/ Take Out,2014-09-26 14:08:52.227+00,6177970333,156997,42.3459617317084,-71.06909936809753
291,Black Lamb,571 Tremont LLC,571 Tremont,Roxbury,MA,02118,Active,FS,Eating & Drinking,2019-05-14 16:59:55.707+00,6174708663,351697,42.343678999984945,-71.07262500179121
292,Blackmoor Bar & Kitchen,,1 Chelsea,Charlestown,MA,02129,Active,FS,Eating & Drinking,2015-11-16 16:26:28.44+00,6172123580,163254,42.371175459805414,-71.061385413516
293,Black Rose,,160 State,Boston,MA,02109,Active,FS,Eating & Drinking,2006-12-07 18:34:05+00,6177422286,130383,42.359440341480564,-71.05379015503046
294,Black Seed ,,140 Tremont,Boston,MA,02111,Active,FS,Eating & Drinking,2023-04-12 18:56:57.517+00,,156397,42.3556469648748,-71.06255902232732
295,Blake's Boston,,280 Friend,Boston,MA,02114,Active,FS,Eating & Drinking,2018-06-25 14:28:20.02+00,6177205544,344155,42.36485999955391,-71.0618500014585
296,Blank Street,,248 Newton,Boston,MA,02115,Active,FT,Eating & Drinking w/ Take Out,2025-12-30 16:31:29.21+00,6464512021,171610,42.34458665499081,-71.08084447646512
297,Blank Street,,282 Cambridge,Boston,MA,02114,Active,FT,Eating & Drinking w/ Take Out,2022-08-17 16:50:34.89+00,,363476,42.36095000016727,-71.06808000071214
298,Blank Street,,800 Boylston,Boston,MA,02199,Active,FT,Eating & Drinking w/ Take Out,2025-10-08 15:18:01.687+00,6464512021,157244,42.34729680482496,-71.0814574594804
299,Blank Street Coffee,,120 Causeway,Boston,MA,02114,Active,FT,Eating & Drinking w/ Take Out,2024-04-10 15:31:30.52+00,,423634,42.36594152291014,-71.0610042190779
300,Blank Street Coffee,,123 Pinckney,Boston,MA,02114,Active,FT,Eating & Drinking w/ Take Out,2022-10-13 16:25:54.42+00,6178701643,363575,42.35887999963487,-71.0705600012321
301,Blank Street Coffee,,489 Broadway,South Boston,MA,02127,Active,FT,Eating & Drinking w/ Take Out,2023-10-16 16:11:16.817+00,,20899,42.33527000014623,-71.04531000136562
302,Blank Street Coffee,,48 Broadway,South Boston,MA,02127,Active,FT,Eating & Drinking w/ Take Out,2024-11-08 15:41:25.017+00,,351547,42.34244716998184,-71.05596592090768
303,Blank Street Coffee,,647 Boylston,Boston,MA,02116,Active,FT,Eating & Drinking w/ Take Out,2022-09-20 18:15:31.007+00,6178701643,18361,42.35008000014327,-71.07841000190741
304,Blasi's Kitchen & Bar,,756 Adams,Dorchester,MA,02122,Active,FS,Eating & Drinking,2022-11-01 15:00:20.787+00,6178254566,958,42.283730000416696,-71.05536000138653
305,Blaze Pizza,,1282 Boylston,Boston,MA,02215,Active,FS,Eating & Drinking,2016-04-12 14:28:00.177+00,6172979585,347565,42.344642315185254,-71.09693971440501
306,Bleacher Bar,,70 Lansdowne,Boston,MA,02215,Active,FS,Eating & Drinking,2008-04-02 17:17:20+00,6172622424,156998,42.34700449291704,-71.0983218430101
307,Blend,,1310 DORCHESTER ,DORCHESTER,MA,02122,Active,FS,Eating & Drinking,2006-12-07 18:34:16+00,6172658846,,42.30590860127157,-71.05859954629553
308,Block @ Woods Hill,,300 Pier 4,Boston,MA,02210,Active,FS,Eating & Drinking,2024-05-09 16:02:03.997+00,,419459,42.35257993268984,-71.0422864103604
309,Blondie's,,458 Western,Brighton,MA,02135,Active,FS,Eating & Drinking,2024-08-06 12:18:34.343+00,7815201428,148210,42.36195000028167,-71.14221000101047
310,Blu,,4 Avery,Boston,MA,02111,Active,FS,Eating & Drinking,2014-10-22 18:53:19.893+00,6173578550,7254,42.35307000063928,-71.06292000169024
311,Blue Bottle Coffee,,163 Newbury,Boston,MA,02116,Active,FT,Eating & Drinking w/ Take Out,2019-07-31 15:39:22.817+00,,101369,42.35083999962928,-71.07879000040937
312,Blue Bottle Coffee,,43-61 Pier 4,Boston,MA,02210,Active,FT,Eating & Drinking w/ Take Out,2021-09-08 12:52:36.8+00,5106533394,439658,42.35006670298421,-71.04499889871157
313,Blue Bottle Coffee,,800 Boylston,Boston,MA,02199,Active,FS,Eating & Drinking,2017-10-23 17:57:18.05+00,,157244,42.34729680482496,-71.0814574594804
314,Blue Cross Blue Sheild of Ma. Cafe,,101 Huntington,Boston,MA,02199,Active,FS,Eating & Drinking,2013-11-15 17:40:18+00,6172464658,340845,42.346870451465,-71.08065551390263
315,Blue Hill House of Pizza,,161 Blue Hill,Roxbury,MA,02119,Active,FT,Eating & Drinking w/ Take Out,2018-11-09 17:30:04.937+00,6174450044,16335,42.319309999932265,-71.07795000129225
316,Blue Mountain Jamaican Restaurant,,1301 Blue Hill,Mattapan,MA,02126,Active,FT,Eating & Drinking w/ Take Out,2024-01-25 15:38:29.333+00,6175337255,437878,42.28003719541882,-71.0932759406305
317,Blue Nile,,389 Centre,Jamaica Plain,MA,02130,Active,FS,Eating & Drinking,2024-05-23 17:25:24.417+00,6175226453,352030,42.322280000105515,-71.10956000135205
318,Blue Ribbon Barbecue,,401 Park,Boston,MA,02215,Active,FT,Eating & Drinking w/ Take Out,2023-08-28 18:03:23.853+00,6172442200,156914,42.344449188410294,-71.10287028370084
319,Blue Ribbon Sushi,,500A Commonwealth,Boston,MA,02215,Active,FS,Eating & Drinking,2021-06-25 17:17:25.09+00,2122290404,422499,42.34849385820243,-71.09580840191721
320,Blue Sakura,,1103 Commonwealth,Allston,MA,02134,Active,FS,Eating & Drinking,2026-01-15 18:34:50.677+00,5168005888,163738,42.35188855285923,-71.12556841157779
321,BLUE STAR RESTAURANT,,11 Corinth,Roslindale,MA,02131,Active,FS,Eating & Drinking,2006-12-07 18:35:59+00,6173239638,42862,42.28641000004643,-71.13043000025303
322,Blunch,,59 EAST SPRINGFIELD,BOSTON,MA,02136,Active,FT,Eating & Drinking w/ Take Out,2007-12-05 20:00:08+00,6179057709,,42.33544118525923,-71.07473013063728
323,BO9/CO9/Y7,,4 Jersey,Boston,MA,02215,Active,FT,Eating & Drinking w/ Take Out,2011-03-08 14:03:12+00,6175366683,156417,42.346768333561606,-71.09864788266272
324,Boardeaux BOS,,52 High,Boston,MA,02110,Active,FS,Eating & Drinking,2024-05-31 15:14:31.307+00,8067861885,358031,42.35407999972123,-71.05574000106701
325,Boardwalk Southie,,309 D,South Boston,MA,02127,Active,FT,Eating & Drinking w/ Take Out,2022-08-18 15:09:24.33+00,6178204758,156426,42.3399816069043,-71.04924054411696
326,Bohemios Restaurant,,30 Bennington,East Boston,MA,02128,Active,FT,Eating & Drinking w/ Take Out,2015-12-11 18:52:33.537+00,6175617777,156396,42.37539077312376,-71.03801867607295
327,Bokados Restaurant,,1299 River,Hyde Park,MA,02136,Active,FT,Eating & Drinking w/ Take Out,2025-05-13 12:18:28.217+00,8572723108,116353,42.25586999976688,-71.12493000122488
328,Boloco,,48 Congress,Boston,MA,02109,Active,FT,Eating & Drinking w/ Take Out,2007-08-03 14:00:05+00,6172662200,42117,42.35797999970352,-71.05599000170561
329,BON,,22 Beacon,Boston,MA,02108,Active,FT,Eating & Drinking w/ Take Out,2025-03-13 16:02:55.463+00,6035607406,157525,42.357706329509405,-71.06289997015627
330,Bon Appetit Creperie,,100 Hanover,Boston,MA,02108,Active,FT,Eating & Drinking w/ Take Out,2018-05-24 18:12:21.013+00,6179734909,355634,42.36222403255521,-71.05753575641967
331,BON APPETIT RESTAURANT,,1138 Blue Hill,Dorchester,MA,02124,Active,FT,Eating & Drinking w/ Take Out,2006-12-07 18:34:16+00,6178255544,157568,42.285380246137045,-71.0907574295885
332,Bonchon Allston,,101 Brighton,Allston,MA,02134,Active,FS,Eating & Drinking,2012-02-08 16:03:55+00,6172548888,20067,42.35308144420537,-71.13062406224189
333,Boneyard Wings - K105,,94 Shirley,Roxbury,MA,02119,Active,FT,Eating & Drinking w/ Take Out,2025-09-08 12:11:51.35+00,5089349075,127222,42.32448468232285,-71.07021644447491
334,Bon Me,,100 Hanover,Boston,MA,02108,Active,FT,Eating & Drinking w/ Take Out,2015-06-18 14:55:14.283+00,6174707545,355634,42.36222403255521,-71.05753575641967
335,Bon Me,,441 Stuart,Boston,MA,02116,Active,FS,Eating & Drinking,2017-03-23 14:16:21.847+00,6175100924,131663,42.34862399997401,-71.07597200092839
336,Bon Me @ BPM,,300 Terminal,East Boston,MA,02128,Active,FT,Eating & Drinking w/ Take Out,2019-06-27 15:47:51.013+00,6176346097,341352,42.3666199526667,-71.016589349149
337,Bon Me Restaurant,,313 Congress,Boston,MA,02210,Active,FT,Eating & Drinking w/ Take Out,2014-04-22 18:08:01+00,6179421656,42097,42.3511099996848,-71.05020000157565
338,Bonne Chance Cafe,,77 Canal,Boston,MA,02114,Active,FS,Eating & Drinking,2010-07-22 12:19:57+00,6177423115,155876,42.36419693089706,-71.05952119324435
339,Bono Restaurant and Catering,,271 Meridian,East Boston,MA,02128,Active,FS,Eating & Drinking,2019-01-29 19:13:49.183+00,7818539424,158115,42.376300095164574,-71.03895947942247
340,BoostBerry,,21 Dry Dock,Boston,MA,02210,Active,FT,Eating & Drinking w/ Take Out,2026-06-18 17:05:24.57+00,6175797422,164542,42.344239512372,-71.03113360993106
341,Bootleg Special,,400 Tremont,Roxbury,MA,02118,Active,FS,Eating & Drinking,2017-08-01 15:21:51.147+00,6179016671,421270,42.34718676007447,-71.0684467751246
342,Boqueria,,25 Thomson,Boston,MA,02210,Active,FS,Eating & Drinking,2022-08-23 14:16:57.987+00,9173302070,355868,42.35091422088697,-71.04740595226723
343,Borrachito/The Garret Boston,,131 Seaport,Boston,MA,02210,Active,FS,Eating & Drinking,2022-03-24 15:38:10.32+00,2036448668,420769,42.35036232084565,-71.0437154967088
344,BOS' Sichuan Taste,,204 Harvard,Allston,MA,02134,Active,FS,Eating & Drinking,2021-06-29 16:01:31.55+00,6175667344,157764,42.34995804099909,-71.130478823487
345,Boston Ale House,,1885 Centre,West Roxbury,MA,02132,Active,FS,Eating & Drinking,2021-12-20 15:39:26.65+00,,401499,42.28594999994984,-71.15582000180187
346,BOSTON BACK BAY HILTON,,40 Dalton,Boston,MA,02115,Active,FS,Eating & Drinking,2024-12-17 15:31:36.97+00,6172361100,45831,42.34644999986885,-71.08526000198337
347,Boston Back Bay Hilton-Employee Cafeteria,,40 Dalton,Boston,MA,02115,Active,FS,Eating & Drinking,2024-12-17 15:36:05.76+00,6172361100,45831,42.34644999986885,-71.08526000198337
348,Boston Back Bay Hilton-Lobby Bar,,40 Dalton,Boston,MA,02115,Active,FS,Eating & Drinking,2024-12-17 15:41:03.14+00,6172361100,45831,42.34644999986885,-71.08526000198337
349,Boston Barbecue - Lower Level,,32 Cambridge,Charlestown,MA,02129,Active,FT,Eating & Drinking w/ Take Out,2026-01-14 17:41:53.643+00,9784069715,25110,42.383569999309664,-71.0743500017016
350,Boston Bowl,,820 WM T MORRISSEY ,DORCHESTER,MA,02122,Active,FS,Eating & Drinking,2006-12-07 18:33:55+00,6172879100,,42.293868732234884,-71.04626812553744
351,Boston Burger,,1100 Boylston,Boston,MA,02115,Active,FS,Eating & Drinking,2011-09-09 16:59:56+00,6175158752,17996,42.346842000230964,-71.0885060011098
352,Boston Celtics Practice Facility Dining,,38 Guest,Brighton,MA,02135,Active,FS,Eating & Drinking,2018-03-12 17:13:52.353+00,6175236050,421469,42.35756014859927,-71.14583509488197
353,Boston Chowda Co.,,300 FANEUIL HALL MARKET,BOSTON,MA,02109,Active,FT,Eating & Drinking w/ Take Out,2007-03-25 15:13:10+00,6177424441,,,
354,Boston College Dining Services-Room 146,,2599 Beacon,Brighton,MA,02135,Active,FT,Eating & Drinking w/ Take Out,2023-08-10 12:55:10.673+00,6175523307,341001,42.335016473004146,-71.16748306815339
355,BOSTON COLLEGE WALSH HALL,,150 ST THOMAS MOORE,Brighton,MA,02135,Active,FS,Eating & Drinking,2007-03-23 20:15:53+00,6175523181,,,
356,Boston Doner,,50 Causeway,Boston,MA,02114,Active,FT,Eating & Drinking w/ Take Out,2024-12-13 16:21:02.897+00,6175233000,340676,42.365708404451155,-71.06147827139706
357,Boston Elite,,60 Rowes Wharf,Downtown/Financial District,MA,02110,Active,FS,Eating & Drinking,2016-11-21 13:25:16.097+00,,,,
358,Boston Fried Chicken,,105 Bowdoin,Dorchester,MA,02121,Active,FS,Eating & Drinking,2024-02-29 15:53:30.337+00,,17400,42.29956999955053,-71.073670001219
359,Boston Fried Chicken,,998 Blue Hill,Dorchester,MA,02124,Active,FS,Eating & Drinking,2018-03-07 17:06:17.107+00,6174360077,351901,42.28986962680147,-71.08931764496425
360,Boston Fry House,,20 Kneeland,Boston,MA,02111,Active,FT,Eating & Drinking w/ Take Out,2026-07-20 19:15:36.59+00,,358725,42.35091000002132,-71.06207000149456
361,Boston Halal,,961 Commonwealth,Boston,MA,02215,Active,FS,Eating & Drinking,2024-03-28 16:40:48.743+00,,41311,42.35192000065102,-71.11908000158532
362,Boston Harbor Distillery,,12R Ericsson,Dorchester,MA,02122,Active,FS,Eating & Drinking,2021-06-25 15:28:01.867+00,7817101720,165026,42.292109436130694,-71.04103703584774
363,Boston Harbor Distillery,,500 Terminal E,East Boston,MA,02128,Active,FS,Eating & Drinking,2023-05-19 15:06:12.997+00,7818088354,420618,42.36990418192237,-71.01944758008003
364,Boston Harbor Distillery - 10' Event,,369 Atlantic,Boston,MA,02110,Active,FT,Eating & Drinking w/ Take Out,2026-04-21 14:19:41.843+00,6175337001,460699,42.356551118804795,-71.05094548739767
365,Boston Harbor Distillery - 10' Storage,,369 Atlantic,Boston,MA,02110,Active,FT,Eating & Drinking w/ Take Out,2026-04-21 14:15:30.687+00,6175337001,460699,42.356551118804795,-71.05094548739767
366,Boston Harbor Distillery - 20' Main,,369 Atlantic,Boston,MA,02110,Active,FT,Eating & Drinking w/ Take Out,2026-04-21 14:19:45.993+00,6175337001,460699,42.356551118804795,-71.05094548739767
367,Boston Harbor Hotel,,70 Rowes,Boston,MA,02110,Active,FS,Eating & Drinking,2026-07-16 12:43:19.237+00,6174397000,155693,42.35590681494772,-71.05016516789601
368,Boston Harbor Hotel Wharf Room,,40 Rowes,Boston,MA,02110,Active,FS,Eating & Drinking,2026-07-16 12:43:20.233+00,6174397000,169324,42.35670279282923,-71.04964426376783
369,Boston House of Pizza/Lunch Box,,940 AMER LEGION ,ROSLINDALE,MA,02131,Active,FT,Eating & Drinking w/ Take Out,2006-12-07 18:33:51+00,6173231010,,42.27447225534926,-71.1151710938415
370,Bostonia Public House,,131 State,Boston,MA,02109,Active,FS,Eating & Drinking,2014-01-15 17:19:25+00,8572103912,130372,42.359160017743285,-71.05429182337163
371,Boston Kitchen Pizza,,707 Washington,Boston,MA,02116,Active,FT,Eating & Drinking w/ Take Out,2009-10-23 15:30:15+00,6174709899,145758,42.351069999462545,-71.06308000115047
372,Boston Living Center,,29 Stanhope,Boston,MA,02116,Active,FS,Eating & Drinking,2006-12-07 18:34:49+00,6172361012,155946,42.34857915465181,-71.07304001261292
373,Boston Lodge of Elks #10,,1 Morrell,West Roxbury,MA,02132,Active,FS,Eating & Drinking,2020-08-18 15:43:59.007+00,6173271618,97474,42.27365999998895,-71.16930000070643
374,BOSTON & MAINE FISH CO.,,200 Faneuil Hall Market,Boston,MA,02109,Active,FT,Eating & Drinking w/ Take Out,2007-03-07 16:11:43+00,6175902205,,,
375,Boston Marriott Longwharf,,296 State,Boston,MA,02110,Active,FS,Eating & Drinking,2006-12-07 18:35:01+00,6172270800,130424,42.36021436884478,-71.05067647432195
376,Boston Marriott Long Wharf - FS,,296 State,Boston,MA,02110,Active,FS,Eating & Drinking,2006-12-07 18:35:01+00,6172270800,130424,42.36021436884478,-71.05067647432195
377,Boston Medical Center,,830 Harrison,Roxbury,MA,02118,Active,FT,Eating & Drinking w/ Take Out,2018-12-12 15:18:01.57+00,6176388000,341783,42.335273295982056,-71.07295859617686
378,Boston Medical Center Brighton,,736 Cambridge,Brighton,MA,02135,Active,FS,Eating & Drinking,2026-01-23 16:01:45.683+00,6177893000,156980,42.349573893304694,-71.14797912905065
379,Boston Medical Center (Shapiro Bldg.),,830 Harrison,Roxbury,MA,02118,Active,FS,Eating & Drinking,2010-02-19 15:41:31+00,6174147003,341783,42.335273295982056,-71.07295859617686
380,Boston News Cafe,,260 Franklin,Boston,MA,02110,Active,FT,Eating & Drinking w/ Take Out,2023-05-03 16:30:57.87+00,6173067954,358107,42.3569300000236,-71.05399000102841
381,Boston News Cafe,,28 State,Boston,MA,02108,Active,FS,Eating & Drinking,2010-10-21 12:57:31+00,6173067954,130422,42.35916019028924,-71.05743145957486
382,Boston News Cafe (90 Arch St.),,90 Arch,Boston,MA,02110,Active,FT,Eating & Drinking w/ Take Out,2011-11-10 15:16:46+00,6173067954,340648,42.35473242176599,-71.05836826232482
383,Boston Opera House,,539 Washington,Boston,MA,02111,Active,FT,Eating & Drinking w/ Take Out,2009-09-30 16:49:55+00,6172610065,157344,42.35398643923792,-71.06234657586843
384,Boston Park Plaza Employee Cafeteria(3rdFl),,50 Park,Boston,MA,02116,Active,FS,Eating & Drinking,2010-12-20 13:23:30+00,6174262000,157315,42.35125131844425,-71.06937509151477
385,Boston Park Plaza (Main Kitchen/Room Serv.),,50 Park,Boston,MA,02116,Active,FS,Eating & Drinking,2010-12-20 13:36:34+00,6174262000,157315,42.35125131844425,-71.06937509151477
386,Boston Pizza & Grill,,533 Columbia,Dorchester,MA,02125,Active,FT,Eating & Drinking w/ Take Out,2013-07-26 14:57:30+00,6172166302,163553,42.315880605153886,-71.06602147549674
387,Boston Restaurant Bar & Grill,,1251 River,Hyde Park,MA,02136,Active,FS,Eating & Drinking,2023-09-25 14:45:27.143+00,6174209044,116347,42.25605000016752,-71.1234500006784
388,BOSTON SAIL LOFT,,80 Atlantic,Boston,MA,02110,Active,FS,Eating & Drinking,2006-12-07 18:34:16+00,6172277280,156482,42.362520009993915,-71.050720712223
389,Boston Shawarma,,315 Huntington,Boston,MA,02115,Active,FS,Eating & Drinking,2009-03-11 13:14:26+00,6176700460,,,
390,Boston Soup Dumplings,,113 Brighton,Allston,MA,02134,Active,FS,Eating & Drinking,2023-01-04 19:50:32.74+00,6172023868,351861,42.353020000151425,-71.1305200014605
391,Boston Sweet Cravings,,1 Faneuil Hall,Boston,MA,02109,Active,FT,Eating & Drinking w/ Take Out,2025-05-19 18:22:33.99+00,6176991518,154256,42.36003829309836,-71.05622870119964
392,Boston Symphony Orchestra,,301 MASSACHUSETTS ,BOSTON,MA,02115,Active,FT,Eating & Drinking w/ Take Out,2006-12-07 18:34:07+00,6176389241,,42.34283538473705,-71.08568864918958
393,Boston Tasty Chicken,,1251 River,Hyde Park,MA,02136,Active,FT,Eating & Drinking w/ Take Out,2025-12-16 15:31:58.433+00,6173610709,413523,42.25605000016752,-71.1234500006784
394,Boston Yacht Haven,,87 COMMERCIAL WHARF,BOSTON,MA,02110,Active,FS,Eating & Drinking,2008-09-15 19:27:04+00,6173675050,,42.36177075592922,-71.04949969065832
395,Bottega Del Sud,,645 Second,South Boston,MA,02127,Active,FT,Eating & Drinking w/ Take Out,2024-06-11 17:06:22.87+00,7816562505,158154,42.33718111534602,-71.03729565907832
396,BOURBON ST. CAFE,,417 Washington,Boston,MA,02108,Active,FT,Eating & Drinking w/ Take Out,2006-12-07 18:35:09+00,4518032,157146,42.35583082117818,-71.06040079012439
397,Bourbon Street Cafe,,350 Longwood,Boston,MA,02115,Active,FT,Eating & Drinking w/ Take Out,2008-03-14 15:16:18+00,6175665204,156578,42.33817999970623,-71.10648000164196
398,BPL Newsfeed Cafe,,700 Boylston,Boston,MA,02116,Active,FS,Eating & Drinking,2009-05-01 12:37:16+00,7819829333,156199,42.349231021236314,-71.0786586590845
399,Brannellys Cafe,,4432 Washington,Roslindale,MA,02131,Active,FS,Eating & Drinking,2006-12-07 18:33:56+00,6173236700,157364,42.280307970259,-71.13445550251684
400,Brassica Kitchen,,3712 Washington,Jamaica Plain,MA,02130,Active,FS,Eating & Drinking,2024-03-20 16:56:24.48+00,8572313002,171157,42.30005606681908,-71.1132116932529
401,Brassica Kitchen & Cafe,,3710 Washington,Jamaica Plain,MA,02130,Active,FS,Eating & Drinking,2015-01-08 13:15:59.78+00,,144975,42.300256310006034,-71.113100059104
402,Bread Thyme,,1868 Centre,West Roxbury,MA,02132,Active,FS,Eating & Drinking,2024-07-22 16:53:16.713+00,6179998875,27744,42.28587999977696,-71.1550600013958
403,BREADWINNERS/STARBUCK'S,,595 Commonwealth,Boston,MA,02215,Active,FT,Eating & Drinking w/ Take Out,2006-12-07 18:34:50+00,6173532947,155950,42.34958364181633,-71.09978558966988
404,Bred,,2255 Dorchester,Dorchester,MA,02124,Active,FT,Eating & Drinking w/ Take Out,2014-12-02 17:24:16.053+00,6178920231,351621,42.27339000032178,-71.06795000189955
405,Breeze,,130 Jersey,Boston,MA,02215,Active,FT,Eating & Drinking w/ Take Out,2017-11-17 17:17:55.02+00,,79709,42.34242000009474,-71.09657000093216
406,Brendan Behan Pub,,378 Centre,Jamaica Plain,MA,02130,Active,FS,Eating & Drinking,2007-05-23 17:20:22+00,6176978964,28013,42.32199000030486,-71.10926000134937
407,Brewer's Fork,,29 Bunker Hill,Charlestown,MA,02129,Active,FS,Eating & Drinking,2014-01-13 18:29:52+00,8575443502,350644,42.37666598340665,-71.05651445761534
408,BRICCO Restaurant/Bakery,,239 Hanover,Boston,MA,02113,Active,FS,Eating & Drinking,2006-12-07 18:34:49+00,6178809919,155944,42.36308375431807,-71.05495638156415
409,Brick Street Bagels,,371 Broadway,South Boston,MA,02127,Active,FT,Eating & Drinking w/ Take Out,2025-08-21 15:47:43.153+00,8022752146,158322,42.33773262010149,-71.0495413636034
410,BRIGHAM CIRCLE CHINESE FOOD,,728 Huntington,Mission Hill,MA,02120,Active,FT,Eating & Drinking w/ Take Out,2015-01-23 16:02:09.14+00,6172782000,155913,42.33379342865172,-71.10513889572692
411,Brighams & Womens Hospital - Tower Cafe,,75 Francis,Boston,MA,02115,Active,FS,Eating & Drinking,2006-12-07 18:34:01+00,6177235269,158148,42.33604286181242,-71.10738752281475
412,Brigham & Womens Coffee Connection,,75 Francis,Boston,MA,02115,Active,FT,Eating & Drinking w/ Take Out,2007-04-11 21:02:03+00,6177235269,158148,42.33604286181242,-71.10738752281475
413,BRIGHAM & WOMENS FAULKNER HOSPITAL,,1153 CENTRE,JAMAICA PLAIN,MA,02130,Active,FS,Eating & Drinking,2006-12-07 18:33:55+00,6179837265,,42.30137973018212,-71.1280786179209
414,Bright Arena/Briggs Cage,,79 NORTH HARVARD,ALLSTON,MA,02134,Active,FS,Eating & Drinking,2006-12-07 18:34:08+00,4992700,,,
415,Bright-Landry Arena Briggs Cafe,,65 Harvard,Allston,MA,02163,Active,FT,Eating & Drinking w/ Take Out,2014-10-22 16:12:08.543+00,,168215,42.36750373294184,-71.12593098142989
416,Brighton Bodega,,328 Washington,Brighton,MA,02135,Active,FS,Eating & Drinking,2016-10-04 16:49:38.337+00,,143518,42.34886999953723,-71.15216200101915
417,BRIGHTON CAFE,,1597 COMMONWEALTH ,BRIGHTON,MA,02135,Active,FT,Eating & Drinking w/ Take Out,2006-12-07 18:35:48+00,6177874244,,42.34407101849571,-71.1432083684689
418,BRIGHTON HOUSE OF PIZZA,,218 Market,Brighton,MA,02135,Active,FT,Eating & Drinking w/ Take Out,2014-09-26 13:16:08.45+00,6172540938,167411,42.35507383635502,-71.14953919384182
419,Brighton Music Hall,,156 Brighton,Allston,MA,02134,Active,FS,Eating & Drinking,2011-01-11 20:38:56+00,6177780089,155890,42.35284599785797,-71.13255961222882
420,Brighton Sushi and Fry,,1581 Commonwealth,Brighton,MA,02135,Active,FT,Eating & Drinking w/ Take Out,2025-09-24 15:18:26.17+00,6176502968,37882,42.34431500020129,-71.14302500098707
421,Broadside,,99 broad,BOSTON,MA,02109,Active,FS,Eating & Drinking,2016-05-13 12:31:15.273+00,6173578287,,,
422,Broadway Golf Club,,423 Broadway,South Boston,MA,02127,Active,FS,Eating & Drinking,2023-05-01 18:20:13.317+00,,388599,42.33652000044214,-71.04773000140767
423,Broadway Pastry,,258 Broadway,South Boston,MA,02127,Active,FT,Eating & Drinking w/ Take Out,2015-07-31 17:14:25.363+00,6172682253,21413,42.339419999338325,-71.0514100016471
424,BROADWAY'S BEST PIZZA,,483 Broadway,South Boston,MA,02127,Active,FT,Eating & Drinking w/ Take Out,2019-08-19 19:09:07.67+00,6172681228,156388,42.33527481584469,-71.04559030218519
425,Broken Records Beer Hall,,67 Guest,Brighton,MA,02135,Active,FS,Eating & Drinking,2021-09-20 14:08:37.757+00,,437714,42.356352098210735,-71.144848708501
426,Broken Rice,,224 Newbury,Boston,MA,02116,Active,FT,Eating & Drinking w/ Take Out,2024-09-03 14:41:04.86+00,4157389515,101441,42.34972980400916,-71.0811551860116
427,Broken Rice,,7 Beach,Boston,MA,02111,Active,FS,Eating & Drinking,2025-10-10 17:42:43.72+00,7157389515,351633,42.35138427940127,-71.06231669167732
428,Brother's Deli Restaurant,,1636 Blue Hill,Mattapan,MA,02126,Active,FS,Eating & Drinking,2025-03-13 18:40:14.363+00,6172985224,16341,42.26824400037327,-71.09337800126092
429,Brown Brothers Harriman & Co.,,185 Franklin,Boston,MA,02110,Active,FS,Eating & Drinking,2013-01-11 15:26:43+00,6177721818,60662,42.35539999922405,-71.0548200009276
430,BROWN SUGAR CAFE,,1033 Commonwealth,Boston,MA,02134,Active,FS,Eating & Drinking,2021-08-17 18:41:56.68+00,6177874242,157617,42.35229170503244,-71.12170808242345
431,Bruegger's,,667 VFW,West Roxbury,MA,02132,Active,FT,Eating & Drinking w/ Take Out,2008-02-14 15:39:23+00,6178439781,,,
432,BRUEGGER'S BAGEL BAKERY,,375 LONGWOOD ,BOSTON,MA,02115,Active,FT,Eating & Drinking w/ Take Out,2006-12-07 18:34:39+00,6178439781,,42.338409370877564,-71.10684849730374
433,Bruins Bar,,1 Harborside,East Boston,MA,02128,Active,FS,Eating & Drinking,2018-06-06 14:30:58.92+00,7163679342,155970,42.36340869696607,-71.02569880822675
434,BSMNT,,100 Stuart,Boston,MA,02116,Active,FS,Eating & Drinking,2024-08-26 12:59:30.857+00,6173384343,131637,42.35086929763749,-71.06550219126913
435,B/SPOKE,,54 Old Colony,South Boston,MA,02127,Active,FT,Eating & Drinking w/ Take Out,2022-02-09 16:22:11.4+00,6179519900,105094,42.33653375999459,-71.05594305398527
436,BTM Cafe,,60 Fenwood,Boston,MA,02115,Active,FS,Eating & Drinking,2016-08-22 18:14:33.827+00,6177327493,347439,42.33532737006638,-71.10839968892073
437,BU 4thFl SCHOOL OF MGMT,,595 Commonwealth,Boston,MA,02215,Active,FS,Eating & Drinking,2006-12-07 18:35:42+00,6173532947,155950,42.34958364181633,-71.09978558966988
438,Bubble Bath,,100 High,Boston,MA,02110,Active,FS,Eating & Drinking,2019-11-25 18:27:03.057+00,6174256262,342934,42.354465446258,-71.05529865229609
439,Bubble Bath Back Bay (Bar) @ CitizenM Hotel,,1001 Boylston,Boston,MA,02215,Active,FS,Eating & Drinking,2025-07-21 15:06:19.56+00,8454300554,439501,42.347280032727845,-71.08846481875297
440,BU CONF. CTR. SCHOOL OF MGMENT8th/9th,,595 COMMONWEALTH ,BOSTON,MA,02215,Active,FT,Eating & Drinking w/ Take Out,2006-12-07 18:34:50+00,6173532947,,42.34943784950979,-71.09810862556171
441,B.U.Dining Srvices-1st fl.,,100 Bay State,Boston,MA,02215,Active,FS,Eating & Drinking,2011-09-20 19:16:01+00,6173532947,342937,42.349887768279956,-71.0978969221495
442,B.U.Dining Srvices-2nd fl.,,100 Bay State,Boston,MA,02215,Active,FS,Eating & Drinking,2011-09-20 19:19:37+00,6173532947,342937,42.349887768279956,-71.0978969221495
443,B. U. Einsteins Bagels,,685 Commonwealth,Boston,MA,02215,Active,FT,Eating & Drinking w/ Take Out,2006-12-07 18:34:57+00,6173532947,157907,42.35013423530473,-71.10454667552207
444,Buffalo Wild Wings Go/Sp. AS2-A18,,100 Terminal,East Boston,MA,02128,Active,FT,Eating & Drinking w/ Take Out,2024-02-29 18:49:31.813+00,,341357,42.364539860564015,-71.02181743285618
445,B.U. George Sherman Union,,775 COMMONWEALTH ,BOSTON,MA,02215,Active,FS,Eating & Drinking,2006-12-07 18:34:22+00,6173532947,,42.350737072767906,-71.10882138950716
446,Bukowski Tavern,,50 Dalton,Boston,MA,02115,Active,FS,Eating & Drinking,2020-08-03 13:08:47.18+00,6174379999,45832,42.34706500048197,-71.08564300079891
447,Bulfinch Crossing - 11th Fl. Happy Hour Bar,,1 Congress,Boston,MA,02114,Active,FS,Eating & Drinking,2021-06-11 16:03:49.04+00,2017253568,355386,42.362632716568356,-71.06002361930098
448,Bulfinch Crossing - 11th fl. Market Place,,1 Congress,Boston,MA,02114,Active,FT,Eating & Drinking w/ Take Out,2021-06-11 16:07:08.42+00,2017253568,355386,42.362632716568356,-71.06002361930098
449,Bulfinch Crossing - Lobby Cafe,,1 Congress,Boston,MA,02114,Active,FT,Eating & Drinking w/ Take Out,2021-06-11 16:12:42.893+00,2017253568,355386,42.362632716568356,-71.06002361930098
450,Bulfinch Social at Boxer Hotel,,105 Merrimac,Boston,MA,02114,Active,FS,Eating & Drinking,2025-09-30 12:35:16.56+00,6176240202,167651,42.363881845634964,-71.06239850639868
451,Bunker Hill Knights of Columbus #62,,545 Medford,Charlestown,MA,02129,Active,FS,Eating & Drinking,2020-11-12 19:19:26.32+00,6172418697,93789,42.3839300003728,-71.07064000140555
452,B.U. PUB,,225 BAY STATE,BOSTON,MA,02215,Active,FS,Eating & Drinking,2006-12-07 18:34:22+00,6173532947,,42.35091247775286,-71.10394811173873
453,Burger King,,100 Washington,Dorchester,MA,02121,Active,FT,Eating & Drinking w/ Take Out,2006-12-07 18:33:58+00,6174271535,,,
454,Burger King,,1200 Dorchester,Dorchester,MA,02125,Active,FT,Eating & Drinking w/ Take Out,2013-01-28 18:36:18+00,6172689071,48259,42.309265630106246,-71.0577526222318
455,Burger King,,128 Tremont,Boston,MA,02108,Active,FT,Eating & Drinking w/ Take Out,2006-12-07 18:35:02+00,6172473763,136812,42.356314088705716,-71.06192049046794
456,Burger King,,1 Maverick,East Boston,MA,02128,Active,FT,Eating & Drinking w/ Take Out,2010-09-23 17:11:47+00,6172473763,156456,42.368832939659825,-71.03932788861812
457,Burger King,,210 Brighton,Allston,MA,02134,Active,FT,Eating & Drinking w/ Take Out,2013-01-28 18:36:20+00,6172689071,157852,42.353018344903774,-71.1349781373962
458,Burger King,,280 Broadway,South Boston,MA,02127,Active,FT,Eating & Drinking w/ Take Out,2013-01-28 18:35:54+00,6172689071,157466,42.33921998020052,-71.05095851024612
459,Burger King,,885 CUMMINS ,MATTAPAN,MA,02126,Active,FT,Eating & Drinking w/ Take Out,2006-12-07 18:33:57+00,6172473763,,42.26820389556849,-71.09577909188151
460,Burger King,,892 River,Hyde Park,MA,02136,Active,FT,Eating & Drinking w/ Take Out,2018-08-30 13:43:32.463+00,4016418014,352207,42.26203178913195,-71.10856865936046
461,Burger King,,944 Bennington,East Boston,MA,02128,Active,FT,Eating & Drinking w/ Take Out,2006-12-07 18:34:37+00,5698755,155885,42.38616686017214,-71.00953059258804
462,Burger King # 3483,,1610 VFW,West Roxbury,MA,02132,Active,FT,Eating & Drinking w/ Take Out,2013-02-14 19:12:39+00,6173238739,157719,42.26588919305863,-71.16795121693063
463,Burger King # 3531,,4594 Washington,Roslindale,MA,02131,Active,FT,Eating & Drinking w/ Take Out,2013-02-14 19:17:32+00,6173238739,158174,42.27597708002676,-71.13916151460961
464,Burg & Shaw,,80 Boylston,Boston,MA,02116,Active,FT,Eating & Drinking w/ Take Out,2025-02-20 17:00:13.2+00,8577015301,155859,42.35222576580822,-71.06490969394378
465,Burritos Pizzeria,,1280 Hyde Park,Hyde Park,MA,02136,Active,FT,Eating & Drinking w/ Take Out,2008-05-19 12:13:40+00,6173641113,,,
466,Buttermilk & Bourbon,,160 Commonwealth,Boston,MA,02116,Active,FS,Eating & Drinking,2006-12-07 18:36:23+00,6172661122,37896,42.351280000028396,-71.07865000084806
467,"Butter ""UR"" Biscuit",,21 Dry Dock,Boston,MA,02210,Active,FT,Eating & Drinking w/ Take Out,2025-08-25 14:13:32.013+00,9784147516,164542,42.344239512372,-71.03113360993106
468,B.U. WARREN TOWER CAFE,,700 COMMONWEALTH ,BOSTON,MA,02115,Active,FS,Eating & Drinking,2006-12-07 18:34:22+00,6173532947,,42.34918401907452,-71.10404031739364
469,B.U. WEST CAMPUS,,278 Babcock,Allston,MA,02134,Active,FS,Eating & Drinking,2006-12-07 18:34:22+00,6173532947,7411,42.35320000013722,-71.12210000129586
470,C01/B01/Y01,,4 Jersey,Boston,MA,02215,Active,FT,Eating & Drinking w/ Take Out,2007-04-27 22:55:19+00,,156417,42.346768333561606,-71.09864788266272
471,C11,,4 Jersey,Boston,MA,02215,Active,FT,Eating & Drinking w/ Take Out,2008-11-16 16:06:12+00,7742054363,424258,42.34673007807398,-71.0986629781914
472,C12/B12,,4 Jersey,Boston,MA,02215,Active,FT,Eating & Drinking w/ Take Out,2008-11-16 16:08:02+00,7742054363,424258,42.34673007807398,-71.0986629781914
473,C13/B13,,4 Jersey,Boston,MA,02215,Active,FT,Eating & Drinking w/ Take Out,2008-11-16 16:09:06+00,7742054363,424258,42.34673007807398,-71.0986629781914
474,C15/B15,,4 Jersey,Boston,MA,02215,Active,FT,Eating & Drinking w/ Take Out,2008-11-16 16:13:26+00,7742054363,424258,42.34673007807398,-71.0986629781914
475,C16/B16,,4 Jersey,Boston,MA,02215,Active,FT,Eating & Drinking w/ Take Out,2007-04-27 22:56:33+00,,424258,42.34673007807398,-71.0986629781914
476,C17/B17,,4 Jersey,Boston,MA,02215,Active,FT,Eating & Drinking w/ Take Out,2008-11-16 16:14:22+00,7742054363,424258,42.34673007807398,-71.0986629781914
477,CABANA GRILL,,254 Bennington,East Boston,MA,02128,Active,FS,Eating & Drinking,2019-10-03 18:51:17.65+00,6175610833,352108,42.37861000035247,-71.02936000098086
478,Cacao,,450 Massachusetts,Roxbury,MA,02118,Active,FT,Eating & Drinking w/ Take Out,2023-10-18 19:03:29.683+00,,439713,42.34053399134245,-71.08131908524777
479,Cacao,,64 Broad,Boston,MA,02110,Active,FT,Eating & Drinking w/ Take Out,2023-12-20 17:59:42.423+00,6179708030,351874,42.35785820015452,-71.05335416162217
480,Cactus Club Cafe,,500 Boylston,Boston,MA,02116,Active,FS,Eating & Drinking,2024-05-22 14:19:09.043+00,,18333,42.35053000034381,-71.07390000167878
481,Cactus Grill,,42 Maverick,East Boston,MA,02128,Active,FT,Eating & Drinking w/ Take Out,2007-08-07 16:52:28+00,7812670283,92887,42.37013999972831,-71.03916000183173
482,Cafe 1924 @ Mass Financial Services,,111 Huntington,Boston,MA,02199,Active,FS,Eating & Drinking,2021-05-17 18:35:29.91+00,6179545000,76239,42.34707959977032,-71.08192251456812
483,Cafe 24,,24 Fenway,Boston,MA,02115,Active,FT,Eating & Drinking w/ Take Out,2014-08-18 16:46:19.92+00,6177472712,57434,42.345889999878615,-71.09007000117467
484,Cafe 26,,26 Temple,Boston,MA,02111,Active,FT,Eating & Drinking w/ Take Out,2012-05-17 13:27:31+00,6175151080,134063,42.355366237718634,-71.06205441903545
485,Cafe 472,,472 Commonwealth,Boston,MA,02215,Active,FT,Eating & Drinking w/ Take Out,2011-05-03 12:28:35+00,6172364949,40985,42.34854999918603,-71.09367000125441
486,Cafe 939,,939 Boylston,Boston,MA,02115,Active,FT,Eating & Drinking w/ Take Out,2007-10-04 16:25:35+00,6177472712,158135,42.34823894964964,-71.08505027769888
487,Cafe Amalfi,,2 Battery,Boston,MA,02109,Active,FS,Eating & Drinking,2018-08-22 18:25:50.14+00,6179364760,172851,42.3673575758229,-71.05032934655416
488,Cafe Amaro,,319 Hanover,Boston,MA,02113,Active,FS,Eating & Drinking,2016-04-11 15:11:43.573+00,6175435650,155821,42.36403848334723,-71.05400893672007
489,Cafe Bonjour,,55 Temple,Boston,MA,02111,Active,FT,Eating & Drinking w/ Take Out,2018-08-02 15:29:53.777+00,,134076,42.354922340348764,-71.06170779138576
490,Cafe Darq,,40 Beach,Boston,MA,02111,Active,FT,Eating & Drinking w/ Take Out,2021-09-09 15:07:29.977+00,,358893,42.3516400002713,-71.06159000111181
491,Cafe GiGu,,102 Meridian,East Boston,MA,02128,Active,FS,Eating & Drinking,2023-08-15 18:22:29.69+00,6175614448,94386,42.37272999993997,-71.03920000181846
492,Cafe Juice Up,,1290 Blue Hill,Mattapan,MA,02126,Active,FT,Eating & Drinking w/ Take Out,2019-08-13 12:02:51.257+00,7812670173,16226,42.27959800024268,-71.09268600081604
493,Cafe Landwer,,383 Chestnut Hill,Brighton,MA,02135,Active,FS,Eating & Drinking,2017-12-21 16:13:10.537+00,6177759634,419371,42.33511586293148,-71.15061077837845
494,Cafe Landwer,,651 Boylston,Boston,MA,02116,Active,FS,Eating & Drinking,2021-07-13 19:10:31.487+00,,348492,42.35005999969791,-71.07850000127446
495,Cafe Landwer,,900 Beacon,Boston,MA,02215,Active,FS,Eating & Drinking,2017-06-19 15:33:50.827+00,6177759634,12379,42.34679000070222,-71.10573000082769
496,Cafe La Paz,,101 Huntington,Jamaica Plain,MA,02130,Active,FT,Eating & Drinking w/ Take Out,2025-01-24 15:16:45.03+00,7274804684,420847,42.32954260993336,-71.1113684272827
497,Cafe Lava & Bento,,290 Washington,Brighton,MA,02135,Active,FS,Eating & Drinking,2023-09-18 18:34:50.86+00,6173966255,143504,42.34883551355663,-71.15099684951647
498,CAFE MIRROR,,362 Washington,Brighton,MA,02135,Active,FT,Eating & Drinking w/ Take Out,2006-12-07 18:36:00+00,6177799662,157507,42.34895981902762,-71.15359814466669
499,CAFENATION,,378 Washington,Brighton,MA,02135,Active,FS,Eating & Drinking,2020-09-14 15:21:06.287+00,6177834514,143531,42.34898268370536,-71.15418411150668
500,Cafe Noodo,,1 Nashua,Boston,MA,02114,Active,FS,Eating & Drinking,2025-04-29 17:49:39.353+00,5854516393,347406,42.36593808263721,-71.06329249059569
501,CAFE POLONIA,,611 Dorchester,South Boston,MA,02127,Active,FS,Eating & Drinking,2006-12-07 18:35:40+00,6172690110,156768,42.32878879184939,-71.05710863090479
502,CAFE PORTO BELLO,,672 Broadway,South Boston,MA,02127,Active,FS,Eating & Drinking,2006-12-07 18:34:45+00,6172697680,21122,42.335799999957366,-71.03763000134606
503,Cafe Presto,,1 Hotel,East Boston,MA,02128,Active,FT,Eating & Drinking w/ Take Out,2016-11-14 18:16:56.623+00,6175686700,,,
504,Cafe Sauvage,,25 Massachusetts,Boston,MA,02115,Active,FT,Eating & Drinking w/ Take Out,2021-09-27 18:31:47.533+00,,158381,42.350497000301964,-71.08957500091124
505,Cafe Selah,,615 Centre,Jamaica Plain,MA,02130,Active,FT,Eating & Drinking w/ Take Out,2026-03-25 13:37:36.103+00,7816500829,28139,42.314349999996075,-71.11429000146077
506,Cafe Siete,,597 Centre,Jamaica Plain,MA,02130,Active,FS,Eating & Drinking,2024-04-24 14:38:00.837+00,6174770007,28129,42.31489999950725,-71.11427000136781
507,Cafe SuSu,,240A Newbury,Boston,MA,02116,Active,FS,Eating & Drinking,2017-11-27 15:14:46.813+00,3476945321,101454,42.3494528425631,-71.08223683668638
508,Cafeteria @ BHCC,,250 Rutherford,Charlestown,MA,02129,Active,FS,Eating & Drinking,2023-06-23 13:22:32.2+00,,395006,42.37546689963688,-71.06944411668239
509,Cafe Weekend,,120 Harvard,Allston,MA,02134,Active,FS,Eating & Drinking,2022-01-28 13:45:36.223+00,6178355421,355250,42.352523999861425,-71.13174200151005
510,Caffe Alanno - Lower Level,,32 Cambridge,Charlestown,MA,02129,Active,FT,Eating & Drinking w/ Take Out,2024-05-07 18:26:37.657+00,3392270419,25110,42.383569999309664,-71.0743500017016
511,Caffe Bene,,333 Massachusetts,Boston,MA,02115,Active,FS,Eating & Drinking,2014-01-28 14:07:51+00,7188082660,271270,42.34223999989077,-71.08468000154136
512,Caffe Dello Sport,,308 HANOVER,BOSTON,MA,02113,Active,FS,Eating & Drinking,2006-12-07 18:34:02+00,6175235063,,,
513,Caffe Dello Sport Eastie,,973 Saratoga,East Boston,MA,02128,Active,FT,Eating & Drinking w/ Take Out,2025-03-31 13:11:55.62+00,6179682214,122902,42.38667000059593,-71.00780000098533
514,Caffe Lil Italy,,178 Salem,Boston,MA,02113,Active,FS,Eating & Drinking,2011-01-21 17:48:37+00,6172271303,121822,42.36651999995406,-71.05478000168003
515,Caffe Nero,,100 Huntington,Boston,MA,02116,Active,FS,Eating & Drinking,2019-04-25 20:44:55.75+00,6172458902,254511,42.34717362212503,-71.07802363047905
516,Caffe Nero,,100 Huntington,Boston,MA,02116,Active,FT,Eating & Drinking w/ Take Out,2019-06-27 19:58:06.57+00,6172458902,254511,42.34717362212503,-71.07802363047905
517,Caffe Nero,,103 Newbury,Boston,MA,02116,Active,FT,Eating & Drinking w/ Take Out,2023-04-27 13:50:41.01+00,5088084037,367572,42.35175999980426,-71.07546000136047
518,Caffe Nero,,1047 Commonwealth,Boston,MA,02134,Active,FS,Eating & Drinking,2017-02-27 16:04:00.777+00,,36982,42.352380000227896,-71.12258000110349
519,Caffe Nero,,10 Summer,Boston,MA,02110,Active,FS,Eating & Drinking,2016-06-30 17:54:34.117+00,6172458902,352683,42.35541816090066,-71.059905500204
520,Caffe Nero,,189 Massachusetts,Boston,MA,02115,Active,FS,Eating & Drinking,2018-01-23 18:29:55.907+00,6172458902,92019,42.34531000081049,-71.08717000082132
521,Caffe Nero,,354 Longwood,Boston,MA,02215,Active,FT,Eating & Drinking w/ Take Out,2015-01-22 14:53:08.943+00,6172458902,343104,42.33898734240272,-71.10769427415768
522,Caffe Nero,,370 Congress,Boston,MA,02127,Active,FT,Eating & Drinking w/ Take Out,2015-12-16 16:40:24.017+00,6176186436,,,
523,Caffe Nero,,3 Center,Boston,MA,02114,Active,FS,Eating & Drinking,2018-02-08 18:24:02.48+00,6172458904,423142,42.36038303593154,-71.06081736903701
524,Caffe Nero,,416 Broadway,South Boston,MA,02127,Active,FS,Eating & Drinking,2017-03-22 18:17:03.697+00,6172458959,388583,42.33689787747754,-71.04739818528999
525,Caffe Nero,,443 Boylston,Boston,MA,02116,Active,FT,Eating & Drinking w/ Take Out,2024-12-12 18:52:45.39+00,6172458959,18328,42.35156100002254,-71.07302200155758
526,Caffe Nero,,53 Union,Roxbury,MA,02118,Active,FT,Eating & Drinking w/ Take Out,2015-05-20 13:10:52.547+00,6172458904,139378,42.34354841993954,-71.07203351427495
527,Caffe Nero,,558 Washington,Boston,MA,02111,Active,FS,Eating & Drinking,2014-01-13 13:27:52+00,5085055736,351927,42.35337846645107,-71.06197942970951
528,Caffe Nero,,57 Northern,Boston,MA,02210,Active,FT,Eating & Drinking w/ Take Out,2017-05-22 14:18:19.703+00,6172458902,421314,42.3524453564597,-71.0462138978416
529,Caffe Nero,,725 Centre,Jamaica Plain,MA,02130,Active,FS,Eating & Drinking,2014-09-29 17:55:14.33+00,6172458902,28179,42.31116999996505,-71.11475000162778
530,Caffe Nero,,80 Causeway,Boston,MA,02114,Active,FT,Eating & Drinking w/ Take Out,2020-02-13 18:07:33.453+00,7744130011,423633,42.36553349531547,-71.06185622592876
531,"Caffe Nero ""Express""",,700 Atlantic,Boston,MA,02111,Active,FT,Eating & Drinking w/ Take Out,2023-10-17 12:32:02.66+00,8574164687,156723,42.35204827404688,-71.0551747507777
532,CAFFE PARADISO,,253 HANOVER,BOSTON,MA,02113,Active,FS,Eating & Drinking,2006-12-07 18:34:14+00,6177421768,,42.36321827542237,-71.05478806032008
533,Caffe Vittoria,,290 Hanover,Boston,MA,02113,Active,FS,Eating & Drinking,2006-12-07 18:34:02+00,6175255340,69102,42.36409800053312,-71.05440100091604
534,CALIFORNIA PIZZA KITCHEN,,800 Boylston,Boston,MA,02199,Active,FS,Eating & Drinking,2006-12-07 18:34:32+00,3103425000,194357,42.347160000290465,-71.08251000130132
535,Cambria Hotel,,6 Broadway,South Boston,MA,02127,Active,FS,Eating & Drinking,2025-03-20 13:50:04.27+00,6177526681,350637,42.343026903956805,-71.0570298919856
536,Cambria Hotel - Rooftop,,6 Broadway,South Boston,MA,02127,Active,FS,Eating & Drinking,2025-03-20 13:51:42.04+00,6177526681,350637,42.343026903956805,-71.0570298919856
537,Camden Food Co,,300 Terminal,East Boston,MA,02128,Active,FT,Eating & Drinking w/ Take Out,2015-09-03 17:34:29.03+00,7037237264,,,
538,Camp Harborview,,1 Long Island,East Boston,MA,02128,Active,FS,Eating & Drinking,2022-04-29 18:58:09.677+00,3014182012,,,
539,Camry Cafe,,700 William T Morrissey,Dorchester,MA,02122,Active,FS,Eating & Drinking,2025-02-19 20:22:52.82+00,6172654321,171919,42.29928304628402,-71.04900962263514
540,Cannonball Cafe,,383 Dorchester,South Boston,MA,02127,Active,FS,Eating & Drinking,2021-06-29 16:35:38.873+00,9788772212,343874,42.33507364067519,-71.05720468760538
541,Canopy Hotel,,99 Blackstone,Boston,MA,02109,Active,FS,Eating & Drinking,2019-11-12 13:30:53.99+00,,423958,42.36153010789868,-71.05578130357185
542,Canteen @ BHCC,,250 Rutherford,Charlestown,MA,02129,Active,FT,Eating & Drinking w/ Take Out,2023-06-23 13:18:29.87+00,,395006,42.37546689963688,-71.06944411668239
543,CANTINA ITALIANA,,344 Hanover,Boston,MA,02113,Active,FS,Eating & Drinking,2026-01-27 19:51:24.793+00,6177234577,69114,42.36502999978872,-71.05348000167008
544,CANTON EATERY,,339 Meridian,East Boston,MA,02128,Active,FT,Eating & Drinking w/ Take Out,2013-11-08 16:02:40+00,6176933400,351594,42.37830999987738,-71.03898000136485
545,CANTON HOUSE,,6 Hancock,Dorchester,MA,02125,Active,FT,Eating & Drinking w/ Take Out,2020-02-25 20:46:31.76+00,6172883825,158300,42.31568262305118,-71.06598996491233
546,Cant Talk Mouth Full,,633 Centre,Jamaica Plain,MA,02130,Active,FT,Eating & Drinking w/ Take Out,2025-10-14 18:03:28.32+00,3105601493,344812,42.31373461989944,-71.11466182325842
547,Cape Verde Taste,,481 Geneva,Dorchester,MA,02124,Active,FT,Eating & Drinking w/ Take Out,2021-03-26 12:06:56.72+00,8572474384,156569,42.29931887319429,-71.0647889966932
548,Capital Burger #3402,,159 Newbury,Boston,MA,02116,Active,FS,Eating & Drinking,2020-01-21 17:20:10.747+00,,155098,42.350869999936485,-71.07863000176317
549,CAPITAL GRILLE,,880 Boylston,Boston,MA,02199,Active,FS,Eating & Drinking,2010-12-21 13:45:22+00,,18415,42.347530000607804,-71.08411000220546
550,Capital One Cafe,,310 Harrison,Roxbury,MA,02118,Active,FS,Eating & Drinking,2022-04-27 18:44:43.23+00,6178320620,355707,42.34515158034419,-71.0628322024424
551,Capital One Cafe,,55 Seaport,Boston,MA,02210,Active,FS,Eating & Drinking,2022-11-28 17:43:09.5+00,7813747222,353187,42.35257715665481,-71.04785564600778
552,Capital One Cafe,,711 Boylston,Boston,MA,02116,Active,FT,Eating & Drinking w/ Take Out,2022-01-10 19:39:05.647+00,,157441,42.34964725415082,-71.07992108017561
553,CAPITOL COFFEE HOUSE,,122 Bowdoin,Boston,MA,02108,Active,FS,Eating & Drinking,2006-12-07 18:34:12+00,6172274865,158010,42.358885723403716,-71.06275122242465
554,CAPO RESTAURANT,,443 Broadway,South Boston,MA,02127,Active,FS,Eating & Drinking,2015-07-07 16:24:31.64+00,6178494993,157259,42.336159929560715,-71.04716660427655
555,CAPPY'S PIZZA,,304 Centre,Jamaica Plain,MA,02130,Active,FT,Eating & Drinking w/ Take Out,2020-11-18 14:32:44.863+00,6175220279,27964,42.3227100004869,-71.10341000094267
556,CAPPY'S PIZZA,,672 TRUMAN ,HYDE PARK,MA,02136,Active,FT,Eating & Drinking w/ Take Out,2006-12-07 18:35:35+00,6173640111,,42.25222728948016,-71.1181614159233
557,CAPPY'S PIZZA & SUBS,,82 Westland,Boston,MA,02115,Active,FS,Eating & Drinking,2025-02-07 15:15:14.89+00,6172478801,156244,42.343727457616744,-71.08958160329091
558,Capri Italian Steakhouse,,478 Harrison,Roxbury,MA,02118,Active,FS,Eating & Drinking,2025-07-15 13:42:03.943+00,6177520500,69844,42.342173698075385,-71.06576981871021
559,Cara By Craft Food Halls,,54 Devonshire,Boston,MA,02109,Active,FS,Eating & Drinking,2026-06-11 13:27:31.79+00,6177201234,164243,42.35834130533922,-71.05710698688702
560,Caramelo Bakery Cafe,,375 Blue Hill,Dorchester,MA,02121,Active,FT,Eating & Drinking w/ Take Out,2018-05-14 15:58:27.137+00,6174274020,16436,42.311779999587415,-71.08106000144413
561,CarGurus Cafe,,1001 Boylston,Boston,MA,02215,Active,FS,Eating & Drinking,2024-05-03 15:44:53.457+00,6173154900,439501,42.347280032727845,-71.08846481875297
562,CARLOS CUCINA ITALIANA,,131 Brighton,Allston,MA,02134,Active,FS,Eating & Drinking,2019-05-13 19:51:30.603+00,6179086581,155924,42.353088483468525,-71.13115976088741
563,Carmelina's North End,,307 Hanover,Boston,MA,02113,Active,FS,Eating & Drinking,2008-03-27 13:26:17+00,6178944462,69105,42.363880000431806,-71.05416000189078
564,Carrie Nation,,11 Beacon,Boston,MA,02108,Active,FS,Eating & Drinking,2012-12-10 19:29:00+00,,183546,42.35837999961885,-71.06178000132545
565,Carrie's Cafe by Citra,,15 Francis,Boston,MA,02115,Active,FS,Eating & Drinking,2022-07-25 18:11:37.523+00,5083043525,,,
566,CARVER DEN,,80 TALBOT ,DORCHESTER,MA,02124,Active,FS,Eating & Drinking,2006-12-07 18:36:10+00,6175923845,,42.293955619030186,-71.08370944909751
567,Casa Azul Restaurant and Grill,,1328 Blue Hill,Mattapan,MA,02126,Active,FT,Eating & Drinking w/ Take Out,2025-08-15 15:01:25.167+00,,16238,42.27830999983124,-71.09309000133479
568,Casa Bonita Mexican Grill,,1033 Massachusetts,Roxbury,MA,02119,Active,FT,Eating & Drinking w/ Take Out,2021-06-30 18:21:51.69+00,,91941,42.32708999957926,-71.06764000198947
569,Casa Razdora,,115 Water,Boston,MA,02109,Active,FT,Eating & Drinking w/ Take Out,2010-12-10 20:08:10+00,6173386700,146292,42.35805000075204,-71.05461000101606
570,Casarecce Cucina Italiana,,285 Hanover,Boston,MA,02113,Active,FS,Eating & Drinking,2017-12-08 15:08:26.01+00,9787581021,360641,42.36361999957761,-71.05442000181225
571,CASA ROMERO,,30 Gloucester,Boston,MA,02115,Active,FS,Eating & Drinking,2007-03-20 12:44:38+00,5364341,64941,42.34944400000683,-71.08449800201619
572,Casa Verde,,711 Centre,Jamaica Plain,MA,02130,Active,FS,Eating & Drinking,2015-09-17 19:26:44.36+00,,156387,42.31137899856225,-71.11466946439465
573,Case Gym - Left,,285 Babcock,Boston,MA,02215,Active,FT,Eating & Drinking w/ Take Out,2025-12-30 19:19:32.63+00,6173532771,343061,42.35405491175727,-71.12033310527706
574,Case Gym - Right,,285 Babcock,Boston,MA,02215,Active,FT,Eating & Drinking w/ Take Out,2025-12-30 19:19:16.913+00,6173532771,343061,42.35405491175727,-71.12033310527706
575,Cask N Flagon,,48 BROOKLINE ,BOSTON,MA,02215,Active,FS,Eating & Drinking,2006-12-07 18:33:54+00,6175364840,,42.34716364894864,-71.09908117551274
576,Castle Island Brewing Co/Bardo's Bar Pizza,,10 Old Colony,South Boston,MA,02127,Active,FS,Eating & Drinking,2020-10-07 17:17:47.783+00,,345314,42.337300384111,-71.05634447974293
577,Catering,,4 Jersey,Boston,MA,02215,Active,FS,Eating & Drinking,2006-12-07 18:35:33+00,6175366683,156417,42.346768333561606,-71.09864788266272
578,Cathedral Station,,1222 Washington,Roxbury,MA,02118,Active,FS,Eating & Drinking,2014-10-20 17:37:45.587+00,6173386060,144000,42.34279399998072,-71.06672600194435
579,Cava,,125 Summer,Boston,MA,02111,Active,FS,Eating & Drinking,2022-05-16 14:35:48.46+00,,131981,42.35312315905097,-71.05742297932142
580,Cava,,1350 Boylston,Boston,MA,02215,Active,FS,Eating & Drinking,2017-08-03 18:36:59.79+00,2024002920,18095,42.34376773606964,-71.09957431613496
581,Cava,,200 Terminal,East Boston,MA,02128,Active,FT,Eating & Drinking w/ Take Out,2026-02-19 17:45:06.14+00,7815219643,341353,42.362677345436204,-71.01863498065062
582,Cava,,669 Boylston,Boston,MA,02116,Active,FS,Eating & Drinking,2018-01-12 15:17:56.46+00,5133946161,367479,42.34997000006052,-71.07884000077765
583,Cava,,800 Boylston,Boston,MA,02199,Active,FT,Eating & Drinking w/ Take Out,2022-01-13 17:59:12.823+00,8573662502,157244,42.34729680482496,-71.0814574594804
584,CAVAN CAFE,,1406 Hyde Park,Hyde Park,MA,02136,Active,FS,Eating & Drinking,2006-12-07 18:35:31+00,6173613390,156733,42.250633162401165,-71.1257281394164
585,Caveau,,3 Center,Boston,MA,02114,Active,FS,Eating & Drinking,2022-04-12 16:33:04.94+00,9783175796,154961,42.36038303593154,-71.06081736903701
586,Cayfa Restaurant,,79 Hancock,Dorchester,MA,02125,Active,FS,Eating & Drinking,2024-11-13 18:02:21.893+00,4014190495,351540,42.31298200045947,-71.0651010016844
587,CeCarré Pizza & Provisions,,800 Boylston,Boston,MA,02199,Active,FS,Eating & Drinking,2025-01-21 16:44:10.98+00,6175440417,157244,42.34729680482496,-71.0814574594804
588,CENTERFOLDS,,12 Lagrange,Boston,MA,02116,Active,FS,Eating & Drinking,2006-12-07 18:35:24+00,6172922600,367816,42.35143201183289,-71.06327258396796
589,Centerplate @ ORPHEUM THEATRE,,1 Hamilton,Boston,MA,02108,Active,FT,Eating & Drinking w/ Take Out,2006-12-07 18:35:21+00,8642482011,165924,42.356205223332715,-71.0609406813659
590,Center Stage @ Emerson,,116 Boylston,Boston,MA,02116,Active,FS,Eating & Drinking,2019-07-22 15:29:07.273+00,8575239816,157533,42.35222852095234,-71.06563848590248
591,Central Wharf Co.,,160 Milk,Boston,MA,02109,Active,FS,Eating & Drinking,2006-12-07 18:34:31+00,6173531996,95433,42.358689000269486,-71.05275600113245
592,Centre Squeeze,,1783 Centre,West Roxbury,MA,02132,Active,FT,Eating & Drinking w/ Take Out,2025-01-02 15:19:20.33+00,6172938573,27720,42.28768781354944,-71.15210422819655
593,CGK Newbury,,266 Newbury,Boston,MA,02116,Active,FS,Eating & Drinking,2019-12-17 19:00:11.12+00,6177851151,101479,42.34917999948049,-71.0831900011255
594,Chacarero,,93 Arch,Boston,MA,02110,Active,FT,Eating & Drinking w/ Take Out,2007-09-21 15:10:13+00,6175420392,161605,42.35504237082629,-71.05912856976859
595,CHACHO'S PIZZA,,1502 Tremont,Mission Hill,MA,02120,Active,FT,Eating & Drinking w/ Take Out,2025-01-06 18:45:39.317+00,6174456738,158255,42.33209935774209,-71.0993097473798
596,Cha Feo,,130 Tremont,Boston,MA,02111,Active,FT,Eating & Drinking w/ Take Out,2025-06-18 13:12:10.293+00,6179537734,136814,42.356123235705546,-71.06218068673866
597,Cha Kung Fong,Cha Kung Fong,1 Nassau,Boston,MA,02111,Active,FS,Eating & Drinking,2024-01-11 20:04:08.84+00,6174108888,100246,42.34858397318159,-71.06297523523084
598,Chappy's Pickles (lower level),,32 Cambridge,Charlestown,MA,02129,Active,FT,Eating & Drinking w/ Take Out,2022-08-30 13:59:18.297+00,,25110,42.383569999309664,-71.0743500017016
599,Charlestown Coffee - Lower Level,,32 Cambridge,Charlestown,MA,02129,Active,FT,Eating & Drinking w/ Take Out,2024-10-02 15:24:58.133+00,6178183246,25110,42.383569999309664,-71.0743500017016
600,Charlestown Recovery House,,15 Bunker Hill,Charlestown,MA,02129,Active,FS,Eating & Drinking,2017-08-09 11:53:04.347+00,6172420088,340910,42.37624506921804,-71.0562671471984
601,Charley's Philly Steak,,417 Washington,Boston,MA,02108,Active,FT,Eating & Drinking w/ Take Out,2013-09-04 17:51:15+00,7816098753,331487,42.35582000026472,-71.06040000106957
602,Charley's Philly Steaks,,350 Longwood,Boston,MA,02115,Active,FT,Eating & Drinking w/ Take Out,2015-05-06 17:50:45.403+00,6175665204,156578,42.33817999970623,-71.10648000164196
603,CHARLIE'S HOUSE OF PIZZA,,1724 Dorchester,Dorchester,MA,02124,Active,FS,Eating & Drinking,2024-08-08 17:37:43.74+00,6172653111,48395,42.29112999999655,-71.06262000142299
604,Charlie's Pizza & Cafe,,177 Allston,Allston,MA,02134,Active,FT,Eating & Drinking w/ Take Out,2006-12-07 18:35:23+00,6172773737,158105,42.347732726855114,-71.1382898855552
605,Charlies Sandwich Shoppe,,429 Columbus,Boston,MA,02116,Active,FS,Eating & Drinking,2017-07-20 15:10:48.48+00,6175367669,211952,42.34412999982177,-71.07777000076105
606,Charming Gardener/Dive Bar,,100 High,Boston,MA,02110,Active,FT,Eating & Drinking w/ Take Out,2019-10-18 19:23:59.687+00,6174256262,342934,42.354465446258,-71.05529865229609
607,CHART HOUSE,,60 Long,Boston,MA,02110,Active,FS,Eating & Drinking,2006-12-07 18:35:41+00,9789229266,87098,42.36015027989849,-71.0494956630533
608,Chase Sapphire Lounge By The Club,,200 Terminal,East Boston,MA,02128,Active,FS,Eating & Drinking,2022-05-05 16:27:31.69+00,,341353,42.362677345436204,-71.01863498065062
609,Chattermark Distillers,,200 Terminal,Charlestown,MA,02129,Active,FS,Eating & Drinking,2022-03-18 16:38:48.317+00,6173561866,134473,42.383170000462194,-71.05003000080875
610,CHAU CHOW,,699 WM T MORRISSEY ,DORCHESTER,MA,02122,Active,FS,Eating & Drinking,2006-12-07 18:36:40+00,6172888188,,42.29799933487955,-71.04993121581694
611,CHECKMATE CAFE,,900 South,Roslindale,MA,02131,Active,FT,Eating & Drinking w/ Take Out,2015-12-29 14:44:26.597+00,6173275730,419718,42.28845000043253,-71.13477000118267
612,CHELO SABOR,,114 Washington,Dorchester,MA,02121,Active,FT,Eating & Drinking w/ Take Out,2025-07-02 15:59:58.577+00,8573167766,145936,42.30523999994051,-71.08005000129289
613,CHEQUERS,,72 Concord,Roxbury,MA,02118,Active,FS,Eating & Drinking,2006-12-07 18:34:59+00,6173580241,343246,42.336202266196075,-71.0724873675821
614,Chequers Coffee Express,,72 Concord,Roxbury,MA,02118,Active,FT,Eating & Drinking w/ Take Out,2011-06-29 15:44:40+00,6172832727,343246,42.336202266196075,-71.0724873675821
615,Chestnut Park @Cleveland Circle,,50 Sutherland,Brighton,MA,02135,Active,FS,Eating & Drinking,2020-03-04 14:35:33.7+00,,133016,42.33799000033359,-71.14993000179675
616,CHEZ-VOUS SKATING RINK,,11 Rhoades,Dorchester,MA,02124,Active,FS,Eating & Drinking,2006-12-07 18:34:40+00,6178256877,115584,42.285359999199706,-71.09219000139838
617,Chicha San Chen,,1001 Boylston,Boston,MA,02215,Active,FT,Eating & Drinking w/ Take Out,2024-09-26 14:30:20.423+00,7813756791,439501,42.347280032727845,-71.08846481875297
618,Chickadee,,21 Dry Dock,Boston,MA,02210,Active,FS,Eating & Drinking,2017-11-02 14:02:14.747+00,,164542,42.344239512372,-71.03113360993106
619,Chicken and Fish Fry Shack - 16' Trailer,,420 D,Boston,MA,02210,Active,FT,Eating & Drinking w/ Take Out,2026-05-05 13:09:16.923+00,8573279300,354122,42.34382231043024,-71.04538199519762
620,Chicken and Rice Guys,,280 Washington,Boston,MA,02109,Active,FT,Eating & Drinking w/ Take Out,2016-06-23 15:23:45.75+00,9785022104,352451,42.35730000014778,-71.05744000134415
621,Chicken and Rice Guys,,85 Bedford,Boston,MA,02111,Active,FT,Eating & Drinking w/ Take Out,2015-02-24 16:41:11.21+00,6174260785,156236,42.3531075811515,-71.05868090069563
622,Chicken & Rice Guys,,21 Dry Dock,Boston,MA,02210,Active,FT,Eating & Drinking w/ Take Out,2021-06-01 13:37:48.26+00,9174730622,164542,42.344239512372,-71.03113360993106
623,Chick-Fil-A,,569 Boylston,Boston,MA,02116,Active,FS,Eating & Drinking,2019-06-17 18:31:07.073+00,6177024848,18351,42.3506399998631,-71.07645000132389
624,Chick-Fil-A,,700 Atlantic,Boston,MA,02111,Active,FT,Eating & Drinking w/ Take Out,2026-01-23 17:49:10.563+00,7087382889,156723,42.35204827404688,-71.0551747507777
625,Chick-Fil-A Boston Delivery(K112  114  116),,94 Shirley,Roxbury,MA,02119,Active,FT,Eating & Drinking w/ Take Out,2025-07-17 17:56:06.583+00,6037184057,127222,42.32448468232285,-71.07021644447491
626,Chick-Fil-A (Store#80845),,100 Terminal,East Boston,MA,02128,Active,FT,Eating & Drinking w/ Take Out,2025-04-24 15:17:27.79+00,,341357,42.364539860564015,-71.02181743285618
627,Chick-Fil-A (Store#80846),,500 Terminal,East Boston,MA,02128,Active,FT,Eating & Drinking w/ Take Out,2025-07-08 14:00:18.767+00,,341351,42.36990420124479,-71.01943927546833
628,Chilacates,,1482 Tremont,Mission Hill,MA,02120,Active,FS,Eating & Drinking,2018-04-04 14:13:38.647+00,6179716266,421181,42.331753415624,-71.09867931078762
629,Chilacates,,222 Amory,Jamaica Plain,MA,02130,Active,FT,Eating & Drinking w/ Take Out,2015-07-02 14:08:43.32+00,6179095341,3286,42.31638799963092,-71.103161001437
630,Chilacates,,275A Shawmut,Roxbury,MA,02118,Active,FT,Eating & Drinking w/ Take Out,2018-12-04 12:50:00.493+00,,351716,42.343040000265184,-71.06941000173721
631,Chilacates,,658 Centre,Jamaica Plain,MA,02130,Active,FS,Eating & Drinking,2017-02-16 20:42:07.673+00,6179095341,155854,42.312748369897946,-71.11386992222805
632,Chilacates,,66 Staniford,Boston,MA,02114,Active,FT,Eating & Drinking w/ Take Out,2023-07-07 18:56:18.147+00,8573504022,155948,42.362916459189826,-71.06416470905371
633,Chilacates,,69 L,South Boston,MA,02127,Active,FT,Eating & Drinking w/ Take Out,2022-06-29 14:38:44.313+00,6173869901,156561,42.33523335698613,-71.03521983462024
634,Chilacates/Love and Light,,4257 Washington,Roslindale,MA,02131,Active,FT,Eating & Drinking w/ Take Out,2020-07-15 18:53:40.597+00,6179095341,400037,42.285600000196084,-71.12929000097576
635,CHILDRENS HOSPITAL MAIN CAF,,300 LONGWOOD ,BOSTON,MA,02115,Active,FS,Eating & Drinking,2006-12-07 18:34:10+00,7812161814,,42.33692266140242,-71.10541896059212
636,Chili Bento,,1 Brighton,Allston,MA,02134,Active,FT,Eating & Drinking w/ Take Out,2019-10-16 19:22:46.793+00,6179270210,157732,42.352411055760506,-71.12532952455528
637,Chill On Park,,142 Park,Dorchester,MA,02122,Active,FT,Eating & Drinking w/ Take Out,2014-12-18 15:27:17.337+00,6178253900,355692,42.29860724012092,-71.06042066080829
638,Chilton Club,,150 Commonwealth,Boston,MA,02116,Active,FS,Eating & Drinking,2006-12-07 18:33:56+00,6172664860,156420,42.35151341821788,-71.07777858996607
639,CHINA GOURMET RESTAURANT,,23 Tyler,Boston,MA,02111,Active,FS,Eating & Drinking,2006-12-07 18:35:35+00,6174829888,138816,42.35072340329694,-71.0609637677022
640,China Pearl Restaurant,,9 Tyler,Boston,MA,02111,Active,FS,Eating & Drinking,2006-12-07 18:34:00+00,6174264338,158001,42.35108502118551,-71.0607889159121
641,CHINA SEA RESTAURANT,,1194 Blue Hill,Mattapan,MA,02126,Active,FT,Eating & Drinking w/ Take Out,2023-01-19 14:54:20.597+00,6172982421,16185,42.283580000003745,-71.09136000159887
642,China Sky,,782 Adams,Dorchester,MA,02122,Active,FT,Eating & Drinking w/ Take Out,2025-01-29 18:26:41.95+00,6179387819,157063,42.28309336449543,-71.05560997209032
643,China Station,,530 Washington,Dorchester,MA,02124,Active,FT,Eating & Drinking w/ Take Out,2024-10-21 16:09:11.673+00,6172658688,146103,42.292980000287486,-71.07162000083713
644,Chinatown Cafe,,262 Harrison,Boston,MA,02111,Active,FS,Eating & Drinking,2010-04-22 12:09:09+00,6176959888,155728,42.34747064259072,-71.0625457214302
645,CHINESE DRAGON,,380 Chelsea,East Boston,MA,02128,Active,FT,Eating & Drinking w/ Take Out,2006-12-07 18:35:52+00,6175614009,30536,42.37933599998404,-71.0280700014459
646,Chip City,,316 Newbury,Boston,MA,02115,Active,FT,Eating & Drinking w/ Take Out,2023-08-15 15:07:34.48+00,,168065,42.34859162953875,-71.08540164222354
647,Chip City,,97 Causeway,Boston,MA,02114,Active,FT,Eating & Drinking w/ Take Out,2023-06-08 15:14:59.34+00,,424028,42.36465999963754,-71.06189000170804
648,Chipotle Mexican Grill,,144 Brookline,Boston,MA,02115,Active,FS,Eating & Drinking,2008-06-04 19:22:58+00,3032225994,,,
649,Chipotle Mexican Grill,,1924 Beacon,Brighton,MA,02135,Active,FS,Eating & Drinking,2007-07-10 15:27:56+00,3032225994,10015,42.3364201541702,-71.14957391871101
650,Chipotle Mexican Grill,,21 District,Dorchester,MA,02125,Active,FS,Eating & Drinking,2017-06-30 15:28:50.853+00,3032225994,420661,42.32572375144032,-71.0622261670595
651,Chipotle Mexican Grill,,462 Washington,Brighton,MA,02135,Active,FT,Eating & Drinking w/ Take Out,2025-01-16 17:10:05.023+00,6143182482,143580,42.34873500021143,-71.15899200120337
652,Chipotle Mexican Grill,,553 Boylston,Boston,MA,02116,Active,FS,Eating & Drinking,2014-06-12 12:50:38.3+00,3032225994,351726,42.3507290002497,-71.07608800138318
653,Chipotle Mexican Grill,,8 Park,Boston,MA,02116,Active,FS,Eating & Drinking,2016-01-05 17:28:26.143+00,3035954000,155883,42.351932981352526,-71.06700372037535
654,Chipotle Mexican Grill,,99 Seaport,Boston,MA,02210,Active,FS,Eating & Drinking,2016-04-29 14:59:38.033+00,3032225994,350792,42.35117453241631,-71.04541115925554
655,Chipotle Mexican Grill #1520,,101 Summer,Boston,MA,02111,Active,FS,Eating & Drinking,2010-06-10 15:18:53+00,3035954000,131979,42.35362000071225,-71.05824000098545
656,Chipotle Mexican Grille,,283 Washington,Boston,MA,02108,Active,FS,Eating & Drinking,2011-05-17 13:01:56+00,3035954000,144562,42.35756299950671,-71.05842300149453
657,Chubbs Taco & Tequila Bar,,750 Adams,Dorchester,MA,02122,Active,FS,Eating & Drinking,2024-04-10 16:14:15.2+00,6176098226,378686,42.28397999981773,-71.0552700015342
658,CHUNG WAH,,199 Bowdoin,Dorchester,MA,02122,Active,FT,Eating & Drinking w/ Take Out,2006-12-07 18:35:31+00,6173359401,17675,42.305089999670635,-71.0681900012544
659,CIAO,,2 SEAPORT,BOSTON,MA,02210,Active,FS,Eating & Drinking,2006-12-07 18:35:23+00,6172619197,,42.348921574538025,-71.04083849444174
660,Ciao Roma,,5 North,Boston,MA,02113,Active,FS,Eating & Drinking,2017-04-19 13:56:11.353+00,6178234478,361068,42.36398999961064,-71.05357000105117
661,Cibao Restaurant,,1487 Dorchester,Dorchester,MA,02122,Active,FS,Eating & Drinking,2021-07-29 15:59:20.79+00,6175296054,157039,42.29993347226425,-71.06044139196251
662,Cinnabon# 106694,,700 Atlantic,Boston,MA,02111,Active,FT,Eating & Drinking w/ Take Out,2024-12-13 15:27:11.89+00,,156723,42.35204827404688,-71.0551747507777
663,Cisco Brewers Fenway,,1301 Boylston,Boston,MA,02215,Active,FT,Eating & Drinking w/ Take Out,2025-03-12 16:29:46.987+00,7817272295,162464,42.34474411273199,-71.0982899912623
664,Cisco Brewers Fenway - Trailer 1,,1301 Boylston,Boston,MA,02215,Active,FT,Eating & Drinking w/ Take Out,2025-04-18 16:29:38.117+00,7817272295,162464,42.34474411273199,-71.0982899912623
665,Cisco Brewers Fenway - Trailer 2,,1301 Boylston,Boston,MA,02215,Active,FT,Eating & Drinking w/ Take Out,2025-04-18 16:29:43.48+00,7817272295,162464,42.34474411273199,-71.0982899912623
666,Cisco Brewers Fenway - Trailer 3,,1301 Boylston,Boston,MA,02215,Active,FT,Eating & Drinking w/ Take Out,2025-04-18 18:38:28.963+00,7817272295,162464,42.34474411273199,-71.0982899912623
667,Cisco Brewers Fenway - Trailer 4,,1301 Boylston,Boston,MA,02215,Active,FT,Eating & Drinking w/ Take Out,2025-04-18 18:38:30.3+00,7817272295,162464,42.34474411273199,-71.0982899912623
668,Cisco Brewers Fenway - Trailer 5,,1301 Boylston,Boston,MA,02215,Active,FT,Eating & Drinking w/ Take Out,2025-04-18 18:38:30.83+00,7817272295,162464,42.34474411273199,-71.0982899912623
669,Cisco Brewers Seaport - Bar #1,,85 Northern,Boston,MA,02210,Active,FT,Eating & Drinking w/ Take Out,2026-03-20 18:46:09.997+00,5083255929,344021,42.35226512572445,-71.04502903142944
670,Cisco Brewers Seaport - Bar #2,,85 Northern,Boston,MA,02210,Active,FT,Eating & Drinking w/ Take Out,2026-03-20 18:46:14.197+00,5083255929,344021,42.35226512572445,-71.04502903142944
671,Cisco Brewers Seaport - Trailer #1,,85 Northern,Boston,MA,02210,Active,FT,Eating & Drinking w/ Take Out,2025-06-09 16:01:04.747+00,5083255929,344021,42.35226512572445,-71.04502903142944
672,Cisco Brewers Seaport - Trailer #2,,85 Northern,Boston,MA,02210,Active,FT,Eating & Drinking w/ Take Out,2025-06-09 16:02:35.36+00,5083255929,344021,42.35226512572445,-71.04502903142944
673,Cisco Brewers Seaport - Trailer #4,,85 Northern,Boston,MA,02210,Active,FT,Eating & Drinking w/ Take Out,2025-06-09 16:02:36.323+00,5083255929,344021,42.35226512572445,-71.04502903142944
674,Cisco Brewers Seaport - Trailer #5,,85 Northern,Boston,MA,02210,Active,FT,Eating & Drinking w/ Take Out,2025-06-09 16:02:36.823+00,5083255929,344021,42.35226512572445,-71.04502903142944
675,Cisco Brewers Seaport - Trailer #6,,85 Northern,Boston,MA,02210,Active,FT,Eating & Drinking w/ Take Out,2025-06-09 16:02:37.337+00,5083255929,344021,42.35226512572445,-71.04502903142944
676,Cisco Brewers Seaport - Trailer #7,,85 Northern,Boston,MA,02210,Active,FT,Eating & Drinking w/ Take Out,2025-06-09 16:02:37.837+00,5083255929,344021,42.35226512572445,-71.04502903142944
677,"Cisco Brewers Seaport - Trailer #7 "" Winery""",,85 Northern,Boston,MA,02210,Active,FT,Eating & Drinking w/ Take Out,2026-03-20 18:46:05.32+00,5083255929,344021,42.35226512572445,-71.04502903142944
678,Cisco Brewers Seaport - Trailer #8,,85 Northern,Boston,MA,02210,Active,FT,Eating & Drinking w/ Take Out,2025-06-09 16:02:38.37+00,5083255929,344021,42.35226512572445,-71.04502903142944
679,Cisco Brewery,,200 LOGAN AIRPORT TRMNL B,EAST BOSTON,MA,02128,Active,FT,Eating & Drinking w/ Take Out,2007-09-06 14:19:16+00,2406944746,,,
680,CitizenM Hotel,,50 Causeway,Boston,MA,02114,Active,FS,Eating & Drinking,2019-05-22 18:35:03.807+00,,340676,42.365708404451155,-71.06147827139706
681,CitizenM Hotel Boston Back Bay,,1001 Boylston,Boston,MA,02215,Active,FS,Eating & Drinking,2023-01-23 15:17:25.72+00,,439501,42.347280032727845,-71.08846481875297
682,Citizen Public House & Oyster Bar,,1310 Boylston,Boston,MA,02215,Active,FS,Eating & Drinking,2010-07-16 15:03:21+00,6174509000,162466,42.34421367470568,-71.09795491613264
683,Citizens,,772 Boylston,Boston,MA,02199,Active,FT,Eating & Drinking w/ Take Out,2023-12-05 16:03:35.29+00,,355913,42.34870099983371,-71.08163200109793
684,Citra A Fresh Cafe,,221 Longwood,Boston,MA,02115,Active,FT,Eating & Drinking w/ Take Out,2012-07-10 13:38:48+00,6172835353,87166,42.33723999974409,-71.10217000081157
685,Citrus & Salt,,319R A,Boston,MA,02210,Active,FS,Eating & Drinking,2024-04-24 12:42:34.253+00,6174246711,155130,42.34866803867135,-71.04842246012896
686,City Bar/M. J. O'Connor's,,425 Summer,Boston,MA,02210,Active,FS,Eating & Drinking,2008-06-26 17:04:07+00,6177894111,,,
687,Cityside,,1958 BEACON,BRIGHTON,MA,02135,Active,FS,Eating & Drinking,2009-01-08 16:08:19+00,6175661002,,,
688,City Tap House,,374 Congress,Boston,MA,02210,Active,FS,Eating & Drinking,2016-01-25 15:47:58.223+00,4843518711,42114,42.34994056599455,-71.04741078358376
689,City Winery,,1 Canal,Boston,MA,02114,Active,FS,Eating & Drinking,2016-11-30 16:25:43.03+00,9176570062,342962,42.3637485272558,-71.05895899108114
690,CLARKE'S,,21 Merchants,Boston,MA,02109,Active,FS,Eating & Drinking,2006-12-07 18:34:08+00,2277800,156457,42.35946155034602,-71.05548049460207
691,Classic Harbor Lines,,60 Rowes,Boston,MA,02110,Active,FS,Eating & Drinking,2017-09-20 15:58:46.477+00,6179512460,156112,42.355877344678056,-71.04992652332653
692,Clay Pot Cafe,,66 Brighton,Allston,MA,02134,Active,FT,Eating & Drinking w/ Take Out,2024-11-19 16:52:49.51+00,6178609168,20171,42.352399999681445,-71.12881000045662
693,Clay Pot Cafe,,74 Kneeland,Boston,MA,02111,Active,FT,Eating & Drinking w/ Take Out,2023-03-01 16:51:54.297+00,6178609168,82319,42.35055345072385,-71.06065381380246
694,CLERY'S,,331 Columbus,Boston,MA,02116,Active,FS,Eating & Drinking,2006-12-07 18:34:56+00,6172629874,157607,42.34611743534105,-71.07519105714388
695,Clock Tavern,,342 Broadway,South Boston,MA,02127,Active,FS,Eating & Drinking,2024-02-26 19:42:26.823+00,7819567300,351661,42.33832799941152,-71.04972400123448
696,Clover,Clover,800 Boylston,Boston,MA,02199,Active,FS,Eating & Drinking,2019-09-17 19:53:56.923+00,7732030741,157244,42.34729680482496,-71.0814574594804
697,Clover,,160 Federal,Boston,MA,02110,Active,FS,Eating & Drinking,2015-11-13 19:02:54.897+00,8585316392,57187,42.3540490005948,-71.05592500098112
698,Club Cafe,,209 Columbus,Boston,MA,02116,Active,FS,Eating & Drinking,2006-12-07 18:33:56+00,6175360966,156406,42.34855898109783,-71.07229078169252
699,CLUB HOTEL BAR,,240 Mount Vernon,Dorchester,MA,02125,Active,FS,Eating & Drinking,2006-12-07 18:35:07+00,6178223600,98929,42.32043527097007,-71.04804043116269
700,Cmelatte Cafe,,197 Eighth,Charlestown,MA,02129,Active,FT,Eating & Drinking w/ Take Out,2024-11-15 17:17:15.003+00,6172417300,51478,42.37364563247192,-71.05169938745611
701,C. Noula Restaurant,,962 Blue Hill,Dorchester,MA,02124,Active,FT,Eating & Drinking w/ Take Out,2026-01-15 17:16:42.54+00,6179396985,16609,42.29086900041597,-71.08890800099503
702,CO3/BO3/YO3,Aramark Corporation,4 Jersey,Boston,MA,02215,Active,FT,Eating & Drinking w/ Take Out,2008-11-16 15:36:59+00,7742054363,424258,42.34673007807398,-71.0986629781914
703,CO5/BO5,,4 Jersey,Boston,MA,02215,Active,FT,Eating & Drinking w/ Take Out,2008-11-16 15:38:57+00,7742054363,424258,42.34673007807398,-71.0986629781914
704,CO6/BO6,,4 Jersey,Boston,MA,02215,Active,FT,Eating & Drinking w/ Take Out,2008-11-16 15:42:45+00,7742054363,424258,42.34673007807398,-71.0986629781914
705,CO7,,4 Jersey,Boston,MA,02215,Active,FT,Eating & Drinking w/ Take Out,2008-11-16 15:44:27+00,7742054363,424258,42.34673007807398,-71.0986629781914
706,Cobblestones,,30 Charles,Boston,MA,02108,Active,FT,Eating & Drinking w/ Take Out,2021-09-07 14:17:48.92+00,6172025377,352500,42.35680299964744,-71.07009900166966
707,Cocobeet,,100 City Hall,Boston,MA,02108,Active,FT,Eating & Drinking w/ Take Out,2020-02-04 16:45:37.19+00,8572638598,158266,42.35952902576231,-71.05875080153022
708,Cocobeet,,225 Franklin,Boston,MA,02110,Active,FT,Eating & Drinking w/ Take Out,2025-12-02 14:06:13.21+00,9178090678,158047,42.356135732002706,-71.0540683495597
709,Cocobeet,,23 Northern,Boston,MA,02210,Active,FT,Eating & Drinking w/ Take Out,2025-08-27 18:03:31.107+00,9178090678,352651,42.353425169987005,-71.0476118790756
710,Coco Bubble Tea,,150 Huntington,Boston,MA,02115,Active,FT,Eating & Drinking w/ Take Out,2024-07-29 14:54:36.427+00,,365649,42.344909999677945,-71.0817900008921
711,Coco Leaf,,1480 Dorchester,Dorchester,MA,02122,Active,FS,Eating & Drinking,2016-07-06 16:34:54.613+00,7812545218,48331,42.30007999977221,-71.05995000089015
712,Code 10 Restaurant Cafe,,2 Concord,Roxbury,MA,02118,Active,FS,Eating & Drinking,2014-01-13 13:15:39+00,6173756333,41759,42.337898831565575,-71.07468940685439
713,Coffee Cup (Ashmont Station southbound side),,1906 Dorchester,Dorchester,MA,02124,Active,FT,Eating & Drinking w/ Take Out,2013-03-15 13:05:56+00,8572370105,351620,42.284208628820906,-71.0644731010582
714,COFFEE SHOP,,11 Elkins,South Boston,MA,02127,Active,FT,Eating & Drinking w/ Take Out,2006-12-07 18:34:00+00,6172686862,157369,42.3393531919292,-71.03612907033772
715,Coffee Turco,,483 Cambridge,Allston,MA,02134,Active,FT,Eating & Drinking w/ Take Out,2023-01-25 13:48:25.74+00,6172088258,448649,42.35387688317343,-71.1371676372225
716,Cold Stone Creamery,,800 Boylston,Boston,MA,02199,Active,FT,Eating & Drinking w/ Take Out,2015-03-13 16:52:45.86+00,7737063566,157244,42.34729680482496,-71.0814574594804
717,Colette Bakery,,517 Columbus,Roxbury,MA,02118,Active,FT,Eating & Drinking w/ Take Out,2023-11-02 15:43:44.013+00,6177842204,35826,42.34222000041481,-71.08014000086261
718,Collective,,115 Federal,Boston,MA,02110,Active,FS,Eating & Drinking,2022-03-24 13:11:25.2+00,,57152,42.35461077009476,-71.05667405364166
719,Collective Pantry,,115 Federal,Boston,MA,02110,Active,FS,Eating & Drinking,2023-12-20 18:46:53.147+00,6178615544,57152,42.35461077009476,-71.05667405364166
720,Collective Prep & Storage,,115 Federal,Boston,MA,02110,Active,FS,Eating & Drinking,2022-03-24 13:02:12.567+00,,57152,42.35461077009476,-71.05667405364166
721,College Club,,44 Commonwealth,Boston,MA,02116,Active,FS,Eating & Drinking,2006-12-07 18:33:56+00,6175369510,40827,42.352729999417946,-71.07335000092408
722,COLLEGE PIZZA,,50 Queensberry,Boston,MA,02215,Active,FS,Eating & Drinking,2021-12-13 17:12:15.1+00,,156080,42.342574715993216,-71.0972792568857
723,Colonnade Hotel,,120 Huntington,Boston,MA,02116,Active,FS,Eating & Drinking,2006-12-07 18:34:03+00,4247000,76242,42.345509999911236,-71.08107000054265
724,Comedy Connection @ The Wilbur Theater,Re: 3 Bars,244 Tremont,Boston,MA,02116,Active,FS,Eating & Drinking,2008-07-17 19:28:48+00,6172489700,137463,42.3506999995199,-71.06467000133648
725,Comella's,1844 Inc.,1882 Centre,West Roxbury,MA,02132,Active,FT,Eating & Drinking w/ Take Out,2007-01-31 19:56:48+00,6173278600,27748,42.285677900635385,-71.15553288984404
726,Comfort Kitchen,,611 Columbia,Dorchester,MA,02125,Active,FS,Eating & Drinking,2021-02-18 16:05:05.953+00,8572207573,35317,42.31747400004909,-71.06404800092987
727,Committee,,50 Northern,Boston,MA,02210,Active,FS,Eating & Drinking,2014-10-06 14:21:07.92+00,6177924407,352772,42.3534491608824,-71.04626044179913
728,Common Craft,,235 Old Colony,South Boston,MA,02127,Active,FS,Eating & Drinking,2026-02-24 15:31:05.077+00,6173919455,168361,42.331988586472974,-71.05370009555784
729,Common Ground Cafe @ Simmons College,,300 Fenway,Boston,MA,02115,Active,FT,Eating & Drinking w/ Take Out,2010-09-10 15:07:23+00,6175211073,57444,42.33930999984839,-71.09996000108146
730,Commonwealth Pier - All Day Cafe,,200 Seaport,Boston,MA,02210,Active,FT,Eating & Drinking w/ Take Out,2025-05-23 16:13:29.963+00,,352732,42.35000999968615,-71.04099000151585
731,Commonwealth Pier - Harbor Cafe,,200 Seaport,Boston,MA,02210,Active,FT,Eating & Drinking w/ Take Out,2025-05-23 16:39:21.61+00,,352732,42.35000999968615,-71.04099000151585
732,Commonwealth Pier - The Beanery,,200 Seaport,Boston,MA,02210,Active,FT,Eating & Drinking w/ Take Out,2025-05-23 15:54:15.22+00,,352732,42.35000999968615,-71.04099000151585
733,Community Servings Employee Cafeteria,,18 Marbury,Jamaica Plain,MA,02130,Active,FS,Eating & Drinking,2018-06-28 14:27:57.847+00,6175227777,89503,42.3177669240371,-71.10304312484695
734,Community Workshop Inc.,,174 Portland,Boston,MA,02114,Active,FS,Eating & Drinking,2006-12-07 18:34:07+00,6177202233,155739,42.36412338667281,-71.06181955821013
735,Concession Kitchen South Side,,2597 Beacon,Brighton,MA,02135,Active,FT,Eating & Drinking w/ Take Out,2010-09-15 13:37:30+00,6175523307,172185,42.33528927232475,-71.16749169530911
736,Con Sabor A columbia,,244 Meridian,East Boston,MA,02128,Active,FS,Eating & Drinking,2023-03-30 16:50:53.897+00,6174181610,94415,42.37592999953333,-71.039340000538
737,Conte 1,,2597 Beacon,Brighton,MA,02135,Active,FT,Eating & Drinking w/ Take Out,2010-06-03 13:12:31+00,6175523307,172185,42.33528927232475,-71.16749169530911
738,Conte 2,,2597 Beacon,Brighton,MA,02135,Active,FT,Eating & Drinking w/ Take Out,2010-06-03 13:30:29+00,6175523307,172185,42.33528927232475,-71.16749169530911
739,Conte 3,,2597 Beacon,Brighton,MA,02135,Active,FT,Eating & Drinking w/ Take Out,2010-06-03 13:36:45+00,6175523307,172185,42.33528927232475,-71.16749169530911
740,Conte 4,,2597 Beacon,Brighton,MA,02135,Active,FT,Eating & Drinking w/ Take Out,2010-06-03 13:38:28+00,6175523307,172185,42.33528927232475,-71.16749169530911
741,Conte 5,,2597 Beacon,Brighton,MA,02135,Active,FT,Eating & Drinking w/ Take Out,2010-06-03 13:40:41+00,6175523307,172185,42.33528927232475,-71.16749169530911
742,Conte 6,,2597 Beacon,Brighton,MA,02135,Active,FT,Eating & Drinking w/ Take Out,2010-06-03 13:42:12+00,6175523307,172185,42.33528927232475,-71.16749169530911
743,Conte 7,,2597 Beacon,Brighton,MA,02135,Active,FT,Eating & Drinking w/ Take Out,2010-06-03 13:43:47+00,6175523307,172185,42.33528927232475,-71.16749169530911
744,Conte 8,,2597 Beacon,Brighton,MA,02135,Active,FT,Eating & Drinking w/ Take Out,2010-06-03 13:45:22+00,6175523307,172185,42.33528927232475,-71.16749169530911
745,Contessa,,15 Arlington,Boston,MA,02116,Active,FS,Eating & Drinking,2022-04-13 13:38:23.403+00,,4827,42.35282999954591,-71.07160000160395
746,Convene @ 1 Boston Place,,201 Washington,Boston,MA,02108,Active,FS,Eating & Drinking,2016-10-13 14:29:27.513+00,6177954999,172688,,
747,COOGAN'S BLUFF,,171 Milk,Boston,MA,02110,Active,FS,Eating & Drinking,2006-12-07 18:34:56+00,4517400,95436,42.358269999867126,-71.05330000182317
748,Cool Shade Restaurant,,388 Blue Hill,Dorchester,MA,02121,Active,FT,Eating & Drinking w/ Take Out,2023-05-16 16:00:19.14+00,6178663413,162174,42.31132720354998,-71.08083091564684
749,Coppa,,253 SHAWMUT,BOSTON,MA,02118,Active,FS,Eating & Drinking,2009-12-09 17:52:46+00,6173910902,,,
750,Coquette/Cocorico,,440 Summer,Boston,MA,02210,Active,FS,Eating & Drinking,2020-11-13 16:19:38.457+00,9783175796,424270,42.347046427894625,-71.04273059468561
751,Coreanos,,172 Brighton,Allston,MA,02134,Active,FT,Eating & Drinking w/ Take Out,2025-04-14 19:32:51.793+00,8572689754,351875,42.352910000147475,-71.13293000079594
752,Corner Cafe,,87 Prince,Boston,MA,02113,Active,FS,Eating & Drinking,2006-12-07 18:34:07+00,6175238997,155740,42.365610201994826,-71.05597013238763
753,Cornwall's,,648 Beacon,Boston,MA,02215,Active,FS,Eating & Drinking,2019-01-09 19:05:46.14+00,6172623749,355370,42.34941240090344,-71.09556249597829
754,CORRIB PUB,,396 Market,Brighton,MA,02135,Active,FS,Eating & Drinking,2006-12-07 18:34:13+00,,90280,42.3499000000401,-71.15277000104486
755,CORRIB PUB AND RESTAURANT,,2030 Centre,West Roxbury,MA,02132,Active,FS,Eating & Drinking,2006-12-07 18:34:42+00,6174694177,158200,42.28072702473488,-71.15795120889108
756,Cosi,,133 Federal,Boston,MA,02110,Active,FS,Eating & Drinking,2006-12-07 18:36:34+00,5084352100,57153,42.35426000019942,-71.0566000009897
757,Cosmica @ the Revolution Hotel,,40 Berkeley,Boston,MA,02116,Active,FS,Eating & Drinking,2019-07-05 13:52:03.68+00,6174230069,15025,42.34594000010057,-71.07090000110264
758,Costello's Tavern Inc,,717 Centre,Jamaica Plain,MA,02130,Active,FS,Eating & Drinking,2006-12-07 18:33:55+00,6175229263,28177,42.31124000032168,-71.11473000072672
759,Cotti Coffee Boston - Stall#1,,122 Brighton,Allston,MA,02134,Active,FT,Eating & Drinking w/ Take Out,2026-04-13 14:39:41.27+00,6178476262,162569,42.35240065993929,-71.13107730992346
760,Countway LIbrary Cafe,,10 Shattuck,Boston,MA,02115,Active,FS,Eating & Drinking,2019-10-28 17:05:34.653+00,6174326165,125974,42.33506700084855,-71.1037160018576
761,Courtyard Boston Copley Square,,88 Exeter,Boston,MA,02116,Active,FS,Eating & Drinking,2025-05-20 18:36:19.73+00,6174379300,157810,42.34860046461396,-71.07881822991087
762,Courtyard Boston Downtown,,275 Tremont,Boston,MA,02116,Active,FS,Eating & Drinking,2006-12-07 18:34:43+00,6177282110,158150,42.350043897645286,-71.06546316328973
763,Courtyard by Marriot Boston - The Bistro,,96 Beverly,Boston,MA,02114,Active,FS,Eating & Drinking,2015-11-13 15:24:46.173+00,6173999528,348029,42.36533855673271,-71.05985244440086
764,Courtyard By Marriott,,65R Boston,Dorchester,MA,02125,Active,FS,Eating & Drinking,2007-05-01 18:36:19+00,6174368200,17176,42.32823071668184,-71.06000381579773
765,COURTYARD CAFE,,200 Longwood,Boston,MA,02115,Active,FS,Eating & Drinking,2006-12-07 18:36:23+00,6174326169,156320,42.33647172254736,-71.10247428718928
766,COURTYARD CAFE,,275 Tremont,Boston,MA,02116,Active,FS,Eating & Drinking,2006-12-07 18:36:42+00,6174261400,158150,42.350043897645286,-71.06546316328973
767,Courtyard Marriott Logan Airport,,225 William F McClellan,East Boston,MA,02128,Active,FS,Eating & Drinking,2017-09-14 17:12:46.053+00,6175695250,336914,42.387250000050706,-71.01656000177333
768,CP Cafe,,205 Newbury,Boston,MA,02116,Active,FS,Eating & Drinking,2023-03-01 17:11:43.51+00,,101425,42.35026999965587,-71.08086000109826
769,Craft Food Hall,,135 William T Morrissey,Dorchester,MA,02125,Active,FT,Eating & Drinking w/ Take Out,2021-05-06 15:36:10.01+00,6178708809,149908,42.316009999648365,-71.04921000041936
770,Craft Food Halls,,1234 Soldiers Field,Brighton,MA,02134,Active,FS,Eating & Drinking,2024-03-07 15:28:11.367+00,6172061848,128292,42.36369999991086,-71.13638000135676
771,Craft Food Halls,,1 Post Office,Boston,MA,02110,Active,FS,Eating & Drinking,2025-06-05 16:03:55.627+00,4135888645,158388,42.35679785015295,-71.05498123792066
772,Crane River Cheese Club,,138 Cambridge,Boston,MA,02114,Active,FT,Eating & Drinking w/ Take Out,2022-07-14 18:38:15.577+00,6176050134,157200,42.36100313975509,-71.06392800667803
773,Crazy Dough's Pizza,,2201 Commonwealth,Brighton,MA,02135,Active,FT,Eating & Drinking w/ Take Out,2015-06-19 12:46:32.547+00,6172025769,156893,42.34024952546169,-71.16653215188494
774,Creamira,,196 Quincy,Dorchester,MA,02125,Active,FT,Eating & Drinking w/ Take Out,2025-11-07 16:18:53.81+00,5865063603,377254,42.31306866790966,-71.07391936327326
775,Crescent Ridge Dairy,,100 Hanover,Boston,MA,02108,Active,FT,Eating & Drinking w/ Take Out,2015-03-30 15:29:05.91+00,7817607569,355634,42.36222403255521,-71.05753575641967
776,Crisp By Stats,,80 Causeway,Boston,MA,02114,Active,FT,Eating & Drinking w/ Take Out,2025-08-18 18:37:37.67+00,6033613736,423633,42.36553349531547,-71.06185622592876
777,CRISPY CREPES CAFE,,714 Commonwealth,Boston,MA,02215,Active,FT,Eating & Drinking w/ Take Out,2016-01-08 17:42:34.633+00,6178599585,157171,42.34957375170665,-71.10565820916442
778,Crispy Dough Pizzeria,,1512 TREMONT,Mission Hill/,MA,02120,Active,FS,Eating & Drinking,2012-09-25 17:58:13+00,6174457799,0,,
779,CROKE PARK,,268 Broadway,South Boston,MA,02127,Active,FS,Eating & Drinking,2006-12-07 18:34:30+00,6172686205,155852,42.339275770519656,-71.05119113796478
780,Crown Fried Chicken,,344 Warren,Roxbury,MA,02119,Active,FT,Eating & Drinking w/ Take Out,2022-11-28 16:07:02.35+00,6174451414,352492,42.318980000267075,-71.0811300008356
781,Crumbl Cookies,,21 District,Dorchester,MA,02125,Active,FT,Eating & Drinking w/ Take Out,2024-05-28 19:47:25.557+00,8572712003,423054,42.32560969076175,-71.06207719722238
782,Crush Pizza,,982 Bennington,East Boston,MA,02128,Active,FT,Eating & Drinking w/ Take Out,2023-06-12 15:26:25.203+00,,162032,42.38665339810077,-71.00756344231228
783,Crystal Spoons,,1950 Washington,Roxbury,MA,02118,Active,FS,Eating & Drinking,2023-04-04 14:24:25.463+00,,449906,42.33408650996489,-71.07950854220118
784,Cumin Club Indian Kitchen,,100 High,Boston,MA,02110,Active,FT,Eating & Drinking w/ Take Out,2024-10-10 14:43:40.857+00,7736730664,342934,42.354465446258,-71.05529865229609
785,Cunard Tavern,,24 Orleans,East Boston,MA,02128,Active,FS,Eating & Drinking,2016-07-15 13:54:56.93+00,6175677609,393468,42.36733324399819,-71.03881313997199
786,Cuppa Coffee,,275 Albany,Roxbury,MA,02118,Active,FT,Eating & Drinking w/ Take Out,2014-11-26 16:09:49.92+00,5089306297,1536,42.34362534083521,-71.06265928430781
787,CUPPACOFFEE,,1 Merrimac,Boston,MA,02114,Active,FT,Eating & Drinking w/ Take Out,2011-09-27 14:32:18+00,5089306297,342817,42.36318781367069,-71.05979518944268
788,Currentea,,80 Causeway,Boston,MA,02114,Active,FT,Eating & Drinking w/ Take Out,2025-07-08 18:52:38.407+00,8572598882,423633,42.36553349531547,-71.06185622592876
789,Cusser's Roast Beef and Seafood,,201 Brookline,Boston,MA,02215,Active,FT,Eating & Drinking w/ Take Out,2020-09-16 19:47:03.893+00,6179093144,340960,42.34486239691058,-71.10160474147757
790,Dacoopa's Pizza,,474 Saratoga,East Boston,MA,02128,Active,FT,Eating & Drinking w/ Take Out,2023-12-12 19:40:25.047+00,,351544,42.38014000040847,-71.02729000121003
791,Daily Catch,,323 Hanover,Boston,MA,02113,Active,FS,Eating & Drinking,2006-12-07 18:34:02+00,6177192588,352164,42.364050000249875,-71.0539900010696
792,Daily Provisions,,200 Seaport,Boston,MA,02210,Active,FS,Eating & Drinking,2025-10-15 15:16:55.713+00,,352732,42.35000999968615,-71.04099000151585
793,Daily Provisions @ Fidelity,,200 Seaport,Boston,MA,02210,Active,FT,Eating & Drinking w/ Take Out,2026-05-01 15:05:10.93+00,6176183060,352732,42.35000999968615,-71.04099000151585
794,Dalia,,429 Broadway,South Boston,MA,02127,Active,FS,Eating & Drinking,2025-03-12 14:39:47.253+00,7818208103,351546,42.33629999941209,-71.04743000194597
795,Dalmoros Fresh Italian,,700 Atlantic,Boston,MA,02111,Active,FT,Eating & Drinking w/ Take Out,2026-06-09 12:51:50.08+00,5703321097,156723,42.35204827404688,-71.0551747507777
796,Dalmoros Fresh Pasta To Go,,200 Faneuil Hall Marketplace,Boston,MA,02109,Active,FT,Eating & Drinking w/ Take Out,2024-07-23 16:54:26.18+00,5708149963,156093,42.36019981607993,-71.05479820374326
797,Da Long Yi Hot Pot,,137 Brighton,Allston,MA,02134,Active,FS,Eating & Drinking,2021-08-30 15:50:23.39+00,,155840,42.353116635475125,-71.13138157156354
798,Dana Farber Cancer Institute Cafeteria,,450 Brookline,Boston,MA,02215,Active,FS,Eating & Drinking,2010-07-22 13:41:51+00,6176323186,,,
799,Dandelion Coffee & Provisions,,70 Rowes,Boston,MA,02110,Active,FT,Eating & Drinking w/ Take Out,2026-07-16 12:43:20.8+00,6174397000,155693,42.35590681494772,-71.05016516789601
800,Dani's Queer Bar,,907 Boylston,Boston,MA,02115,Active,FS,Eating & Drinking,2024-08-12 18:24:59.913+00,6173260009,18419,42.348460000169304,-71.08432000183386
801,Dans Mini Dogs,,1010 Massachusetts,Roxbury,MA,02118,Active,FS,Eating & Drinking,2024-08-08 18:10:21.517+00,,345943,42.327838154665926,-71.06716727246007
802,Darbar Indo-Pak Rest.,,130 Beacon,Brighton,MA,02135,Active,FS,Eating & Drinking,2009-08-07 14:39:22+00,,12557,42.354889999517724,-71.14476000126373
803,Dash Cafe,,1 Henshaw,Brighton,MA,02135,Active,FS,Eating & Drinking,2012-04-25 16:22:15+00,6172352797,166187,42.34946386169948,-71.14964811644148
804,Dave's Hot Chicken,,123 Stuart,Boston,MA,02116,Active,FS,Eating & Drinking,2023-09-11 15:43:27.35+00,,156379,42.35137819507775,-71.06572941209998
805,Dave's Hot Chicken,,1260 Boylston,Boston,MA,02215,Active,FT,Eating & Drinking w/ Take Out,2024-03-12 16:05:34.653+00,,348053,42.344890235705535,-71.09602570965198
806,Dave's Hot Chicken,,4 Lucy,Dorchester,MA,02125,Active,FT,Eating & Drinking w/ Take Out,2022-12-22 15:12:25.743+00,,420663,42.324523442256236,-71.06229496901943
807,Da Vinci Gelato & Waffle,,295 Huntington,Boston,MA,02115,Active,FS,Eating & Drinking,2024-04-23 14:19:04.663+00,6177555547,348048,42.341400000085265,-71.08695000137992
808,DAVIO'S,,300 Terminal,East Boston,MA,02128,Active,FS,Eating & Drinking,2019-02-01 18:09:13.133+00,,,,
809,DAVIO'S,,75 Arlington,Boston,MA,02116,Active,FS,Eating & Drinking,2006-12-07 18:35:39+00,6177974810,156164,42.35068211900056,-71.07035851283493
810,Davios Northern Italian Steakhouse,,50 Liberty,Boston,MA,02210,Active,FS,Eating & Drinking,2019-04-05 14:34:43.39+00,6179907939,355282,42.35416623030651,-71.04466652705202
811,Day Shift Cafe,,115 Federal,Boston,MA,02110,Active,FT,Eating & Drinking w/ Take Out,2023-06-13 18:33:17.6+00,,57152,42.35461077009476,-71.05667405364166
812,DBAR,,1236 Dorchester,Dorchester,MA,02125,Active,FS,Eating & Drinking,2006-12-07 18:36:26+00,6172654490,156562,42.30843100859584,-71.05803110852698
813,D'BENNY'S SUBS,,1433 DORCHESTER ,DORCHESTER,MA,02124,Active,FT,Eating & Drinking w/ Take Out,2006-12-07 18:36:41+00,6179136287,,42.30218127370517,-71.05981954062426
814,D'Buly Chimis,,1151B Blue Hill,Dorchester,MA,02124,Active,FT,Eating & Drinking w/ Take Out,2022-10-31 17:03:00.637+00,8578694315,441941,42.285219492880884,-71.0914350835707
815,D Coal Pot,,984 Hyde Park,Hyde Park,MA,02136,Active,FT,Eating & Drinking w/ Take Out,2013-07-01 18:36:06+00,8573459512,166488,42.26605399967406,-71.12084000085567
816,DD1/B14,,4 Jersey,Boston,MA,02215,Active,FT,Eating & Drinking w/ Take Out,2008-11-16 16:10:35+00,7742054363,424258,42.34673007807398,-71.0986629781914
817,DD2 Dippin Dots,,4 Jersey,Boston,MA,02215,Active,FT,Eating & Drinking w/ Take Out,2008-11-16 16:11:55+00,7742054363,424258,42.34673007807398,-71.0986629781914
818,Deja - Brew,,704 Broadway,South Boston,MA,02127,Active,FS,Eating & Drinking,2006-12-07 18:34:45+00,6172697462,158055,42.335790324459886,-71.03723887487365
819,DelFriscos Double Eagle Steak House,,250 Northern,Boston,MA,02210,Active,FS,Eating & Drinking,2010-11-04 14:25:12+00,2147251112,342824,42.3489360217995,-71.03840030091274
820,Delicias Del Caribe,,149 Stoughton,Dorchester,MA,02125,Active,FT,Eating & Drinking w/ Take Out,2009-12-28 20:25:46+00,6173793381,131112,42.314644288798235,-71.0603221372058
821,Delicious Yogurt,,4198 Washington,Roslindale,MA,02131,Active,FT,Eating & Drinking w/ Take Out,2014-02-19 13:32:37+00,,145150,42.28684714069794,-71.12736073690017
822,Delini Gelato,,5 Bellevue,West Roxbury,MA,02132,Active,FT,Eating & Drinking w/ Take Out,2019-11-15 17:29:03+00,7742082810,13966,42.28354048054102,-71.1566163159841
823,DELI OF COURSE,,451 D,Boston,MA,02210,Active,FT,Eating & Drinking w/ Take Out,2006-12-07 18:35:22+00,7816621277,157722,42.34552688352951,-71.04248878974228
824,DELI OF COURSE,,695 Atlantic,Boston,MA,02111,Active,FT,Eating & Drinking w/ Take Out,2025-12-12 15:18:56.637+00,6177373243,6319,42.35159200008501,-71.05639700079323
825,Deli One,,85 ARCH ST,BOSTON,MA,02110,Active,FT,Eating & Drinking w/ Take Out,2008-02-26 18:08:52+00,6172927825,,42.35517999999538,-71.05848000123291
826,Del's Lemonade (Vending 10),,4 Jersey,Boston,MA,02215,Active,FT,Eating & Drinking w/ Take Out,2018-04-27 13:21:29.647+00,5085235781,424258,42.34673007807398,-71.0986629781914
827,Delta Premium Lounge,,500 Terminal,East Boston,MA,02128,Active,FS,Eating & Drinking,2023-08-23 14:19:15.05+00,4043674086,341351,42.36990420124479,-71.01943927546833
828,Delta Sky Club Express,,500 Terminal,East Boston,MA,02128,Active,FS,Eating & Drinking,2022-07-25 18:32:04.13+00,,341351,42.36990420124479,-71.01943927546833
829,Delta Sky Club Terminal SAT,,100 Terminal,East Boston,MA,02128,Active,FS,Eating & Drinking,2021-10-19 17:20:19.647+00,8663723035,341357,42.364539860564015,-71.02181743285618
830,Delta Sky Club Trmnl A Main,,100 Terminal,East Boston,MA,02128,Active,FS,Eating & Drinking,2015-03-20 17:25:44.143+00,6175682038,341357,42.364539860564015,-71.02181743285618
831,Democracy 154 Maverick,,154 Maverick,East Boston,MA,02128,Active,FS,Eating & Drinking,2025-06-12 15:14:34.67+00,6176500046,92958,42.36990799984808,-71.0379130020458
832,Democracy Brewing,,29 Temple,Boston,MA,02111,Active,FS,Eating & Drinking,2017-10-10 17:06:22.78+00,2078384703,134064,42.355097906812404,-71.06218137361884
833,DEM & TED INC.  PIZZA SHUTTLE,,239 Meridian,East Boston,MA,02128,Active,FT,Eating & Drinking w/ Take Out,2006-12-07 18:34:30+00,6175610711,158185,42.37580604021902,-71.03892977275065
834,Deno's Pizza and Subs,,2040 Centre,West Roxbury,MA,02132,Active,FT,Eating & Drinking w/ Take Out,2022-03-15 13:56:29.957+00,,155703,42.280288115333065,-71.15800161827612
835,Deparma,,182 Sumner,East Boston,MA,02128,Active,FS,Eating & Drinking,2016-10-17 18:26:46.183+00,6175676970,170104,42.36937120521468,-71.04032266142728
836,Desi Quick Bite (DQB),,273 Huntington,Boston,MA,02115,Active,FT,Eating & Drinking w/ Take Out,2026-05-28 16:14:09.82+00,6176424329,157756,42.34212416047102,-71.08631103124895
837,Desnuda Cocina & Bar,,647 Tremont,Roxbury,MA,02118,Active,FS,Eating & Drinking,2024-07-24 17:03:50.59+00,7815408666,137837,42.34224125123994,-71.07542805750037
838,Detroit Pizza,,594A Washington,Brighton,MA,02135,Active,FT,Eating & Drinking w/ Take Out,2023-08-04 18:03:55.18+00,6177747466,171341,42.35034125241387,-71.1668347220589
839,Deuxave,,371 Commonwealth,Boston,MA,02115,Active,FS,Eating & Drinking,2010-04-22 14:39:47+00,,163721,42.34946879365899,-71.0890756368446
840,DEVLIN'S RESTAURANT,,332 Washington,Brighton,MA,02135,Active,FS,Eating & Drinking,2006-12-07 18:35:21+00,6179436210,143520,42.348878000078884,-71.15234200072524
841,D'Guru,,43 Kingston,Boston,MA,02111,Active,FT,Eating & Drinking w/ Take Out,2022-04-20 18:15:56.197+00,6173315138,166784,42.35346054595528,-71.05942496694595
842,Diamond Tart,,179 Harvard,Allston,MA,02134,Active,FT,Eating & Drinking w/ Take Out,2025-06-11 12:32:44.59+00,8572086038,166106,42.35091809439564,-71.13154245604838
843,Dig Inn,,25 Thomson,Boston,MA,02210,Active,FS,Eating & Drinking,2019-02-11 17:03:25.073+00,,355868,42.35091422088697,-71.04740595226723
844,Dig Inn,,277 Washington,Boston,MA,02108,Active,FS,Eating & Drinking,2016-09-12 17:00:10.41+00,9174147539,144543,42.35759154235909,-71.05834235950775
845,Dig Inn,,557 Boylston,Boston,MA,02116,Active,FS,Eating & Drinking,2016-01-08 19:40:47.25+00,9174147539,18347,42.35070299993946,-71.07617400088955
846,DILLON'S,,955 Boylston,BOSTON,MA,02115,Active,FS,Eating & Drinking,2006-12-07 18:36:00+00,6174211818,,42.348060000012566,-71.085760001233
847,DIMITRIOS HOUSE OF PIZZA,,1750 Dorchester,Dorchester,MA,02124,Active,FT,Eating & Drinking w/ Take Out,2006-12-07 18:34:47+00,6178253086,157311,42.290228569150514,-71.0628815378087
848,DING HO FAST FOOD,,88 Harrison,Boston,MA,02111,Active,FT,Eating & Drinking w/ Take Out,2006-12-07 18:35:52+00,6174263126,156805,42.350709397849386,-71.061315828825
849,Dining Hall @Emerson,,122 Boylston,Boston,MA,02116,Active,FS,Eating & Drinking,2018-06-05 19:02:27.46+00,7043284375,367801,42.35224000030213,-71.06577000179554
850,DINO'S CAFE,,141 Salem,Boston,MA,02113,Active,FS,Eating & Drinking,2006-12-07 18:35:10+00,6172271991,158091,42.36505909729228,-71.0553782524761
851,Dirty Water Dough Company,,20 Maverick,East Boston,MA,02128,Active,FS,Eating & Drinking,2019-10-22 18:18:23.92+00,6172242800,392987,42.371669999978344,-71.04210000136459
852,Dirty Water Dough Company,,222 Newbury,Boston,MA,02116,Active,FT,Eating & Drinking w/ Take Out,2013-03-05 18:30:09+00,6172620090,101439,42.34975094521843,-71.08107798749985
853,Discovery Cafe,,3 Blackfan,Boston,MA,02115,Active,FT,Eating & Drinking w/ Take Out,2013-06-28 16:54:09+00,6172271333,15784,42.339009999614404,-71.1042490006627
854,Distraction Brewing Co,,2 Belgrade,Roslindale,MA,02131,Active,FS,Eating & Drinking,2025-05-29 14:37:19.12+00,6174773677,340955,42.28687132050864,-71.1302772597777
855,District 7 Cafe,,376 Warren,Roxbury,MA,02119,Active,FS,Eating & Drinking,2024-11-19 16:17:16.083+00,6175447699,170973,42.318030831344146,-71.08166689545376
856,District 7 Tavern,,380 Warren,Roxbury,MA,02119,Active,FS,Eating & Drinking,2018-10-22 14:29:43.763+00,6715447699,157321,42.3179869427307,-71.08173961500165
857,Doce de Boston - Lower Level,,32 Cambridge,Charlestown,MA,02129,Active,FT,Eating & Drinking w/ Take Out,2026-02-20 13:21:04.037+00,9788219738,25110,42.383569999309664,-71.0743500017016
858,Dockside Beer Garden,,250 Atlantic,Boston,MA,02110,Active,FS,Eating & Drinking,2023-12-19 14:47:45.16+00,8642482011,158389,42.35917915475864,-71.04929798180831
859,Dog House,,300 FANEUIL HALL MARKET,BOSTON,MA,02109,Active,FT,Eating & Drinking w/ Take Out,2007-03-25 15:26:41+00,0,,,
860,Dolce,,270 Hanover,Boston,MA,02113,Active,FT,Eating & Drinking w/ Take Out,2007-08-23 13:17:17+00,6177204243,69076,42.36382000029889,-71.05468000126416
861,DOLCE VITA (1696 Comm. Ave.),,1696 Commonwealth,Brighton,MA,02135,Active,FT,Eating & Drinking w/ Take Out,2011-11-10 13:24:15+00,,163787,42.34124749310464,-71.14650412729425
862,Dolphin Bay,,72 Brighton,Allston,MA,02134,Active,FS,Eating & Drinking,2022-12-01 13:43:38.843+00,5626506886,403829,42.35239999993197,-71.12872000141063
863,Domino's,,1144 Saratoga,East Boston,MA,02128,Active,FT,Eating & Drinking w/ Take Out,2023-08-07 16:38:23.51+00,6175675551,122464,42.38460000038137,-71.00029000069136
864,Domino's,,1400 Tremont,ROXBURY,MA,02119,Active,FT,Eating & Drinking w/ Take Out,2017-12-13 12:35:24.853+00,6173186100,,,
865,Domino's,,165 Fairmount,Hyde Park,MA,02136,Active,FT,Eating & Drinking w/ Take Out,2023-06-13 12:41:32.033+00,6173646550,55671,42.252695000469956,-71.11868200104958
866,Domino's,,25 Staniford,Boston,MA,02114,Active,FT,Eating & Drinking w/ Take Out,2017-12-13 12:55:12.43+00,6173186100,169966,42.36268759974312,-71.06304157272442
867,Domino's,,4000 Washington,Roslindale,MA,02131,Active,FT,Eating & Drinking w/ Take Out,2019-02-20 12:30:19.9+00,6173186100,145054,42.29232000046924,-71.121550001597
868,Domino's,,4640 Washington,Roslindale,MA,02131,Active,FT,Eating & Drinking w/ Take Out,2019-02-20 12:33:28.047+00,6173230525,145317,42.274801238008074,-71.13987105149704
869,Domino's Pizza,,1514 Blue Hill,Mattapan,MA,02126,Active,FT,Eating & Drinking w/ Take Out,2016-02-03 15:23:10.437+00,6172980900,16300,42.27234000042129,-71.09324000150231
870,Domino's Pizza,,163 Old Colony,South Boston,MA,02127,Active,FT,Eating & Drinking w/ Take Out,2012-08-08 13:22:58+00,6172682900,105071,42.33403000041876,-71.05504000171149
871,Domino's Pizza,,205 Adams,Dorchester,MA,02122,Active,FT,Eating & Drinking w/ Take Out,2012-04-17 16:57:58+00,5085201000,,,
872,Domino's Pizza,,277 Main,Charlestown,MA,02129,Active,FT,Eating & Drinking w/ Take Out,2017-12-19 17:59:48.793+00,6174194400,351873,42.37751000041421,-71.06670000168934
873,Domino's Pizza,,416 Cambridge,Allston,MA,02134,Active,FT,Eating & Drinking w/ Take Out,2019-01-15 16:19:09.747+00,6173186100,403787,42.354849999784506,-71.13375000148493
874,Domino's Pizza,,464 Washington,Brighton,MA,02135,Active,FT,Eating & Drinking w/ Take Out,2022-06-29 16:44:16.96+00,6177825655,351531,42.348702411220486,-71.15894967960952
875,Domino's Pizza,,508 Park,Boston,MA,02215,Active,FT,Eating & Drinking w/ Take Out,2019-10-08 17:01:04.613+00,6174249000,157620,42.34770833065359,-71.10582150550843
876,Dona Habana Restaurant,,811 Massachusetts,Roxbury,MA,02119,Active,FS,Eating & Drinking,2016-08-11 19:18:41.397+00,6177080796,92656,42.33268523761584,-71.07292171586668
877,Don Tequeno Y Dona Arepa,,401A Centre,Jamaica Plain,MA,02130,Active,FS,Eating & Drinking,2023-12-21 15:40:05.98+00,6175168816,163030,42.32166738332197,-71.11038878636188
878,Don Tequeno Y Dona Arepa,,491 Blue Hill,Dorchester,MA,02121,Active,FT,Eating & Drinking w/ Take Out,2021-07-08 17:17:59.1+00,6177080221,377674,42.30835000032792,-71.08361000081902
879,Don't Tell Aunty,,1080 Boylston,Boston,MA,02115,Active,FS,Eating & Drinking,2024-03-28 16:00:09.4+00,2692670304,355177,42.34691000012572,-71.08802000151776
880,Dora Taqueria,,112 Stoughton,Dorchester,MA,02125,Active,FS,Eating & Drinking,2021-04-15 13:09:03.97+00,,384462,42.31547000027796,-71.06127000123756
881,Dorchester Brewing Company,,1246 Massachusetts,Dorchester,MA,02125,Active,FS,Eating & Drinking,2016-03-01 20:00:41.26+00,6178697092,419249,42.32215000423211,-71.0622972115485
882,Dorchester Food Co-op,,195 Bowdoin,Dorchester,MA,02122,Active,FS,Eating & Drinking,2022-09-29 16:44:45.15+00,6172725917,17672,42.30481199939217,-71.0680520009122
883,Dorchester Fried Chicken,,851 Washington,Dorchester,MA,02124,Active,FS,Eating & Drinking,2025-04-07 14:59:16.72+00,6176553899,146202,42.28187299995441,-71.07140800104902
884,Dorchester Pizza & Fried Chicken,,159 Washington,Dorchester,MA,02121,Active,FT,Eating & Drinking w/ Take Out,2025-09-02 17:50:58.663+00,6176088092,439779,42.303887088752234,-71.07916168711084
885,Dos Manos Kitchen,,525 Western,Brighton,MA,02135,Active,FT,Eating & Drinking w/ Take Out,2026-04-28 17:36:53.157+00,6177180188,148220,42.36174899392653,-71.1451990845174
886,Dot Block Diner,,1203 Dorchester,Dorchester,MA,02125,Active,FS,Eating & Drinking,2024-07-09 18:16:40.697+00,2393890950,355568,42.30966038954336,-71.05833864019117
887,Double Tree Club Hotel/Starbucks,,821 WASHINGTON,Boston,MA,02111,Active,FT,Eating & Drinking w/ Take Out,2009-05-18 13:04:05+00,6179565180,,,
888,Double Tree Guest Suites,,400 Soldiers Field,Allston,MA,02134,Active,FS,Eating & Drinking,2006-12-07 18:34:54+00,7830090,128311,42.360020000353025,-71.11832000143713
889,Doubletree Hotel Boston-Wisteria,,821 Washington,BOSTON,MA,02116,Active,FS,Eating & Drinking,2006-12-07 18:35:16+00,9567900,,42.34881000001166,-71.06469000124665
890,Doughboy Donuts & Deli,,220 Dorchester,South Boston,MA,02127,Active,FT,Eating & Drinking w/ Take Out,2012-12-03 14:02:36+00,6172697560,48549,42.34011999997212,-71.05676000024202
891,DOUZO JAPANESE RESTAURANT,,131 Dartmouth,Boston,MA,02116,Active,FS,Eating & Drinking,2006-12-07 18:36:36+00,6176427457,46311,42.3465791483361,-71.0753577615969
892,Dovetail,,1 First,Charlestown,MA,02129,Active,FS,Eating & Drinking,2019-08-21 17:04:47.7+00,6173375703,157198,42.37526423631087,-71.0544850912379
893,Down Home Delivery & Catering,,2 Bowdoin,Dorchester,MA,02121,Active,FT,Eating & Drinking w/ Take Out,2010-10-01 13:31:58+00,6172880813,17676,42.29961999949067,-71.07332000168043
894,Dragon Bowl,,396 Brookline,Boston,MA,02115,Active,FT,Eating & Drinking w/ Take Out,2008-01-04 18:41:11+00,7818886896,22101,42.338289999959265,-71.10695000129951
895,Drip By Craft Food Halls,,2 Dry Dock,Boston,MA,02210,Active,FS,Eating & Drinking,2025-02-21 16:11:30.943+00,6178708809,421017,42.34496041650667,-71.03767730675702
896,Drydock Cafe,,7 Dry Dock,Boston,MA,02210,Active,FS,Eating & Drinking,2021-01-29 14:14:11.527+00,6179512999,157724,42.34428736223083,-71.0361239247797
897,DUBLIN HOUSE,,9 Stoughton,Dorchester,MA,02125,Active,FS,Eating & Drinking,2006-12-07 18:34:11+00,6172822235,155753,42.31668927541093,-71.0648211701353
898,Dublin House of Pizza,,197 Humboldt,Dorchester,MA,02121,Active,FT,Eating & Drinking w/ Take Out,2022-04-25 19:10:55.653+00,6176765648,377084,42.3130500000754,-71.08981000081154
899,Ducali Pizzeria & Bar,,289 Causeway,BOSTON,MA,02113,Active,FS,Eating & Drinking,2007-06-01 15:24:41+00,6177424144,,42.3670500000069,-71.05807000123825
900,Dudley Cafe,Shanti Boston LLC,2296 Washington,Roxbury,MA,02119,Active,FS,Eating & Drinking,2014-12-05 14:52:44.7+00,,344708,42.33014025728334,-71.08366243407384
901,Dugout Inseat,,4 Jersey,Boston,MA,02215,Active,FT,Eating & Drinking w/ Take Out,2011-03-08 13:54:30+00,6175366683,156417,42.346768333561606,-71.09864788266272
902,Dumpling Cafe,,693 Washington,Boston,MA,02116,Active,FS,Eating & Drinking,2024-09-13 15:38:34.91+00,6173388858,157022,42.3512859111925,-71.06309970567014
903,Dumpling Center,,179 Massachusetts,Boston,MA,02115,Active,FT,Eating & Drinking w/ Take Out,2026-07-22 14:35:20.337+00,6172668888,91981,42.345714999934216,-71.0873100016281
904,Dumpling King,,40 Harrison,Boston,MA,02111,Active,FT,Eating & Drinking w/ Take Out,2010-12-17 13:52:04+00,6175922383,340723,42.35159985699556,-71.06099622702814
905,Dumpling Kingdom,,137 Harvard,Allston,MA,02134,Active,FS,Eating & Drinking,2019-01-02 16:11:15.617+00,6175628888,354164,42.35225000042956,-71.13207800081092
906,Dumpling Kitchen,,79 River,Mattapan,MA,02126,Active,FT,Eating & Drinking w/ Take Out,2024-04-22 13:15:33.64+00,6178160528,155736,42.27141813714331,-71.07399975516046
907,Dunkin,,100 Cambridge,Boston,MA,02108,Active,FT,Eating & Drinking w/ Take Out,2007-05-15 20:47:44+00,6175234443,25222,42.36058400006433,-71.0621090011358
908,Dunkin,,11 Broadway,South Boston,MA,02127,Active,FT,Eating & Drinking w/ Take Out,2026-04-21 14:31:35.577+00,6172681792,21378,42.3424063937799,-71.05672043999976
909,Dunkin,,214 Beacon,Brighton,MA,02135,Active,FT,Eating & Drinking w/ Take Out,2024-11-26 20:04:57.993+00,6175999802,12758,42.3558705834458,-71.14891598436851
910,Dunkin,,44 Parker,Charlestown,MA,02129,Active,FS,Eating & Drinking,2021-03-15 19:46:35.683+00,9786822382,341101,42.38253321635097,-71.07924797156399
911,Dunkin,,5318 Washington,West Roxbury,MA,02132,Active,FT,Eating & Drinking w/ Take Out,2024-08-29 17:25:22.51+00,,351838,42.257869999941,-71.16080000193955
912,DUNKIN',,157 Seaport,Boston,MA,02210,Active,FT,Eating & Drinking w/ Take Out,2020-11-20 20:36:54.24+00,6172328052,351518,42.34980231875966,-71.04202155101264
913,DUNKIN',,1621 Blue Hill,Mattapan,MA,02126,Active,FT,Eating & Drinking w/ Take Out,2025-04-24 15:05:48.39+00,6176963300,386582,42.2685799996713,-71.09413000067082
914,DUNKIN',,1 First,Charlestown,MA,02129,Active,FT,Eating & Drinking w/ Take Out,2025-04-23 15:21:28.84+00,6172867321,157198,42.37526423631087,-71.0544850912379
915,DUNKIN',,300 Cambridge,Boston,MA,02114,Active,FT,Eating & Drinking w/ Take Out,2019-12-18 17:05:09.45+00,6174644001,421118,42.360940600041516,-71.06841857216737
916,DUNKIN',,684 American Legion,Roslindale,MA,02131,Active,FT,Eating & Drinking w/ Take Out,2006-12-07 18:35:04+00,5243853,156647,42.28359607819745,-71.11251418477778
917,DUNKIN',,715 Boylston,Boston,MA,02116,Active,FT,Eating & Drinking w/ Take Out,2006-12-07 18:33:53+00,6172677153,18382,42.34964999984681,-71.08001000138951
918,DUNKIN DONUT,,16 KNEELAND,BOSTON,MA,02109,Active,FT,Eating & Drinking w/ Take Out,2006-12-07 18:34:46+00,6172415219,,,
919,DUNKIN DONUT,,326 Congress,Boston,MA,02210,Active,FT,Eating & Drinking w/ Take Out,2006-12-07 18:34:47+00,2420740000,42100,42.35118000069858,-71.04926000131
920,Dunkin Donuts,,100 William T Morrissey,Dorchester,MA,02125,Active,FT,Eating & Drinking w/ Take Out,2017-10-11 14:34:21.027+00,6172875082,155810,42.31414630348332,-71.03937232673492
921,Dunkin Donuts,,115 Forsyth,Boston,MA,02115,Active,FT,Eating & Drinking w/ Take Out,2006-12-07 18:35:43+00,6176500372,165379,42.33757778635109,-71.09021055448113
922,Dunkin Donuts,,1200 Hyde Park,Hyde Park,MA,02136,Active,FT,Eating & Drinking w/ Take Out,2006-12-07 18:34:11+00,6173642010,157265,42.257869457926596,-71.12321039751122
923,Dunkin Donuts,,1236 Dorchester,Dorchester,MA,02125,Active,FT,Eating & Drinking w/ Take Out,2022-05-24 17:23:50.65+00,6176373195,156562,42.30843100859584,-71.05803110852698
924,Dunkin Donuts,,1443 Tremont,Mission Hill,MA,02120,Active,FT,Eating & Drinking w/ Take Out,2024-01-09 14:57:38.237+00,6173835417,136836,42.33196000050776,-71.09672000117298
925,Dunkin Donuts,,147 Tremont,Boston,MA,02111,Active,FT,Eating & Drinking w/ Take Out,2017-05-03 16:12:09.85+00,6172328052,170411,42.35511086291571,-71.06300318659036
926,Dunkin Donuts,,153 Massachusetts,Boston,MA,02115,Active,FT,Eating & Drinking w/ Take Out,2019-01-10 16:46:19.273+00,6175616320,156453,42.346437020007016,-71.0875997499494
927,Dunkin Donuts,,1580 Dorchester,Dorchester,MA,02122,Active,FT,Eating & Drinking w/ Take Out,2022-05-24 17:17:56.327+00,6176373195,157565,42.29691473049245,-71.0603884205237
928,Dunkin Donuts,,15 Transportation,East Boston,MA,02128,Active,FT,Eating & Drinking w/ Take Out,2014-12-15 19:17:05.28+00,6175411911,344514,42.36797221792407,-71.03030825493086
929,Dunkin Donuts,,1627 Tremont,Mission Hill,MA,02120,Active,FT,Eating & Drinking w/ Take Out,2024-01-09 14:57:39.417+00,6173835417,137284,42.334006611318195,-71.10367914240656
930,Dunkin Donuts,,179 BRIGHTON ,ALLSTON,MA,02134,Active,FT,Eating & Drinking w/ Take Out,2006-12-07 18:35:29+00,6177873462,,42.35350748150286,-71.13346957446481
931,Dunkin Donuts,,1912 Beacon,Brighton,MA,02135,Active,FT,Eating & Drinking w/ Take Out,2023-03-06 20:07:46.47+00,6172367673,157486,42.33662446584994,-71.148850064119
932,Dunkin Donuts,,1931 Dorchester,Dorchester,MA,02124,Active,FT,Eating & Drinking w/ Take Out,2022-05-24 17:21:43.377+00,8572511653,48448,42.285000000403734,-71.06484000080269
933,Dunkin Donuts,,1 Harbor,South Boston,MA,02127,Active,FT,Eating & Drinking w/ Take Out,2008-07-31 14:59:03+00,6174644001,,,
934,Dunkin Donuts,,200 Terminal,East Boston,MA,02128,Active,FT,Eating & Drinking w/ Take Out,2018-08-09 16:49:24.407+00,6175619300,341353,42.362677345436204,-71.01863498065062
935,Dunkin Donuts,,210 HARVARD,ALLSTON,MA,02134,Active,FT,Eating & Drinking w/ Take Out,2009-03-26 17:25:32+00,6172323402,,,
936,Dunkin Donuts,,2290 Dorchester,Dorchester,MA,02124,Active,FT,Eating & Drinking w/ Take Out,2022-05-24 17:18:03.4+00,8572511653,156550,42.27238282448168,-71.06778955669515
937,Dunkin Donuts,,2489 Washington,Roxbury,MA,02119,Active,FT,Eating & Drinking w/ Take Out,2017-07-12 14:44:58.383+00,6175616320,419827,42.328278953755415,-71.08685505307544
938,Dunkin Donuts,,283 Huntington,Boston,MA,02115,Active,FT,Eating & Drinking w/ Take Out,2019-01-10 16:44:54.31+00,6175616320,155856,42.34193275718929,-71.08650092828051
939,Dunkin Donuts,,315 Centre,Jamaica Plain,MA,02130,Active,FT,Eating & Drinking w/ Take Out,2006-12-07 18:34:24+00,7392117,27970,42.3230159998025,-71.10387700029095
940,Dunkin Donuts,,31 WM C KELLY,EAST BOSTON,MA,02128,Active,FT,Eating & Drinking w/ Take Out,2006-12-07 18:35:28+00,9788981250,,,
941,Dunkin Donuts,,344 Washington,Brighton,MA,02135,Active,FT,Eating & Drinking w/ Take Out,2018-01-11 17:24:51.91+00,6178166882,143521,42.3488457515683,-71.15291352966601
942,Dunkin Donuts,,37 Huntington,Jamaica Plain,MA,02130,Active,FT,Eating & Drinking w/ Take Out,2024-01-09 14:53:04.95+00,6173835417,439004,42.33111351848867,-71.11198674767184
943,Dunkin Donuts,,405 D,Boston,MA,02210,Active,FT,Eating & Drinking w/ Take Out,2014-09-19 17:37:28.163+00,6172415219,345086,42.34412125479619,-71.0441635977346
944,Dunkin Donuts,,4175 WASHINGTON,ROSLINDALE,MA,02131,Active,FT,Eating & Drinking w/ Take Out,2006-12-07 18:33:56+00,6173239851,,42.287902640932586,-71.12700837594468
945,Dunkin Donuts,,510 Southampton,South Boston,MA,02127,Active,FT,Eating & Drinking w/ Take Out,2006-12-07 18:34:04+00,6172699894,129078,42.32975000031629,-71.05739000117734
946,Dunkin Donuts,,530 Commonwealth,Boston,MA,02215,Active,FT,Eating & Drinking w/ Take Out,2023-03-06 20:14:04.24+00,6172367673,157953,42.34849849060922,-71.09629082611978
947,Dunkin Donuts,,598 Washington,Brighton,MA,02135,Active,FT,Eating & Drinking w/ Take Out,2022-06-30 16:12:44.283+00,5087359402,406602,42.35033999973955,-71.16693000063403
948,Dunkin Donuts,,616 MASSACHUSETTS ,BOSTON,MA,02118,Active,FT,Eating & Drinking w/ Take Out,2006-12-07 18:34:53+00,6175411911,,42.33715229261033,-71.07737797192256
949,Dunkin Donuts,,711 Atlantic,Boston,MA,02111,Active,FT,Eating & Drinking w/ Take Out,2010-03-05 16:20:29+00,6174644001,6320,42.35116000068126,-71.05667000085117
950,Dunkin Donuts,,719 Gallivan,Dorchester,MA,02122,Active,FT,Eating & Drinking w/ Take Out,2022-05-24 17:20:59.823+00,6176373195,351817,42.283830000500075,-71.04613000127279
951,Dunkin Donuts,,736 Cambridge,Brighton,MA,02135,Active,FT,Eating & Drinking w/ Take Out,2008-07-24 12:33:57+00,7813311599,156980,42.349573893304694,-71.14797912905065
952,Dunkin Donuts,,750 Washington,Boston,MA,02111,Active,FT,Eating & Drinking w/ Take Out,2006-12-07 18:34:25+00,6172415219,158017,42.35055564807489,-71.06286082550342
953,Dunkin Donuts,,75 L,South Boston,MA,02127,Active,FT,Eating & Drinking w/ Take Out,2014-07-10 14:32:20.307+00,6172681792,82583,42.335135567017,-71.03562959440474
954,Dunkin Donuts,,77 MILK ST,BOSTON,MA,02110,Active,FT,Eating & Drinking w/ Take Out,2007-04-11 15:32:57+00,6174511057,,42.35657999999993,-71.05650000121486
955,Dunkin Donuts,,875 William T Morrissey,Dorchester,MA,02122,Active,FT,Eating & Drinking w/ Take Out,2022-05-24 17:19:55.463+00,8572511653,336968,42.29356000006509,-71.04788000140806
956,Dunkin' Donuts,,1131 Tremont,Boston,MA,02120,Active,FT,Eating & Drinking w/ Take Out,2006-12-07 18:34:38+00,6175411911,158048,42.33554506497985,-71.08818852937158
957,Dunkin' Donuts,,13 Maverick,East Boston,MA,02128,Active,FT,Eating & Drinking w/ Take Out,2021-09-03 16:33:53.043+00,6175692576,167525,42.36897790297998,-71.03920866238217
958,Dunkin' Donuts,,1926 Columbus,Roxbury,MA,02119,Active,FT,Eating & Drinking w/ Take Out,2006-12-07 18:36:29+00,6175411911,157214,42.31681750502517,-71.09798218475912
959,Dunkin' Donuts,,1 DEACONESS,BOSTON,MA,02215,Active,FT,Eating & Drinking w/ Take Out,2006-12-07 18:34:42+00,6172328052,,42.337813275095414,-71.10907881645676
960,Dunkin' Donuts,,21 AUSTIN,CHARLESTOWN,MA,02129,Active,FT,Eating & Drinking w/ Take Out,2006-12-07 18:34:35+00,6172415219,,,
961,Dunkin' Donuts,,235 Washington,Boston,MA,02108,Active,FT,Eating & Drinking w/ Take Out,2006-12-07 18:34:18+00,6172481987,158162,42.3581380618215,-71.0581487013043
962,Dunkin' Donuts,,2360 Washington,Roxbury,MA,02119,Active,FT,Eating & Drinking w/ Take Out,2006-12-07 18:34:37+00,6174272800,144493,42.32937000050038,-71.0844600020372
963,Dunkin' Donuts,,256 Boston,Dorchester,MA,02125,Active,FT,Eating & Drinking w/ Take Out,2006-12-07 18:34:32+00,,17156,42.32086999961968,-71.06091000136296
964,Dunkin' Donuts,,356 Bennington,East Boston,MA,02128,Active,FT,Eating & Drinking w/ Take Out,2021-09-03 16:32:49.07+00,6175692576,391778,42.37973999960746,-71.02669000087954
965,Dunkin' Donuts,,7 Walk Hill,Jamaica Plain,MA,02130,Active,FT,Eating & Drinking w/ Take Out,2006-12-07 18:34:32+00,9831902,141731,42.29556000022539,-71.11610000115121
966,Dunkin' Donuts,,847 Dorchester,Dorchester,MA,02125,Active,FT,Eating & Drinking w/ Take Out,2006-12-07 18:34:26+00,,156523,42.321790812105036,-71.05698010173612
967,Dunkin' Donuts,,951 Bennington,East Boston,MA,02128,Active,FT,Eating & Drinking w/ Take Out,2021-09-03 16:27:57.057+00,6175692576,14946,42.38589000019172,-71.0083500010737
968,DUNKIN DONUTS',,20 North,Boston,MA,02108,Active,FT,Eating & Drinking w/ Take Out,2006-12-07 18:35:51+00,9788981250,103543,42.36072392734681,-71.05639442213527
969,DUNKIN DONUTS',,800 Boylston,Boston,MA,02199,Active,FT,Eating & Drinking w/ Take Out,2006-12-07 18:35:58+00,9784201220,157244,42.34729680482496,-71.0814574594804
970,DUNKIN' DONUTS,,16 Tremont,Boston,MA,02108,Active,FT,Eating & Drinking w/ Take Out,2006-12-07 18:36:41+00,6174644001,356336,42.35908403598115,-71.05952639616407
971,DUNKIN' DONUTS #0311,,818 Harrison,Roxbury,MA,02118,Active,FS,Eating & Drinking,2006-12-07 18:34:48+00,6172470745,156600,42.334723119060364,-71.07348855377451
972,Dunkin Donuts/1138 Washington St.,,1138 Washington,Roxbury,MA,02118,Active,FT,Eating & Drinking w/ Take Out,2006-12-07 18:35:12+00,6174749937,158234,42.343695146907656,-71.06584132702204
973,Dunkin Donuts (209 North Harvard St.),,209 NORTH HARVARD,ALLSTON,MA,02134,Active,FT,Eating & Drinking w/ Take Out,2006-12-07 18:35:34+00,6172545475,,42.36258155442228,-71.13070849293052
974,Dunkin Donuts (219 Cambridge),,219 Cambridge,Allston,MA,02134,Active,FT,Eating & Drinking w/ Take Out,2009-01-26 15:52:26+00,6177871608,25092,42.35822500006128,-71.12625600095666
975,Dunkin Donuts(757 Centre St.),,757 Centre,Jamaica Plain,MA,02130,Active,FT,Eating & Drinking w/ Take Out,2006-12-07 18:34:11+00,6175249420,28193,42.3104447328954,-71.11518033964487
976,Dunkin Donuts (895 Morton St.),,895 Morton,Mattapan,MA,02126,Active,FT,Eating & Drinking w/ Take Out,2012-03-08 19:22:58+00,6175411911,97821,42.280440054610864,-71.0841391168082
977,Dunkin Donuts/Airside,,400 Terminal,East Boston,MA,02128,Active,FT,Eating & Drinking w/ Take Out,2016-10-19 19:24:47.96+00,6175411911,343936,42.36687588332872,-71.02090556665121
978,DUNKIN DONUTS (ALLSTON),,509 Cambridge,Allston,MA,02134,Active,FT,Eating & Drinking w/ Take Out,2006-12-07 18:36:16+00,6178166882,25147,42.35341984383068,-71.1384696227087
979,Dunkin Donuts-Amer Airlines/Landside,,200 LOGAN AIRPORT TRMNL B,EAST BOSTON,MA,02128,Active,FT,Eating & Drinking w/ Take Out,2007-04-04 14:07:42+00,6175411911,,,
980,DUNKIN DONUTS(ARRIVAL),,100 Terminal,East Boston,MA,02128,Active,FT,Eating & Drinking w/ Take Out,2006-12-07 18:36:15+00,6172655800,341357,42.364539860564015,-71.02181743285618
981,Dunkin Donuts at Old Colony,,75 OLD COLONY ,SOUTH BOSTON,MA,02127,Active,FT,Eating & Drinking w/ Take Out,2006-12-07 18:34:54+00,6178280298,,42.33575489872016,-71.05609084800476
982,DUNKIN DONUTS BLUE HILL AVE,,456 Blue Hill,Dorchester,MA,02121,Active,FT,Eating & Drinking w/ Take Out,2006-12-07 18:35:19+00,6175411911,157922,42.309398959927734,-71.08204035735245
983,Dunkin' Donuts(C.A. Donuts),,155 Spring,West Roxbury,MA,02132,Active,FT,Eating & Drinking w/ Take Out,2006-12-07 18:34:25+00,,129544,42.27646000018096,-71.16677000159872
984,Dunkin Donuts (Canal St.),,168 Canal,Boston,MA,02114,Active,FT,Eating & Drinking w/ Take Out,2006-12-11 18:17:01+00,6173888884,25420,42.3650160646198,-71.06117955270855
985,Dunkin Donuts (Causeway St.),,55 Causeway,Boston,MA,02114,Active,FT,Eating & Drinking w/ Take Out,2007-03-31 15:15:10+00,6173675757,26612,42.36431000069534,-71.06294000174364
986,DUNKIN DONUTS (CITY PLACE),,8 Park,Boston,MA,02116,Active,FT,Eating & Drinking w/ Take Out,2006-12-07 18:34:23+00,6172415219,158173,42.35188375148756,-71.06699770937043
987,DUNKIN DONUTS(DEPARTURE),,100 LOGAN AIRPORT TRMNL A,EAST BOSTON,MA,02128,Active,FT,Eating & Drinking w/ Take Out,2006-12-07 18:36:16+00,6172655800,,,
988,DUNKIN DONUTS/FIRST DONUTS INC,,100 Legends,Boston,MA,02114,Active,FT,Eating & Drinking w/ Take Out,2006-12-07 18:34:55+00,6176242841,,,
989,DUNKIN DONUTS(FRANKLIN),,265 Franklin,Boston,MA,02110,Active,FT,Eating & Drinking w/ Take Out,2006-12-07 18:35:05+00,6172328052,60665,42.35650999940216,-71.05332000127466
990,DUNKIN DONUTS/GALLERIA,,340 Longwood,Boston,MA,02115,Active,FT,Eating & Drinking w/ Take Out,2006-12-07 18:34:52+00,6172328052,156613,42.33832798368653,-71.1069593361776
991,DUNKIN DONUTS @ HAYDEN HALL,,330 HUNTINGTON ,BOSTON,MA,02116,Active,FT,Eating & Drinking w/ Take Out,2006-12-07 18:36:12+00,6172655800,,,
992,DUNKIN DONUTS/HYDE PK AVE,,1800 Hyde Park,Hyde Park,MA,02136,Active,FT,Eating & Drinking w/ Take Out,2006-12-07 18:35:10+00,7813952060,156665,42.23788369337201,-71.13213251541764
993,Dunkin Donuts Kiosk,,640 Atlantic,Boston,MA,02111,Active,FT,Eating & Drinking w/ Take Out,2011-12-20 15:50:29+00,6173503194,156474,42.35002140648515,-71.05594134771243
994,Dunkin Donuts @ MBTA Station,,145 Dartmouth,Boston,MA,02116,Active,FT,Eating & Drinking w/ Take Out,2008-04-03 18:33:47+00,6172677153,46313,42.347277918147604,-71.07545140055491
995,Dunkin Donuts North Station,,100 Legends,Boston,MA,02114,Active,FT,Eating & Drinking w/ Take Out,2007-12-17 14:51:57+00,6173674301,,,
996,DUNKIN DONUTS/PLAZA ENT,,66 CORNHILL,BOSTON,MA,02114,Active,FT,Eating & Drinking w/ Take Out,2006-12-07 18:35:06+00,6173675757,,,
997,DUNKIN DONUTS(SATELLITE),,100 Terminal,East Boston,MA,02128,Active,FT,Eating & Drinking w/ Take Out,2006-12-07 18:36:15+00,6175411911,341357,42.364539860564015,-71.02181743285618
998,DUNKIN DONUTS/SCNVANOS,,440 Massachusetts,Roxbury,MA,02118,Active,FT,Eating & Drinking w/ Take Out,2006-12-07 18:36:06+00,9788981250,156265,42.340872887026656,-71.0817695885375
999,Dunkin Donuts @ Stop & Shop,,1100 MASSACHUSETTS ,DORCHESTER,MA,02124,Active,FT,Eating & Drinking w/ Take Out,2006-12-07 18:36:30+00,6172888361,,,
1000,Dunkin Donuts (V.F.W. Pkwy.),,1435 V F W ,WEST ROXBURY,MA,02132,Active,FT,Eating & Drinking w/ Take Out,2006-12-07 18:35:29+00,6173253107,,42.270836102972766,-71.17263962190155
1001,DUNKIN DONUTS/WALDWIN GROUP,,500 Terminal,East Boston,MA,02128,Active,FT,Eating & Drinking w/ Take Out,2007-03-22 18:49:12+00,6175411911,341351,42.36990420124479,-71.01943927546833
1002,DUNKIN' DONUTS-WATERMARK,,111 State,Boston,MA,02109,Active,FT,Eating & Drinking w/ Take Out,2006-12-07 18:35:11+00,6172415219,130369,42.35903499996539,-71.05482300131247
1003,DUNKIN' DONUTS/WATERMARK,,1 Summer,Boston,MA,02111,Active,FT,Eating & Drinking w/ Take Out,2006-12-07 18:36:35+00,6172415219,131977,42.35469999981185,-71.06024000127842
1004,DUNKIN'DONUTS/WATERMARK,,101 Summer,Boston,MA,02111,Active,FT,Eating & Drinking w/ Take Out,2006-12-07 18:35:06+00,6172415219,131979,42.35362000071225,-71.05824000098545
1005,DUNKIN DONUTS(WOLCOTT SQ. LLC),,942 Hyde Park,Hyde Park,MA,02136,Active,FT,Eating & Drinking w/ Take Out,2006-12-07 18:36:14+00,6176996069,77703,42.26757257202414,-71.11988533452268
1006,DUNKIN/DONUT/WATERMARK,,630 Washington,Boston,MA,02111,Active,FT,Eating & Drinking w/ Take Out,2006-12-07 18:35:09+00,6172328052,158089,42.352216163862614,-71.06237926892494
1007,Dunkin Gate C 29,,300 Terminal,East Boston,MA,02128,Active,FT,Eating & Drinking w/ Take Out,2023-11-01 14:55:30.333+00,6175411911,,,
1008,Dunkin Gate C Baggage Claim,,300 Terminal,East Boston,MA,02128,Active,FT,Eating & Drinking w/ Take Out,2023-11-01 14:50:23.223+00,6175411911,,,
1009,Dunkin/Hudson Gate C25,,300 Terminal,East Boston,MA,02128,Active,FT,Eating & Drinking w/ Take Out,2023-01-04 20:19:24.617+00,6176346600,,,
1010,DUNKIN (STATION DONUTS),,4610 Washington,Roslindale,MA,02131,Active,FT,Eating & Drinking w/ Take Out,2006-12-07 18:35:07+00,7813440172,157298,42.27518530006842,-71.139560887284
1011,Dunkin (store 1916),,1 Harborside,East Boston,MA,02128,Active,FT,Eating & Drinking w/ Take Out,2018-12-18 16:15:48.497+00,6175619300,155970,42.36340869696607,-71.02569880822675
1012,Dunkin-Term E Airside,,100 Terminal,East Boston,MA,02128,Active,FT,Eating & Drinking w/ Take Out,2019-05-31 13:35:19.213+00,6175411911,341357,42.364539860564015,-71.02181743285618
1013,Durty Nellie's,,108 Blackstone,Boston,MA,02108,Active,FS,Eating & Drinking,2007-04-17 12:38:51+00,6177422090,15794,42.36167999989074,-71.05655000090367
1014,Dynasty,,14 Hudson,Boston,MA,02111,Active,FS,Eating & Drinking,2021-11-16 17:09:06.23+00,6172931177,75853,42.35062099958602,-71.05990300113616
1015,Eagle Hill Cafe,,65 Meridian,East Boston,MA,02128,Active,FT,Eating & Drinking w/ Take Out,2020-01-21 20:14:13.643+00,8572044619,420809,42.37187186225084,-71.03877917564566
1016,Eagles Deli,,1918 BEACON,BRIGHTON,MA,02135,Active,FS,Eating & Drinking,2008-11-07 15:01:27+00,6177313232,,,
1017,Earl's Kitchen and Bar,,800 Boylston,Boston,MA,02199,Active,FS,Eating & Drinking,2015-12-21 16:01:38.217+00,4168367518,157244,42.34729680482496,-71.0814574594804
1018,EASTERN STANDARD,,775 Beacon,Boston,MA,02215,Active,FS,Eating & Drinking,2022-11-16 16:12:40.727+00,9786216202,439492,42.347397458526494,-71.10143618878206
1019,East Roof Production Kitchen,,2597 Beacon,Brighton,MA,02135,Active,FT,Eating & Drinking w/ Take Out,2010-09-15 13:34:19+00,6175523307,172185,42.33528927232475,-71.16749169530911
1020,Eataly 1St. Floor,,800 Boylston,Boston,MA,02199,Active,FT,Eating & Drinking w/ Take Out,2016-02-02 15:18:52.373+00,,157244,42.34729680482496,-71.0814574594804
1021,Eat Well Meal Kits,,196 Quincy,Dorchester,MA,02125,Active,FT,Eating & Drinking w/ Take Out,2019-06-07 17:21:37.8+00,6317669354,377254,42.31306866790966,-71.07391936327326
1022,Eddie Merlot's,,505 Congress,Boston,MA,02210,Active,FS,Eating & Drinking,2022-12-23 14:28:24.887+00,8572335009,344584,42.34803763895181,-71.04119561209795
1023,EF Boston School,,200 Lake,Brighton,MA,02135,Active,FS,Eating & Drinking,2021-12-10 19:30:51.317+00,,156971,42.34714989583353,-71.1632297605488
1024,Effie's Kitchen,,37 Poplar,Roslindale,MA,02131,Active,FT,Eating & Drinking w/ Take Out,2015-10-01 15:16:51.973+00,6179534825,158211,42.28609802861665,-71.12901836322067
1025,EGLESTON PIZZA,,3080 Washington,Roxbury,MA,02119,Active,FT,Eating & Drinking w/ Take Out,2006-12-07 18:35:33+00,7813200097,144616,42.31544999951652,-71.098410002044
1026,Eire Pub,,791 Adams,Dorchester,MA,02124,Active,FS,Eating & Drinking,2006-12-07 18:33:50+00,6174360088,975,42.28315999980526,-71.05602000071734
1027,El Barco,,50 Dalton,Boston,MA,02115,Active,FS,Eating & Drinking,2025-08-26 18:24:09.013+00,6178679955,45832,42.34706500048197,-71.08564300079891
1028,El Barrio Mexican Grill,,1782 Dorchester,Dorchester,MA,02124,Active,FT,Eating & Drinking w/ Take Out,2013-12-10 20:35:40+00,6172821656,351617,42.2897400001862,-71.06296000162055
1029,El Barrio Mexican Grill,,809 Harrison,Roxbury,MA,02118,Active,FT,Eating & Drinking w/ Take Out,2021-07-21 16:01:59.227+00,6179555327,70063,42.3358149999299,-71.07426100064525
1030,El Centro,,474 SHAWMUT ,BOSTON,MA,02118,Active,FT,Eating & Drinking w/ Take Out,2006-12-07 18:36:20+00,6172625708,,42.33857378274488,-71.07590007539787
1031,EL CHALAN,,405 Chelsea,East Boston,MA,02128,Active,FT,Eating & Drinking w/ Take Out,2006-12-07 18:34:54+00,7813892987,30547,42.37976699941086,-71.02700000178831
1032,El Dugout,,122 Seaver,Dorchester,MA,02121,Active,FT,Eating & Drinking w/ Take Out,2012-09-26 14:19:08+00,6174425515,124142,42.309920000850994,-71.09152000112063
1033,Element Boston Seaport Hotel Rise,,391 D,Boston,MA,02210,Active,FS,Eating & Drinking,2021-12-29 17:02:39.883+00,6175301600,355422,42.342880863545005,-71.04539518146099
1034,ELEMENTS CAFE & CONFERENCE,,77 Avenue Louis Pasteur,Boston,MA,02115,Active,FS,Eating & Drinking,2006-12-07 18:36:23+00,6174326169,6852,42.338440000573556,-71.10279000143157
1035,Elephant & Castle Pub and Restaurant,,161 Devonshire,Boston,MA,02110,Active,FS,Eating & Drinking,2013-02-21 14:06:27+00,6173509977,155974,42.35628619450914,-71.05750069300915
1036,Elephantine Bakery,,332 Congress,Boston,MA,02210,Active,FS,Eating & Drinking,2024-11-12 17:21:54.33+00,,350996,42.351130000435646,-71.04919000184769
1037,Elevated Eats Pro - Lower Level,,32 Cambridge,Charlestown,MA,02129,Active,FT,Eating & Drinking w/ Take Out,2024-10-02 16:42:43.2+00,6177180188,25110,42.383569999309664,-71.0743500017016
1038,El Jardin,,15 William C Kelly,East Boston,MA,02128,Active,FS,Eating & Drinking,2021-01-11 19:53:42.727+00,6175696508,440487,42.37462314273149,-71.03877085254418
1039,El Jefe's Taqueria,,80 Boylston,Boston,MA,02116,Active,FS,Eating & Drinking,2019-11-12 14:53:55.42+00,6179394546,155859,42.35222576580822,-71.06490969394378
1040,El Jefe's Taqueria,,957 Commonwealth,Boston,MA,02215,Active,FS,Eating & Drinking,2021-05-26 13:29:37.113+00,,41310,42.3519100000067,-71.11889000180513
1041,El Jefe's Taqueria of Boston Common,,139 Tremont,Boston,MA,02116,Active,FT,Eating & Drinking w/ Take Out,2025-04-30 14:01:30.423+00,6179363610,341542,42.35542682956729,-71.06382668449932
1042,El Jefe's Taqueria of Kenmore Sq.,,533 Commonwealth,Boston,MA,02215,Active,FS,Eating & Drinking,2025-01-17 20:51:46.593+00,6176440126,41056,42.349177847537035,-71.09657515521376
1043,El Jefe's Taqueria of Northeastern,,269 Huntington,Boston,MA,02115,Active,FS,Eating & Drinking,2020-10-16 19:40:56.19+00,6176695955,156555,42.3421787881163,-71.08624039406656
1044,EL MONDONGUITO,,219 Dudley,Roxbury,MA,02119,Active,FS,Eating & Drinking,2006-12-07 18:34:17+00,6175223672,158018,42.32838325308689,-71.08067980677957
1045,El Palmar Restaurant,,290 Bennington,East Boston,MA,02128,Active,FT,Eating & Drinking w/ Take Out,2015-07-31 17:20:43.807+00,6175698600,14702,42.379018000295396,-71.02859000032772
1046,El Parche Tapa Bar & Restaurant,,636 Bennington,East Boston,MA,02128,Active,FS,Eating & Drinking,2024-07-02 16:15:38.367+00,,14842,42.38386799948877,-71.0155610012138
1047,El Paso Enchiladas,,1 FANEUIL HALL MKT PL,BOSTON,MA,02109,Active,FT,Eating & Drinking w/ Take Out,2007-04-01 15:41:52+00,6175300365,,42.36002999999229,-71.0562400012183
1048,El Pelon,,2193 Commonwealth,Brighton,MA,02135,Active,FT,Eating & Drinking w/ Take Out,2010-02-26 14:55:51+00,,39669,42.34029399999809,-71.16640500100479
1049,EL PENOL RESTAURANT,,54 Bennington,East Boston,MA,02128,Active,FS,Eating & Drinking,2006-12-07 18:36:13+00,6175690100,156292,42.375798698219306,-71.0371015649033
1050,El Recreo Coffee & Roastene,,1872 Centre,West Roxbury,MA,02132,Active,FT,Eating & Drinking w/ Take Out,2014-08-15 15:57:21.957+00,6177557018,163087,42.285756706792384,-71.1553963845278
1051,El Rey Del Pollo Restautant,,109 Blue Hill,Roxbury,MA,02119,Active,FT,Eating & Drinking w/ Take Out,2022-01-25 19:06:40.303+00,6176528172,16141,42.32123500078004,-71.07770100162486
1052,El Rinconcito,,226 Sumner,East Boston,MA,02128,Active,FT,Eating & Drinking w/ Take Out,2012-09-21 12:31:15+00,6175680028,342947,42.36875216055166,-71.03900010369335
1053,El Sonorense Boston - K124,,94 Shirley,Roxbury,MA,02119,Active,FT,Eating & Drinking w/ Take Out,2024-09-05 15:13:37.007+00,6175380022,127222,42.32448468232285,-71.07021644447491
1054,El Triunfo Restaurant / Ali Baba,,147 Berkeley,Roxbury,MA,02118,Active,FS,Eating & Drinking,2016-05-24 16:29:32.68+00,6175428499,15102,42.34351310644978,-71.06478584223925
1055,Emack & Bolio's,,1 Chelsea,Charlestown,MA,02129,Active,FT,Eating & Drinking w/ Take Out,2026-04-28 13:19:03.167+00,6173373571,163254,42.371175459805414,-71.061385413516
1056,Emack & Bolio's,,290 Newbury,Boston,MA,02115,Active,FT,Eating & Drinking w/ Take Out,2007-03-31 14:23:31+00,,101525,42.34881999998288,-71.08456000157048
1057,Embassy Suites Boston Kiosk,,207 Porter,East Boston,MA,02128,Active,FT,Eating & Drinking w/ Take Out,2020-10-15 19:29:46.213+00,6175675000,157095,42.37023460850389,-71.03186818641332
1058,Embassy Suites @Logan Airport,,207 Porter,East Boston,MA,02128,Active,FS,Eating & Drinking,2018-09-10 12:13:33.88+00,6175675000,157095,42.37023460850389,-71.03186818641332
1059,EMC CLUB,,4 Jersey,Boston,MA,02215,Active,FS,Eating & Drinking,2006-12-07 18:36:41+00,6175366683,156417,42.346768333561606,-71.09864788266272
1060,EMC Inseat,,4 Jersey,Boston,MA,02215,Active,FT,Eating & Drinking w/ Take Out,2011-03-25 14:42:15+00,,424258,42.34673007807398,-71.0986629781914
1061,Emirates Lounge,,500 Terminal,East Boston,MA,02128,Active,FS,Eating & Drinking,2017-01-30 15:24:04.79+00,9149355310,341351,42.36990420124479,-71.01943927546833
1062,Emmanuel College,,400 FENWAY,BOSTON,MA,02115,Active,FS,Eating & Drinking,2006-12-07 18:34:40+00,7359905,,42.34162000000249,-71.1040000012267
1063,Emmanuel College (Muddy River Cafe),,400 FENWAY,BOSTON,MA,02115,Active,FS,Eating & Drinking,2007-09-11 13:23:33+00,6177359952,,42.34162000000249,-71.1040000012267
1064,EMMETS/ROXANNE'S,,6 Beacon,Boston,MA,02108,Active,FS,Eating & Drinking,2007-03-27 13:22:28+00,6177428565,12020,42.357990000384234,-71.06161000183253
1065,Emmi Bakery and Cafe,,1 Chelsea,Charlestown,MA,02129,Active,FS,Eating & Drinking,2025-01-22 19:02:25.027+00,6179387258,163254,42.371175459805414,-71.061385413516
1066,Empanadas De La Abuela - Lower Level,,32 Cambridge,Charlestown,MA,02129,Active,FT,Eating & Drinking w/ Take Out,2026-02-06 20:23:10.897+00,6172130180,25110,42.383569999309664,-71.0743500017016
1067,EMPIRE GARDEN,,686 Washington,Boston,MA,02111,Active,FS,Eating & Drinking,2017-08-29 18:27:11.48+00,6173099695,155995,42.35128644337699,-71.0627264506997
1068,Empire Restaurant,,1 Marina Park,Boston,MA,02210,Active,FS,Eating & Drinking,2012-03-01 13:43:35+00,6172950001,,,
1069,Energize,,265 Massachusetts,Boston,MA,02115,Active,FS,Eating & Drinking,2017-12-28 16:02:00.563+00,7812907769,365131,42.3438199997461,-71.08646000172585
1070,Energize,,610 Washington,Brighton,MA,02135,Active,FS,Eating & Drinking,2015-12-22 16:13:38.457+00,7812907769,143653,42.35044000068933,-71.16784000171793
1071,Epiphany Kuisine,,196 Quincy,Dorchester,MA,02125,Active,FT,Eating & Drinking w/ Take Out,2026-03-23 17:32:26.063+00,8574296218,377254,42.31306866790966,-71.07391936327326
1072,Equis Pica Pollo,,600 Blue Hill,Dorchester,MA,02121,Active,FT,Eating & Drinking w/ Take Out,2025-07-09 19:16:59.123+00,6175168313,162187,42.303724994086366,-71.08471089976244
1073,Equis Pica Pollo,,656 Centre,Jamaica Plain,MA,02130,Active,FT,Eating & Drinking w/ Take Out,2026-05-22 12:32:45.83+00,6175168313,28152,42.312829999775275,-71.11386000174191
1074,Erich Lindemann Mental Health Center,,25 Staniford,Boston,MA,02114,Active,FS,Eating & Drinking,2024-08-05 14:24:28.993+00,6176268700,157403,42.362112347478465,-71.06349972763918
1075,Ernestos Pizza,,69 Salem,Boston,MA,02113,Active,FS,Eating & Drinking,2013-03-11 15:51:40+00,6175231373,121923,42.36334999978006,-71.0558400019792
1076,Esperia Grill & Rotisserie,,344 Washington,Brighton,MA,02135,Active,FT,Eating & Drinking w/ Take Out,2007-08-27 14:36:52+00,6172548337,143521,42.3488457515683,-71.15291352966601
1077,Espresso Love Cafe,,33 Broad,Boston,MA,02109,Active,FS,Eating & Drinking,2010-12-02 16:10:03+00,5122933546,20466,42.35842999980477,-71.05450000038914
1078,Essential Herb & Juice Cafe,,501B Washington,Dorchester,MA,02124,Active,FT,Eating & Drinking w/ Take Out,2020-09-10 12:39:33.43+00,6175068302,332483,42.294107315050475,-71.07212862490132
1079,Estella,,49 Temple,Boston,MA,02111,Active,FS,Eating & Drinking,2022-07-25 19:35:03.077+00,6178559869,156349,42.354863733458814,-71.06184347059988
1080,Esthetic Bean,,16 Preble,South Boston,MA,02127,Active,FT,Eating & Drinking w/ Take Out,2021-08-16 13:54:37.293+00,6173157263,112534,42.329597492476445,-71.05636766404474
1081,Estragon,,700 Harrison,BOSTON,MA,02118,Active,FS,Eating & Drinking,2007-12-07 17:58:22+00,7817715498,,42.338359999998644,-71.07029000122076
1082,ETHEL & ANDY'S SUB SHOP,,134 K,South Boston,MA,02127,Active,FT,Eating & Drinking w/ Take Out,2006-12-07 18:34:04+00,6172699775,157562,42.3382329845424,-71.03733937150112
1083,Ethiopian Cafe,,377 Centre,Jamaica Plain,MA,02130,Active,FS,Eating & Drinking,2017-07-14 14:10:27.29+00,6173196971,343460,42.32237676532191,-71.10912920910026
1084,Ethiopian Cafe & Pizza,,150 Dudley,Roxbury,MA,02119,Active,FS,Eating & Drinking,2023-10-17 18:17:52.247+00,,49636,42.32883428062245,-71.0832071206663
1085,Etnias Bar and Grill,,145 Meridian,East Boston,MA,02128,Active,FS,Eating & Drinking,2022-01-14 18:36:56.83+00,6178748336,351705,42.37368999985251,-71.0388730007549
1086,EUGENE O' NEILLS,,3700 Washington,Jamaica Plain,MA,02130,Active,FS,Eating & Drinking,2021-03-25 13:17:58.357+00,6175532492,144970,42.300529999983986,-71.11280900137946
1087,Eurest @ Delta Sky Club,,500 Terminal,East Boston,MA,02128,Active,FS,Eating & Drinking,2024-01-08 17:02:20.58+00,4044674085,341351,42.36990420124479,-71.01943927546833
1088,Eurest @ Griffith Properties,,20 Guest,Brighton,MA,02135,Active,FT,Eating & Drinking w/ Take Out,2023-02-09 15:25:59.827+00,7043281190,406118,42.357610681691206,-71.14650138405605
1089,Eurest @ WBZ Cafe,,1170 Soldiers Field,Allston,MA,02134,Active,FS,Eating & Drinking,2008-05-30 14:21:51+00,6177877070,128289,42.364859999293046,-71.13337000128128
1090,EVA,,279A Newbury,Boston,MA,02115,Active,FS,Eating & Drinking,2022-04-04 14:07:34.567+00,,101492,42.34924155623669,-71.08444872256098
1091,Evan To Go,,411 Adams,Dorchester,MA,02122,Active,FT,Eating & Drinking w/ Take Out,2023-07-13 14:33:51.653+00,6173316530,714,42.295240000194184,-71.05640000143401
1092,Eventide Fenway,,1321 Boylston,Boston,MA,02215,Active,FS,Eating & Drinking,2017-03-22 14:29:44.197+00,,421351,42.34443605976116,-71.09908410812845
1093,Evergreen Eatery,,154 Green,Jamaica Plain,MA,02130,Active,FS,Eating & Drinking,2017-11-06 18:49:57.71+00,6176765489,351883,42.31048097677929,-71.10675155999017
1094,Everlasting Flow,,66 Brighton,Allston,MA,02134,Active,FS,Eating & Drinking,2025-06-11 14:24:58.91+00,,355112,42.352399999681445,-71.12881000045662
1095,F1 Arcade,,113 Seaport,Boston,MA,02210,Active,FS,Eating & Drinking,2023-05-16 15:50:56.56+00,6176753131,355705,42.350884686367415,-71.04459809425383
1096,Faccia a Faccia,,278 Newbury,Boston,MA,02116,Active,FS,Eating & Drinking,2021-03-29 19:30:10.207+00,,282318,42.34905999972493,-71.0836500016905
1097,FAI Canteen,,535 Albany,Roxbury,MA,02118,Active,FT,Eating & Drinking w/ Take Out,2026-04-16 17:10:49.307+00,6174177250,155811,42.338403173088494,-71.06693917323125
1098,Fairmont Copley Plaza,,138 Saint James,Boston,MA,02116,Active,FS,Eating & Drinking,2019-02-05 19:00:02.693+00,6172675300,421126,42.34921000010745,-71.07624000104651
1099,Falafel King II,,262 Washington,Boston,MA,02109,Active,FT,Eating & Drinking w/ Take Out,2012-08-24 14:36:37+00,6172276400,330779,42.35774000019551,-71.05784000098464
1100,Falafel King I I I,,62 Summer,Boston,MA,02110,Active,FS,Eating & Drinking,2013-11-15 16:12:34+00,6178692741,132031,42.35431999988238,-71.05862100104237
1101,Fan Fan Restaurant,,15 Harvard,Hyde Park,MA,02136,Active,FS,Eating & Drinking,2009-12-03 14:15:01+00,6173641390,70313,42.25638100060899,-71.12201700159585
1102,Farmer Horse Coffee,,374 Massachusetts,Boston,MA,02115,Active,FT,Eating & Drinking w/ Take Out,2020-01-14 13:33:33.21+00,7815709061,351879,42.342069999921264,-71.08349000167735
1103,Farmhouse Cafe,,1 FRANKLIN PARK,BOSTON,MA,02122,Active,FT,Eating & Drinking w/ Take Out,2006-12-07 18:36:14+00,6179892007,,,
1104,Far Out Ice Cream,,1930 BEACON,Brighton,MA,02135,Active,FT,Eating & Drinking w/ Take Out,2026-03-03 17:51:02.557+00,5083973034,0,,
1105,Far Out Ice Cream,,201 Brookline,Boston,MA,02215,Active,FT,Eating & Drinking w/ Take Out,2024-03-21 17:35:51.13+00,6174878102,340960,42.34486239691058,-71.10160474147757
1106,Fasika Cafe,,51 Roxbury,Roxbury,MA,02119,Active,FS,Eating & Drinking,2017-09-26 15:12:21+00,6174276300,351534,42.3297099999324,-71.08546000095315
1107,Fat Baby Sushi,,116 Dorchester,South Boston,MA,02127,Active,FS,Eating & Drinking,2017-06-12 15:00:02.117+00,6172246602,388516,42.33503000035357,-71.04619000172099
1108,Felcaro Pizzeria,,276 Cambridge,Boston,MA,02114,Active,FS,Eating & Drinking,2008-04-07 13:04:09+00,6177420011,25264,42.36094900039029,-71.06801300116925
1109,Fenway Grill & Bar,,84 Peterborough,Boston,MA,02215,Active,FT,Eating & Drinking w/ Take Out,2025-12-12 14:30:40.27+00,6175301778,168718,42.343077111885144,-71.09911010660659
1110,Fenway Park-Aura Club,,4 Jersey,Boston,MA,02215,Active,FS,Eating & Drinking,2006-12-07 18:36:41+00,6175366683,156417,42.346768333561606,-71.09864788266272
1111,Fenway Theater-L2 (Club Kitchen),,2 Lansdowne,Boston,MA,02215,Active,FS,Eating & Drinking,2022-06-21 16:36:08.087+00,6179825146,452071,42.346977987638844,-71.0949430020345
1112,Fete Restaurant and Lounge,,23 Kingston,Boston,MA,02111,Active,FS,Eating & Drinking,2023-01-18 17:59:15.78+00,6179364151,340977,42.35373218525964,-71.05923084011631
1113,Fidelity 245 Cafe,,245 Summer,Boston,MA,02111,Active,FS,Eating & Drinking,2019-06-14 15:05:05.99+00,6172267525,131985,42.35139500051561,-71.05385200185539
1114,Fidelity Beanery,,245 Summer,Boston,MA,02111,Active,FS,Eating & Drinking,2019-06-14 14:42:57.463+00,6172267525,131985,42.35139500051561,-71.05385200185539
1115,Figaro's,,92 Peterborough,Boston,MA,02215,Active,FT,Eating & Drinking w/ Take Out,2026-04-07 15:39:54.913+00,7819410518,351028,42.34313500013552,-71.09884100147548
1116,FIGARO'S BOSTON DELICATESSEN,,105 Beach,Boston,MA,02111,Active,FT,Eating & Drinking w/ Take Out,2006-12-07 18:35:41+00,6174262121,9279,42.350710000135734,-71.05826000159666
1117,FILIPPO'S,,283 Causeway,Boston,MA,02113,Active,FS,Eating & Drinking,2006-12-07 18:34:42+00,6177424143,155911,42.36696331777658,-71.05818088145473
1118,FILL A BUSTER,,130 Bowdoin,Boston,MA,02108,Active,FT,Eating & Drinking w/ Take Out,2006-12-07 18:33:52+00,5238164,17550,42.35857000038995,-71.06258000159579
1119,FINAGLE-A-BAGEL,,535 Boylston,Boston,MA,02116,Active,FT,Eating & Drinking w/ Take Out,2006-12-07 18:34:36+00,6172138400,18338,42.350871226531446,-71.07558962764519
1120,Finns Fusion Cuisine,,1187 Blue Hill,Mattapan,MA,02126,Active,FT,Eating & Drinking w/ Take Out,2023-09-08 16:18:31.343+00,,16182,42.28380999979143,-71.09192000081293
1121,FIN'S SUSHI & GRILL,,240 Cambridge,Boston,MA,02114,Active,FS,Eating & Drinking,2011-06-30 17:58:31+00,6176695420,155887,42.36098677310064,-71.06685856815649
1122,Fins Sushi & Grill  Inc.,,354 Chestnut Hill,Brighton,MA,02135,Active,FT,Eating & Drinking w/ Take Out,2007-09-10 17:55:56+00,6177310018,31866,42.33684243669026,-71.15151611427619
1123,FIRE & ICE,,31 Saint James,Boston,MA,02116,Active,FS,Eating & Drinking,2019-04-19 13:37:01.863+00,6174823473,155769,42.35086717736054,-71.07188451925856
1124,First Baptist Church in Jamaica Plain,,633 Centre,Jamaica Plain,MA,02130,Active,FS,Eating & Drinking,2010-12-28 18:46:32+00,6175243992,,,
1125,First Watch#1180,,777 Boylston,Boston,MA,02116,Active,FS,Eating & Drinking,2025-01-08 16:11:09.79+00,,18396,42.349169860800934,-71.08132480568739
1126,FISHER COLLEGE,,118 Beacon,Boston,MA,02116,Active,FS,Eating & Drinking,2006-12-07 18:34:56+00,8009998989,9518,42.35524544523841,-71.074132163319
1127,Fiskie's Cafe,,27 Harbor Point,Dorchester,MA,02125,Active,FS,Eating & Drinking,2018-05-08 12:49:35.1+00,6172828288,157978,42.31888450711614,-71.04227685355734
1128,Five Elements Life - Lower Level,,32 Cambridge,Charlestown,MA,02129,Active,FT,Eating & Drinking w/ Take Out,2026-05-05 15:44:58.237+00,6172167724,25110,42.383569999309664,-71.0743500017016
1129,Five Guys,,1213 Commonwealth,Allston,MA,02134,Active,FS,Eating & Drinking,2019-02-14 16:05:38.64+00,6172086236,37122,42.350810000181944,-71.13072400072336
1130,Five Guys,,263 Huntington,Boston,MA,02115,Active,FS,Eating & Drinking,2019-02-14 15:43:40.923+00,6172086236,351587,42.34225000003425,-71.08614000084735
1131,Five Guys,,58 Summer,Boston,MA,02110,Active,FS,Eating & Drinking,2019-02-14 15:57:47.053+00,6172086236,132027,42.35438999969426,-71.05871000146233
1132,Five Horses Tavern,,535 Columbus,Roxbury,MA,02118,Active,FS,Eating & Drinking,2012-11-16 15:06:27+00,6177641655,157776,42.341856359148636,-71.0805609330502
1133,Five Iron Golf,,1 Washington Mall,Boston,MA,02108,Active,FS,Eating & Drinking,2021-11-22 15:09:53.923+00,,,,
1134,Five Iron Golf,,311 Summer,Boston,MA,02210,Active,FS,Eating & Drinking,2024-07-25 18:28:55.333+00,,414641,42.3493299995599,-71.04900000121508
1135,Five Spices House,,58 Beach,Boston,MA,02111,Active,FS,Eating & Drinking,2015-04-01 15:53:10.87+00,6175748888,340069,42.351479999606745,-71.060450001381
1136,Five Star Pizza,,616 Gallivan,Dorchester,MA,02122,Active,FT,Eating & Drinking w/ Take Out,2017-03-31 15:06:20.893+00,6178255554,383313,42.28359999993004,-71.0507400007223
1137,FLAMES RESTAURANT,,1 Peabody,Dorchester,MA,02124,Active,FS,Eating & Drinking,2018-11-20 14:55:31.247+00,6175949827,108711,42.286109999615796,-71.06369000049385
1138,FLAMES RESTAURANT,,663 Morton,Mattapan,MA,02126,Active,FT,Eating & Drinking w/ Take Out,2006-12-07 18:35:37+00,6175949827,97755,42.28521000013621,-71.0933100007878
1139,FLAMES RESTAURANT,,746 Huntington,Mission Hill,MA,02120,Active,FT,Eating & Drinking w/ Take Out,2006-12-07 18:36:19+00,6175949827,156872,42.333629991933634,-71.10549126904101
1140,FLAMES RESTAURANT III  INC.,,469 BLUE HILL ,DORCHESTER,MA,02121,Active,FT,Eating & Drinking w/ Take Out,2006-12-07 18:36:29+00,6175949827,,42.30989292896117,-71.08204818700601
1141,Flaming Grill & Buffet,,950 American Legion,Hyde Park,MA,02136,Active,FS,Eating & Drinking,2015-12-21 17:34:41.78+00,9172933237,347022,42.27499294747374,-71.11477965533017
1142,FLAT BLACK COFFEE CO. LTD.,,1170 Washington,Dorchester,MA,02124,Active,FT,Eating & Drinking w/ Take Out,2006-12-07 18:35:44+00,6177315482,156190,42.27241233561503,-71.06833989362595
1143,Flavor Boom,,30 Batterymarch,Boston,MA,02109,Active,FT,Eating & Drinking w/ Take Out,2023-01-26 15:42:21.223+00,7868100221,161831,42.357579648000915,-71.0538260659889
1144,Flavor Boom,,703 Centre,Jamaica Plain,MA,02130,Active,FT,Eating & Drinking w/ Take Out,2022-05-09 12:22:16.56+00,6177441216,397124,42.311529999973025,-71.11463000176256
1145,Flight Club,,60 Seaport,Boston,MA,02210,Active,FS,Eating & Drinking,2019-08-01 16:04:40.357+00,8573025558,419846,42.35284399364106,-71.04709889448148
1146,Flik@Foley Hoag 13th Floor Cafe,,155 Seaport,Boston,MA,02210,Active,FS,Eating & Drinking,2025-05-14 19:16:25.14+00,4017864593,156147,42.34967033087804,-71.04280854214417
1147,Flik @ Goodwin Proctor,,100 Northern,Boston,MA,02210,Active,FS,Eating & Drinking,2016-02-05 13:33:28.253+00,6175265403,351934,42.35223926109794,-71.04353645387097
1148,Flik International @VCGT,,316 Northern,Boston,MA,02210,Active,FS,Eating & Drinking,2020-10-30 17:23:23.04+00,6173566091,437994,42.345764107161614,-71.03203868500277
1149,Flik @ Kirkland & Ellis,,200 Clarendon,Boston,MA,02116,Active,FS,Eating & Drinking,2018-06-20 16:34:23.19+00,6172267525,33209,42.34921000046016,-71.07513000164919
1150,Flik @ One Lincoln Club 1st Fl.,,1 Lincoln,Boston,MA,02111,Active,FS,Eating & Drinking,2024-09-17 15:48:20.557+00,9783042911,86009,42.35288599964905,-71.05869500042084
1151,Flik @ Putnam Investments,,100 Federal,Boston,MA,02110,Active,FS,Eating & Drinking,2017-03-29 17:21:23.67+00,6175265403,57150,42.354770000088834,-71.0561300019333
1152,Flik @ Skadden  Arps  Slate,,500 Boylston,Boston,MA,02116,Active,FS,Eating & Drinking,2014-02-07 15:19:31+00,6172267525,18333,42.35053000034381,-71.07390000167878
1153,Flik @ Willmer Hale Cafe,,60 State,Boston,MA,02109,Active,FT,Eating & Drinking w/ Take Out,2006-12-07 18:34:25+00,6175265403,130427,42.359270000101496,-71.05643000032522
1154,FLORENTINE CAFFE,,333 Hanover,Boston,MA,02113,Active,FS,Eating & Drinking,2006-12-07 18:34:41+00,6172277606,157419,42.364326098113935,-71.05370561631223
1155,Florenza,,164 Sumner,East Boston,MA,02128,Active,FS,Eating & Drinking,2023-06-26 14:11:07.117+00,,170103,42.36953229149838,-71.04082761745583
1156,FLORIAN RESTAURANT,,55 Hallet,Dorchester,MA,02124,Active,FS,Eating & Drinking,2006-12-07 18:34:38+00,6172886666,158049,42.28237629383543,-71.04765865221219
1157,Florina Restaurant,,16 Derne,Boston,MA,02114,Active,FT,Eating & Drinking w/ Take Out,2016-04-29 14:22:02.93+00,6178230584,157366,42.35951951773482,-71.06344983806821
1158,Flour Bakery,,209 Cambridge,Boston,MA,02114,Active,FS,Eating & Drinking,2020-01-06 17:42:55.167+00,6179034352,352501,42.361366583168085,-71.06656306425441
1159,Flour Bakery & Cafe,,12 Farnsworth,Boston,MA,02210,Active,FT,Eating & Drinking w/ Take Out,2007-01-19 15:59:03+00,6173384333,56390,42.3513700000515,-71.04881000137983
1160,Flour Bakery + Cafe,,1B Charles,Boston,MA,02116,Active,FT,Eating & Drinking w/ Take Out,2025-03-04 17:25:57.037+00,6179034352,344767,42.35429009332041,-71.06641976254919
1161,FLOUR BAKERY & CAFE,,131 Clarendon,Boston,MA,02116,Active,FS,Eating & Drinking,2012-09-28 12:56:53+00,,208100,42.348390000046535,-71.07384000134216
1162,FLOUR BAKERY & CAFE,,1595 Washington,Roxbury,MA,02118,Active,FT,Eating & Drinking w/ Take Out,2006-12-07 18:35:17+00,6172674300,157458,42.338323049728295,-71.07488090507623
1163,FLOUR BAKERY & CAFE,,1618 Tremont,Mission Hill,MA,02120,Active,FS,Eating & Drinking,2025-08-14 15:48:45.273+00,,157254,42.33335190286622,-71.10442045552743
1164,FLOUR BAKERY & CAFE,,19 Dry Dock,Boston,MA,02210,Active,FS,Eating & Drinking,2018-05-16 14:33:01.19+00,6179034352,351800,42.344264320485664,-71.03300745731984
1165,FLOUR BAKERY & CAFE,,30 Dalton,Boston,MA,02115,Active,FS,Eating & Drinking,2016-12-30 18:18:17.07+00,6179034352,351052,42.345918020270254,-71.08458216236195
1166,Fluffy Fluffy - Space#5,,122 Brighton,Allston,MA,02134,Active,FT,Eating & Drinking w/ Take Out,2025-07-30 14:32:13.43+00,7745059999,162569,42.35240065993929,-71.13107730992346
1167,FMI Cafe - 6th Fl. Main Kitchen,,370 Summer,Boston,MA,02210,Active,FS,Eating & Drinking,2024-01-05 14:56:51.4+00,3126626539,443122,42.34883326892876,-71.0466208311902
1168,FMI Cafe - Coffee Bar,,370 Summer,Boston,MA,02210,Active,FT,Eating & Drinking w/ Take Out,2024-01-05 14:57:50.033+00,3126626539,443122,42.34883326892876,-71.0466208311902
1169,Fogo de Chao - Churrascaria,,10 Huntington,Boston,MA,02116,Active,FS,Eating & Drinking,2012-03-09 13:45:50+00,,76236,42.34854500042617,-71.07731400127675
1170,Folio @ The Boston Athenaeum,,14 Beacon,Boston,MA,02108,Active,FS,Eating & Drinking,2022-07-26 18:23:22.18+00,,9636,42.35786099952289,-71.06235600115457
1171,Fomu Ice Cream,,140 Brookline,Boston,MA,02215,Active,FT,Eating & Drinking w/ Take Out,2019-03-13 18:20:48.847+00,,22085,42.34492377823661,-71.10068662211538
1172,Food 4 Thought Cafe,,145 Harrison,Boston,MA,02111,Active,FS,Eating & Drinking,2019-09-27 17:03:13.637+00,6179099143,157119,42.349909677665366,-71.06199938475564
1173,Food Opera,,81 Essex,Boston,MA,02111,Active,FS,Eating & Drinking,2018-02-05 16:05:51.483+00,,54339,42.35241000028063,-71.06026000076038
1174,FOOD WALL CHINESE,,387 Centre,Jamaica Plain,MA,02130,Active,FT,Eating & Drinking w/ Take Out,2006-12-07 18:35:49+00,6175246636,28018,42.322280000105515,-71.10956000135205
1175,Forcella,,33 North,Boston,MA,02113,Active,FS,Eating & Drinking,2018-11-19 15:14:31.06+00,8572770870,103518,42.363484467076816,-71.05384726248151
1176,Ford Clubhouse,,4 Jersey,Boston,MA,02215,Active,FS,Eating & Drinking,2006-12-07 18:36:00+00,6175366683,156417,42.346768333561606,-71.09864788266272
1177,FOREST HILLS PIZZA,,3722 Washington,Jamaica Plain,MA,02130,Active,FT,Eating & Drinking w/ Take Out,2015-09-01 18:52:58.577+00,6033770078,156254,42.29998622866153,-71.11327129020745
1178,For Five,,450 Brookline,Boston,MA,02215,Active,FT,Eating & Drinking w/ Take Out,2013-04-25 16:47:07+00,0,,,
1179,For Five Coffee Roasters,,200 State,Boston,MA,02109,Active,FT,Eating & Drinking w/ Take Out,2021-11-12 17:20:12.01+00,9176932871,130418,42.3600300002316,-71.05319000068395
1180,Formaggio Kitchen,,268 Shawmut,Roxbury,MA,02118,Active,FT,Eating & Drinking w/ Take Out,2023-01-13 18:04:00.357+00,6173506996,371006,42.34310999964526,-71.0686200008554
1181,Fornax Bread,,27 Corinth,Roslindale,MA,02131,Active,FT,Eating & Drinking w/ Take Out,2023-10-10 14:45:36.46+00,6173258852,158113,42.28612843739211,-71.12993840747576
1182,Fort Hill Bar & Grill,,2801 Washington,Roxbury,MA,02119,Active,FS,Eating & Drinking,2017-06-22 17:04:56.96+00,6176424262,171110,42.321683023165505,-71.09216832336531
1183,Foundation Kitchen - Cafe/Bar,,32 Cambridge,Charlestown,MA,02129,Active,FT,Eating & Drinking w/ Take Out,2026-06-18 15:28:32.03+00,6177180188,25110,42.383569999309664,-71.0743500017016
1184,Four Seasons,,1 Dalton,Boston,MA,02115,Active,FS,Eating & Drinking,2016-12-29 13:26:01.247+00,6173774888,351070,42.34575371386298,-71.08401153537174
1185,Four Seasons Hotel Boston,,200 Boylston,Boston,MA,02116,Active,FS,Eating & Drinking,2006-12-07 18:33:52+00,3384400000,18111,42.35220999974208,-71.06809000143377
1186,Four Seasons Hotel Boston Lounge,,200 Boylston,Boston,MA,02116,Active,FS,Eating & Drinking,2022-02-10 16:04:29.21+00,6173384400,162431,42.35221204705816,-71.06795101316831
1187,Fox and Flight,,100 Terminal A,East Boston,MA,02128,Active,FS,Eating & Drinking,2023-05-23 15:41:36.383+00,,392606,42.36449000033483,-71.02225000068903
1188,Foxglove Terrace - 16th Fl,,30 Western,Allston,MA,02134,Active,FS,Eating & Drinking,2025-05-09 15:24:00.453+00,,456798,42.36361843600092,-71.12181988860992
1189,Foxhole,,269 Newbury,Boston,MA,02116,Active,FS,Eating & Drinking,2023-04-25 16:05:33.443+00,7815201428,101482,42.349544000831784,-71.08356500186807
1190,Fox & The Knife,,28 Broadway,South Boston,MA,02127,Active,FS,Eating & Drinking,2018-10-29 14:01:45.203+00,6177668630,157809,42.34272366686073,-71.05650975973373
1191,Franciscan Children's Cafe,,30 Warren,Allston,MA,02134,Active,FS,Eating & Drinking,2016-06-09 12:26:10.517+00,6172543800,155719,42.35012728733296,-71.1428629172821
1192,Franciscan Children's Hospital/Dunkin Donuts,,30 Warren,Allston,MA,02134,Active,FT,Eating & Drinking w/ Take Out,2025-03-21 15:36:03.653+00,6172543800,155719,42.35012728733296,-71.1428629172821
1193,FRANKLIN CAFE,,278 Shawmut,Roxbury,MA,02118,Active,FS,Eating & Drinking,2006-12-07 18:34:49+00,6173500010,156603,42.3429382733942,-71.06889080157299
1194,Freeport Street Cafeteria,,179 Freeport,Dorchester,MA,02122,Active,FS,Eating & Drinking,2013-12-12 13:47:35+00,6176911560,60866,42.303749999884815,-71.05454000076315
1195,Frenchie,,560 Tremont,Roxbury,MA,02118,Active,FS,Eating & Drinking,2016-12-06 16:11:45.56+00,,351751,42.343629999821594,-71.07176000072948
1196,French Quarter,,545 Washington,Boston,MA,02111,Active,FS,Eating & Drinking,2020-01-21 20:26:30.54+00,6175425555,355208,42.35389047651939,-71.06266445102227
1197,Fresh Boston,,232 Old Colony,South Boston,MA,02127,Active,FT,Eating & Drinking w/ Take Out,2022-08-04 17:45:54.613+00,6173157090,105081,42.33231315706444,-71.05329617328604
1198,Fresh Bowls & Greens - 14' Trailer,,420 D,Boston,MA,02210,Active,FT,Eating & Drinking w/ Take Out,2026-05-05 13:04:54.113+00,8573279300,354122,42.34382231043024,-71.04538199519762
1199,Fresh Food Generation,,191 Talbot,Dorchester,MA,02124,Active,FT,Eating & Drinking w/ Take Out,2021-01-19 19:47:26.273+00,6176027185,133673,42.292120358762226,-71.07906803975122
1200,Fresh Fuel at Granby Commons,,213 Bay State,Boston,MA,02215,Active,FS,Eating & Drinking,2006-12-07 18:36:18+00,6173532947,157671,42.350771767630924,-71.1029316428523
1201,Fresh Monkee,,106 Cambridge,Boston,MA,02114,Active,FT,Eating & Drinking w/ Take Out,2025-08-29 15:03:00.837+00,6178216759,351695,42.361066462661306,-71.06318381341535
1202,Friendship BBQ Allston,,103 Brighton,Allston,MA,02134,Active,FS,Eating & Drinking,2020-11-10 17:52:53.43+00,9176820038,351773,42.353020000151425,-71.1305200014605
1203,Fries Before Guys,,485 Cambridge,Allston,MA,02134,Active,FT,Eating & Drinking w/ Take Out,2025-12-19 20:27:07.95+00,9496688295,352048,42.353799999415976,-71.13733000202886
1204,Frio Rico,,360 Bennington,East Boston,MA,02128,Active,FT,Eating & Drinking w/ Take Out,2007-12-10 17:51:44+00,6178319319,14723,42.3798499997405,-71.0265800004596
1205,Fritay Restaurant,,1336 Blue Hill,Mattapan,MA,02126,Active,FT,Eating & Drinking w/ Take Out,2025-11-25 18:28:13.55+00,6178955877,386322,42.278059999879076,-71.09315000077352
1206,Fritay Restaurant,,499B Washington,Dorchester,MA,02124,Active,FT,Eating & Drinking w/ Take Out,2024-06-10 18:30:30.21+00,6174138732,351533,42.29414999990498,-71.07213000145686
1207,Fritay Restaurant,,532 River,Mattapan,MA,02126,Active,FT,Eating & Drinking w/ Take Out,2018-11-08 17:33:31.08+00,8573647362,387345,42.26707003437085,-71.09460961336966
1208,Frog Pond Boston @ Boston Common,,0 Boston Common,Boston,MA,02108,Active,FT,Eating & Drinking w/ Take Out,2011-04-07 13:36:10+00,6176352120,,,
1209,Fromage,,399 Broadway,South Boston,MA,02127,Active,FS,Eating & Drinking,2012-09-12 13:08:44+00,6173472272,157002,42.33703829032948,-71.04851602249227
1210,From Scratch,,2 Tremont,Brighton,MA,02135,Active,FT,Eating & Drinking w/ Take Out,2024-01-25 19:21:54.727+00,,351632,42.35048999952738,-71.16837200175665
1211,Frosty Freeze,,530 AMER LEGION ,ROSLINDALE,MA,02131,Active,FT,Eating & Drinking w/ Take Out,2006-12-07 18:33:50+00,6175249344,,42.28603146932157,-71.10895125901646
1212,Froyo World,,157 Harvard,Allston,MA,02134,Active,FT,Eating & Drinking w/ Take Out,2012-09-07 14:28:55+00,6177874000,156860,42.35155413710376,-71.13189010739262
1213,Fu Chun Ju,,55 Beach,Boston,MA,02111,Active,FS,Eating & Drinking,2024-01-02 18:02:11.09+00,8573007449,158134,42.351249253298256,-71.06068049072037
1214,Fuda Sushi Seafood Buffet,,128 Brighton,Allston,MA,02134,Active,FS,Eating & Drinking,2026-04-24 14:42:11.293+00,5756319819,20072,42.35263600000616,-71.13129100075554
1215,Fuel America,,152 Chestnut Hill,Brighton,MA,02135,Active,FS,Eating & Drinking,2024-02-21 17:07:22.097+00,8607484801,31659,42.34144999990882,-71.15433000107039
1216,Fuel America,,805 Columbus,Boston,MA,02120,Active,FT,Eating & Drinking w/ Take Out,2024-09-24 14:54:58.66+00,6179627114,350967,42.33756615223705,-71.08682393669062
1217,Fuful Bakery,,274 Franklin,Boston,MA,02110,Active,FT,Eating & Drinking w/ Take Out,2025-10-16 16:20:26.813+00,8574982628,165422,42.35698288364199,-71.05356714685067
1218,Fuful Bakery-Lower Level,,32 Cambridge,Charlestown,MA,02129,Active,FT,Eating & Drinking w/ Take Out,2023-07-05 17:09:44.49+00,8574981385,25110,42.383569999309664,-71.0743500017016
1219,Fuji at HSP,,100 High,Boston,MA,02110,Active,FT,Eating & Drinking w/ Take Out,2019-10-04 13:54:45.81+00,6178693222,342934,42.354465446258,-71.05529865229609
1220,Fuji at Ink Block,,350 Harrison,Roxbury,MA,02118,Active,FS,Eating & Drinking,2015-12-07 15:05:20.643+00,6178693222,344269,42.34520999982131,-71.06333979469755
1221,Fuller Mental Health Center,,85 Newton,Roxbury,MA,02118,Active,FS,Eating & Drinking,2024-08-05 14:10:40.92+00,6176268700,102361,42.336390000448176,-71.0709700011847
1222,Futago Udon,,512 Park,Boston,MA,02215,Active,FS,Eating & Drinking,2018-06-26 16:54:29.077+00,6462383617,156154,42.34779079092602,-71.10586168379224
1223,Future Chefs,,295 Blue Hill,Dorchester,MA,02121,Active,FS,Eating & Drinking,2019-11-12 15:17:31.207+00,3393680802,419677,42.31415605855171,-71.0793502223362
1224,Gachi Sushi and Noodles,,500 Terminal,East Boston,MA,02128,Active,FS,Eating & Drinking,2025-01-16 18:01:24.387+00,,341351,42.36990420124479,-71.01943927546833
1225,Gachi Sushi & Noodles,,300 Terminal,East Boston,MA,02128,Active,FS,Eating & Drinking,2023-02-22 15:38:16.707+00,8045030443,,,
1226,Ga Ga Seafood Restaurant,,23 Tyler,Boston,MA,02111,Active,FS,Eating & Drinking,2011-06-30 12:20:49+00,,170647,42.350705647859506,-71.06087561865021
1227,GALLERIA UMBERTO,,287 Hanover,Boston,MA,02113,Active,FT,Eating & Drinking w/ Take Out,2006-12-07 18:34:02+00,,69100,42.36372000045514,-71.0542500015743
1228,Galway House,,704 Centre,Jamaica Plain,MA,02130,Active,FS,Eating & Drinking,2020-09-17 14:57:30.31+00,6146940940,155785,42.31156944460352,-71.1141802807205
1229,GAME ON FENWAY PARK,,70 LANSDOWNE,BOSTON,MA,02215,Active,FS,Eating & Drinking,2006-12-07 18:36:17+00,6175232727,,42.34702403340402,-71.09839030275175
1230,Gangnam Spice,,225 Centre,Jamaica Plain,MA,02130,Active,FT,Eating & Drinking w/ Take Out,2025-08-27 14:12:47.78+00,2132802639,27830,42.3230901127546,-71.09905337611362
1231,GAO Vietnamese Kitchen,,1031 Dorchester,Dorchester,MA,02125,Active,FS,Eating & Drinking,2024-05-29 13:33:20.993+00,8579999889,48167,42.31538000022446,-71.05688000040759
1232,Garden Halal Restaurant,,96 Blackstone,Boston,MA,02108,Active,FS,Eating & Drinking,2008-01-04 15:15:33+00,9787263121,158261,42.36149576554584,-71.05640972410292
1233,Garden Slice,,100 Legends,Boston,MA,02114,Active,FT,Eating & Drinking w/ Take Out,2026-03-17 19:00:18.823+00,8572911649,340814,42.36616322384503,-71.06194055953804
1234,Gardner Museum Cafe,,2 Palace,Boston,MA,02115,Active,FS,Eating & Drinking,2010-11-19 16:19:05+00,6175661088,344007,42.338644146336,-71.09897851313892
1235,Garlic 'N Lemons,,133 HARVARD ,ALLSTON,MA,02134,Active,FT,Eating & Drinking w/ Take Out,2009-12-04 15:05:34+00,,,42.35210342900744,-71.13203859233519
1236,Gary's Pizza,,1744 Washington,Roxbury,MA,02118,Active,FT,Eating & Drinking w/ Take Out,2024-06-12 16:35:03.013+00,6177210377,351061,42.33650999997077,-71.0764500012949
1237,Gateway Canteen,,19 Hudson,Boston,MA,02111,Active,FT,Eating & Drinking w/ Take Out,2024-12-17 18:09:23.767+00,,424114,42.35058847996508,-71.06029102719903
1238,Gathering Spicy House,,108 Brighton,Allston,MA,02134,Active,FT,Eating & Drinking w/ Take Out,2026-03-24 13:05:37.333+00,6175869216,20068,42.352618774941966,-71.13042415481661
1239,GENE'S CHINESE FLATBREAD CAFE,,86 Bedford,Boston,MA,02111,Active,FS,Eating & Drinking,2013-06-21 12:37:58+00,7816900873,351829,42.35349238386782,-71.05966918818238
1240,Genki Ya of Boston,,232 Tremont,Boston,MA,02116,Active,FT,Eating & Drinking w/ Take Out,2006-12-07 18:35:45+00,6173388686,158131,42.35124071685913,-71.0647121735674
1241,George Howell Coffee,,408 Newbury,Boston,MA,02115,Active,FT,Eating & Drinking w/ Take Out,2024-09-17 14:20:06.903+00,9786312040,439523,42.34789104439996,-71.08851041712063
1242,George Howell Coffee,,505 Washington,Boston,MA,02111,Active,FS,Eating & Drinking,2015-08-11 14:29:56.683+00,9786359033,350866,42.354662028688345,-71.06168472997265
1243,George Howell Coffee - Terminal E,,1 Harborside,East Boston,MA,02128,Active,FT,Eating & Drinking w/ Take Out,2022-02-14 15:48:51.163+00,7742842049,155970,42.36340869696607,-71.02569880822675
1244,Ghost Light Tavern,,253 Tremont,Boston,MA,02116,Active,FS,Eating & Drinking,2012-05-01 18:10:49+00,6173381000,137467,42.35043999992145,-71.06535000101759
1245,Ghost Pepper,,120 Savin Hill,Dorchester,MA,02125,Active,FS,Eating & Drinking,2018-12-21 16:23:02.1+00,6174367676,123171,42.311633000564655,-71.05331800104655
1246,Giacomo's Ristorante,,353 Hanover,Boston,MA,02113,Active,FS,Eating & Drinking,2019-12-05 17:36:01.097+00,6175930777,155725,42.36455764912286,-71.05343913439937
1247,Gifu Teriyaki and Sushi,,705 Massachusetts,Roxbury,MA,02118,Active,FT,Eating & Drinking w/ Take Out,2025-12-09 14:58:13.58+00,,92645,42.33487000061346,-71.07545000136209
1248,Gigantic Wonton,,170 Brighton,Allston,MA,02134,Active,FS,Eating & Drinking,2023-10-23 18:18:05.14+00,,156215,42.35290222520813,-71.13298103754552
1249,Gigi,,431 Columbus,Boston,MA,02116,Active,FS,Eating & Drinking,2022-04-07 14:24:24.587+00,6175365723,35703,42.34407400010827,-71.07781200102804
1250,Gillette Cafeteria,,1 Gillette,South Boston,MA,02127,Active,FS,Eating & Drinking,2006-12-07 18:35:10+00,0,157916,42.343907232334296,-71.05669948634188
1251,Ginger Exchange,,1625 Tremont,Mission Hill,MA,02120,Active,FS,Eating & Drinking,2012-08-16 13:17:31+00,,137283,42.33391999960754,-71.10354000108384
1252,Girl On Fire Vegan - Lower Level,,32 Cambridge,Charlestown,MA,02129,Active,FT,Eating & Drinking w/ Take Out,2023-11-21 19:57:13.137+00,6174449613,25110,42.383569999309664,-71.0743500017016
1253,Glasser Coffee Company,,589 Washington,Brighton,MA,02135,Active,FT,Eating & Drinking w/ Take Out,2020-11-27 20:01:40.79+00,7817896076,406598,42.35051000036461,-71.16563000071396
1254,Glass Slipper,,22 Lagrange,Boston,MA,02116,Active,FS,Eating & Drinking,2006-12-07 18:34:05+00,6173382290,351914,42.35143400044202,-71.06327800053715
1255,Glenn's Kreme & Kone,,308 Congress,Boston,MA,02210,Active,FT,Eating & Drinking w/ Take Out,2021-07-27 19:02:13.62+00,,163839,42.351519697254616,-71.0498557234471
1256,Gluten Friendly,,4 Jersey,Boston,MA,02215,Active,FT,Eating & Drinking w/ Take Out,2008-11-16 16:22:16+00,7742054363,424258,42.34673007807398,-71.0986629781914
1257,GM1,,4 Jersey,Boston,MA,02215,Active,FT,Eating & Drinking w/ Take Out,2007-04-28 15:45:09+00,6175366683,424258,42.34673007807398,-71.0986629781914
1258,Gogo Ya,,201 Brookline,Boston,MA,02215,Active,FT,Eating & Drinking w/ Take Out,2019-04-17 16:01:05.843+00,,340960,42.34486239691058,-71.10160474147757
1259,Golden Crust Bakery,,18 Hudson,Boston,MA,02111,Active,FT,Eating & Drinking w/ Take Out,2026-05-04 14:08:36.277+00,6176696000,75857,42.35051811091438,-71.05995271988465
1260,Golden House,,4403 Washington,Roslindale,MA,02131,Active,FT,Eating & Drinking w/ Take Out,2019-10-08 19:03:35.213+00,6173238239,400279,42.28170995735352,-71.13345248791124
1261,Gongcha,,40 Harrison,Boston,MA,02111,Active,FT,Eating & Drinking w/ Take Out,2024-01-04 19:21:29.397+00,6175744870,340723,42.35159985699556,-71.06099622702814
1262,Gongcha,,700 Atlantic,Boston,MA,02111,Active,FT,Eating & Drinking w/ Take Out,2024-03-07 16:36:12.83+00,8573105911,156723,42.35204827404688,-71.0551747507777
1263,Gong Cha,,1472 Dorchester,Dorchester,MA,02122,Active,FT,Eating & Drinking w/ Take Out,2021-09-07 13:37:43.743+00,6172975126,355646,42.30073999988521,-71.05978000141704
1264,Gong Cha,,154 Harvard,Allston,MA,02134,Active,FS,Eating & Drinking,2018-02-08 20:09:26.407+00,6172088561,157496,42.351717404236055,-71.13146001445396
1265,Gong Cha,,175 Cambridge,Boston,MA,02114,Active,FT,Eating & Drinking w/ Take Out,2023-09-11 14:25:35.907+00,,363089,42.362110000339804,-71.06588000116895
1266,Gong Cha,,270 Newbury,Boston,MA,02116,Active,FT,Eating & Drinking w/ Take Out,2022-03-23 16:56:17.977+00,6172088249,101483,42.349139999617336,-71.08335000209976
1267,Gong Cha,,281 Huntington,Boston,MA,02115,Active,FS,Eating & Drinking,2021-06-07 16:21:04.843+00,,156904,42.34198749138889,-71.08645988228632
1268,Gong Cha,,912 Beacon,Boston,MA,02215,Active,FT,Eating & Drinking w/ Take Out,2023-11-15 16:20:03.363+00,,185199,42.346680000443605,-71.10618000176115
1269,Gopchong Story,,973 Commonwealth,Boston,MA,02215,Active,FS,Eating & Drinking,2022-04-12 15:17:20.67+00,6179218999,414940,42.351989999586074,-71.11969000155715
1270,Gordon Ramsay Burger-1st floor,,99 Blackstone,Boston,MA,02109,Active,FS,Eating & Drinking,2022-05-17 14:20:34.313+00,6172638610,423958,42.36153010789868,-71.05578130357185
1271,Gori & Co.,,633 Centre,Jamaica Plain,MA,02130,Active,FT,Eating & Drinking w/ Take Out,2026-06-05 16:46:49.02+00,6175641463,344812,42.31373461989944,-71.11466182325842
1272,Gori & Co.,,660B Centre,Jamaica Plain,MA,02130,Active,FT,Eating & Drinking w/ Take Out,2026-06-05 16:32:56.353+00,6175641463,448812,42.31276282630549,-71.11381134802718
1273,Goulston & Storrs Cafe (25th Fl.),,1 Post Office,Boston,MA,02110,Active,FS,Eating & Drinking,2024-02-28 16:44:27.683+00,6174231430,158388,42.35679785015295,-71.05498123792066
1274,Goulston & Storrs Catering (26th Fl.),,1 Post Office,Boston,MA,02110,Active,FS,Eating & Drinking,2024-02-28 19:18:57.543+00,6174231430,158388,42.35679785015295,-71.05498123792066
1275,Gourmet Kreyol,,1210 Blue Hill,Mattapan,MA,02126,Active,FT,Eating & Drinking w/ Take Out,2024-09-05 18:22:05.977+00,8572331624,157320,42.28279615436231,-71.09142801658064
1276,Grace by Nia,,23 Northern,Boston,MA,02210,Active,FS,Eating & Drinking,2022-11-23 15:40:18.49+00,,433389,42.353425169987005,-71.0476118790756
1277,Gracenote Coffee,,108 Lincoln,Boston,MA,02111,Active,FT,Eating & Drinking w/ Take Out,2015-02-19 15:24:01.86+00,2076102911,86022,42.35151999962161,-71.05806000087489
1278,Grace Note Coffee,,100 High,Boston,MA,02110,Active,FT,Eating & Drinking w/ Take Out,2019-10-18 18:47:28.753+00,,342934,42.354465446258,-71.05529865229609
1279,Granary Tavern,,168 Milk,Boston,MA,02109,Active,FS,Eating & Drinking,2012-04-23 15:20:49+00,6174517400,95435,42.35872715097858,-71.05260415589572
1280,Grasshopper Vegan Restaurant,,1 Brighton,Allston,MA,02134,Active,FT,Eating & Drinking w/ Take Out,2024-08-23 16:44:46.387+00,6172548883,20065,42.3523999999716,-71.1253300014931
1281,Gray's Hall,,615 Broadway,South Boston,MA,02127,Active,FS,Eating & Drinking,2019-07-09 17:19:29.827+00,,423617,42.33538051587065,-71.03973874971744
1282,Great Chef,,390 Chelsea,East Boston,MA,02128,Active,FT,Eating & Drinking w/ Take Out,2006-12-07 18:33:56+00,6173086336,158143,42.37949330279169,-71.02791047002252
1283,Great Taste Bakery and Restaurant,,61 Beach,Boston,MA,02111,Active,FS,Eating & Drinking,2008-08-18 19:12:46+00,6174268899,9397,42.351149999980464,-71.06025000120111
1284,Great Wok,,1284 Massachusetts,Dorchester,MA,02125,Active,FT,Eating & Drinking w/ Take Out,2007-09-05 18:09:15+00,6172881078,91960,42.32103000018223,-71.06171000084018
1285,GreCo,,1 Milk,Boston,MA,02108,Active,FS,Eating & Drinking,2019-03-15 18:41:11.957+00,6179704054,95424,42.35679400042389,-71.0586300015701
1286,Gre.Co,,200 Pier 4,Boston,MA,02210,Active,FS,Eating & Drinking,2018-10-01 14:13:14.12+00,6179704054,422323,42.352007953269535,-71.04255903773247
1287,Gre.Co,,225 Newbury,Boston,MA,02116,Active,FT,Eating & Drinking w/ Take Out,2016-10-13 16:23:23.887+00,6175723300,101442,42.35003000014843,-71.08169000146418
1288,GreCo- K11,,80 Causeway,Boston,MA,02114,Active,FT,Eating & Drinking w/ Take Out,2020-02-13 17:14:36.61+00,6175723300,423633,42.36553349531547,-71.06185622592876
1289,GREEN DRAGON TAVERN,,11 Marshall,Boston,MA,02108,Active,FS,Eating & Drinking,2006-12-07 18:34:31+00,6173670055,158038,42.36146997913989,-71.0568391158861
1290,Green Haus Cafe,,1520 Tremont,Mission Hill,MA,02120,Active,FT,Eating & Drinking w/ Take Out,2023-11-16 14:47:52.86+00,6178210527,137235,42.3322100001343,-71.09977000160306
1291,GREENHILLS BAKERY,,780 Adams,Dorchester,MA,02122,Active,FT,Eating & Drinking w/ Take Out,2006-12-07 18:35:04+00,6178258188,967,42.2832581400526,-71.0554289360436
1292,Greenhouse Kitchen,,435 Faneuil,Brighton,MA,02135,Active,FS,Eating & Drinking,2014-05-29 16:49:54+00,,350999,42.351221000539724,-71.16835000171987
1293,Green T Coffee Shop,,873 South,Roslindale,MA,02131,Active,FT,Eating & Drinking w/ Take Out,2020-07-01 18:45:45.643+00,6173905777,128993,42.28894999981572,-71.13389000166644
1294,Greystone Cafe  Bakery  and Provisions,,123 Appleton,Boston,MA,02116,Active,FS,Eating & Drinking,2020-03-09 15:16:49.95+00,,155986,42.3452921343728,-71.07463062936748
1295,GRILL 23 AND BAR,,161 Berkeley,Boston,MA,02116,Active,FS,Eating & Drinking,2006-12-07 18:34:34+00,6175422255,158191,42.34940314482771,-71.0719116032558
1296,Growl Growl Hot Pot,,48 Winter,Boston,MA,02111,Active,FS,Eating & Drinking,2025-06-27 14:56:01.43+00,6179826123,155968,42.355863979184754,-71.06189896417312
1297,GrubStreet,,50 Liberty,Boston,MA,02210,Active,FS,Eating & Drinking,2022-04-12 14:16:55.667+00,6176950075,448519,42.35416623030651,-71.04466652705202
1298,Guckenheimer Services @ Athenahealth Boston (Hospitality Pantry 3rd floor),,80 Guest,Brighton,MA,02135,Active,FT,Eating & Drinking w/ Take Out,2024-11-26 15:47:33.787+00,,422351,42.35706180977468,-71.14408464421841
1299,Guira and Tambora Restaurant,,4014 Washington,Roslindale,MA,02131,Active,FS,Eating & Drinking,2009-04-30 15:27:44+00,6173277555,145066,42.29182699993216,-71.12215700147787
1300,Gyro City,,167 Chestnut Hill,Brighton,MA,02135,Active,FS,Eating & Drinking,2017-05-03 14:15:03.507+00,,31697,42.34186700026138,-71.15456600113562
1301,Gyroscope/Sprout/Bos Hse of Pizza,,305 Huntington,Boston,MA,02115,Active,FS,Eating & Drinking,2018-06-06 17:07:33.267+00,6177555547,76353,42.34127399927208,-71.08733600057279
1302,Gyrotheory,,354 Chestnut Hill,Brighton,MA,02135,Active,FT,Eating & Drinking w/ Take Out,2025-09-15 16:48:28.687+00,6173835749,163349,42.336867242888985,-71.1513161523438
1303,Gyu Kaku,,21 District,Dorchester,MA,02125,Active,FS,Eating & Drinking,2017-12-20 18:38:13.7+00,3102149572,420661,42.32572375144032,-71.0622261670595
1304,HABANERO MEXICAN GRILL  INC.,,166 Brighton,Allston,MA,02134,Active,FT,Eating & Drinking w/ Take Out,2014-07-16 14:08:44.19+00,6172540299,156279,42.35290177644457,-71.13284045659657
1305,Habibi's Lounge,,1213 Commonwealth,Allston,MA,02134,Active,FS,Eating & Drinking,2009-01-15 18:44:50+00,6172302173,37122,42.350810000181944,-71.13072400072336
1306,Haju Kitchen,,175 Massachusetts,Boston,MA,02115,Active,FS,Eating & Drinking,2017-10-02 15:02:06.037+00,6179827118,91979,42.34582999974855,-71.08737000132624
1307,Halal Indian Cuisine,,736 Huntington,Mission Hill,MA,02120,Active,FS,Eating & Drinking,2017-08-04 15:32:08.253+00,6172325000,156373,42.33373906778618,-71.10529087144869
1308,haley henry wine bar,,45 Province,Boston,MA,02108,Active,FS,Eating & Drinking,2015-12-02 15:42:35.52+00,6179809823,156036,42.35731511140588,-71.05987646760454
1309,HALEY HOUSE,,12 Dade,Roxbury,MA,02119,Active,FT,Eating & Drinking w/ Take Out,2026-06-30 14:46:09.75+00,6178333545,45601,42.332035220611495,-71.0825211681773
1310,Haley Janes,,100 High,Boston,MA,02110,Active,FT,Eating & Drinking w/ Take Out,2019-10-18 18:54:36.403+00,6178178969,342934,42.354465446258,-71.05529865229609
1311,Half Moon Empanadas,,100 Terminal,East Boston,MA,02128,Active,FT,Eating & Drinking w/ Take Out,2026-01-30 13:58:48.407+00,7868882292,341357,42.364539860564015,-71.02181743285618
1312,Halftime Pizza,,115 Causeway,Boston,MA,02114,Active,FS,Eating & Drinking,2021-11-04 18:14:22.02+00,6177204578,352106,42.3650548142996,-71.06140977278137
1313,Hampshire House Butcher Block,,84 Beacon,Boston,MA,02108,Active,FS,Eating & Drinking,2006-12-07 18:33:51+00,6172279600,155676,42.35598172847005,-71.07129925908866
1314,Hampton Inn Pantry,,15 Terminal,Boston,MA,02210,Active,FS,Eating & Drinking,2018-04-10 16:04:36.107+00,,423684,42.3443510894485,-71.03768098458613
1315,HAMPTON INN & SUITES BOSTON,,811 Massachusetts,Roxbury,MA,02119,Active,FS,Eating & Drinking,2006-12-07 18:36:03+00,4456400,92656,42.33268523761584,-71.07292171586668
1316,HAN,,186 Harvard,Allston,MA,02134,Active,FS,Eating & Drinking,2022-06-06 14:07:41.927+00,6176698383,157212,42.35100279364647,-71.13110163036842
1317,Hangover B&B  Space#13,,122 Brighton,Allston,MA,02134,Active,FT,Eating & Drinking w/ Take Out,2025-02-04 18:30:14.06+00,8579197019,162569,42.35240065993929,-71.13107730992346
1318,Hanmaru,,164 Harvard,Allston,MA,02134,Active,FS,Eating & Drinking,2007-05-03 12:43:33+00,6177797907,,,
1319,Hao Shi Guang,,48 Harvard,Allston,MA,02134,Active,FS,Eating & Drinking,2022-02-22 19:15:53.833+00,8574179374,354428,42.35451999966611,-71.13228000123604
1320,Happy Lamb Hot Pot,,130 Brighton,Allston,MA,02134,Active,FS,Eating & Drinking,2018-10-12 15:54:33.897+00,,352121,42.352760000583245,-71.13185000148404
1321,Happy Lamb Mongolian Hot Pot,,693 Washington,Boston,MA,02116,Active,FS,Eating & Drinking,2017-04-25 16:08:36.443+00,8586882737,358901,42.35113652122679,-71.06313500237495
1322,Happy Lemon,,3193 Washington,Jamaica Plain,MA,02130,Active,FT,Eating & Drinking w/ Take Out,2022-05-02 14:08:03.487+00,8573174715,144654,42.312834452099246,-71.10147868208911
1323,Happy Lemon,,417 Washington,Boston,MA,02108,Active,FT,Eating & Drinking w/ Take Out,2015-08-19 17:12:36.173+00,6462621130,351708,42.35582000026472,-71.06040000106957
1324,Harborview Cafe,,250 Atlantic,Boston,MA,02110,Active,FS,Eating & Drinking,2023-12-19 14:56:34.313+00,8642482011,158389,42.35917915475864,-71.04929798180831
1325,Harbourvest Cafe 35th Fl.,,1 Lincoln,Boston,MA,02111,Active,FT,Eating & Drinking w/ Take Out,2025-01-02 16:32:45.07+00,6173047349,86009,42.35288599964905,-71.05869500042084
1326,Harbourvest Cafe 36th Fl.,,1 Lincoln,Boston,MA,02111,Active,FS,Eating & Drinking,2025-01-02 16:34:40.047+00,6173047349,86009,42.35288599964905,-71.05869500042084
1327,Hare Krishna Food For Life,,72 COMMONWEALTH ,BOSTON,MA,02116,Active,FS,Eating & Drinking,2006-12-07 18:34:49+00,2478611,,42.35229086547263,-71.07497942554616
1328,Harp & Bard,,1097 Dorchester,Dorchester,MA,02125,Active,FS,Eating & Drinking,2006-12-07 18:33:58+00,6172652893,156428,42.313066254733165,-71.05742936947176
1329,Harpoon,,100 Terminal,East Boston,MA,02128,Active,FS,Eating & Drinking,2022-07-01 15:47:18.31+00,,341357,42.364539860564015,-71.02181743285618
1330,Harpoon Brewery Beer Hall,,306 Northern,Boston,MA,02210,Active,FS,Eating & Drinking,2012-05-02 12:44:22+00,6175749551,156978,42.346919005260915,-71.03415791305832
1331,HARRISON CAFE @ BOS. W & S,,924 Harrison,Roxbury,MA,02119,Active,FS,Eating & Drinking,2024-10-03 13:26:12.057+00,6179099143,70097,42.332619000161856,-71.07752200045674
1332,Harry's All American Breakfast,,1410 Centre,Roslindale,MA,02131,Active,FS,Eating & Drinking,2018-12-27 15:46:04.197+00,6173279256,399207,42.293940000293006,-71.13618000127202
1333,Harry's Bar & Grill,,1430 Commonwealth,Allston,MA,02135,Active,FS,Eating & Drinking,2007-10-22 15:46:11+00,6175439400,157791,42.34916373827367,-71.13959127599698
1334,HARVARD BUS./ALDRICH HALL,,35 Harvard,Boston,MA,02163,Active,FS,Eating & Drinking,2006-12-07 18:36:26+00,6173845825,156898,42.3659023086168,-71.1220638509171
1335,HARVARD BUS./BAKER FACULTY,,25 Harvard,Boston,MA,02163,Active,FS,Eating & Drinking,2006-12-07 18:36:26+00,6173845825,157094,42.36645301898576,-71.12281097748972
1336,HARVARD CLUB OF BOSTON,,374 Commonwealth,Boston,MA,02115,Active,FS,Eating & Drinking,2006-12-07 18:33:57+00,5361260,157068,42.348637637997626,-71.08902578296491
1337,Harvard Gardens,,310 Cambridge,Boston,MA,02114,Active,FS,Eating & Drinking,2008-08-13 18:55:10+00,6175232727,25286,42.36093000047147,-71.06901000177335
1338,HARVARD SCHOOL-PUBLIC HEALTH,,677 HUNTINGTON ,BOSTON,MA,02115,Active,FS,Eating & Drinking,2006-12-07 18:34:30+00,4955556,,42.3352944827039,-71.10275875872483
1339,Harvard Stadium Stand #2,,65 NORTH HARVARD,ALLSTON,MA,02134,Active,FT,Eating & Drinking w/ Take Out,2009-04-13 16:34:15+00,8642482011,,,
1340,Harvard Stadium Stand #3,,65 NORTH HARVARD,ALLSTON,MA,02134,Active,FT,Eating & Drinking w/ Take Out,2009-04-13 16:36:28+00,8642482011,,,
1341,Harvard Stadium Stand #4,,65 NORTH HARVARD,ALLSTON,MA,02134,Active,FT,Eating & Drinking w/ Take Out,2009-04-13 16:37:02+00,8642482011,,,
1342,Harvest Cloud Cafe-Lowel level,,32 Cambridge,Charlestown,MA,02129,Active,FT,Eating & Drinking w/ Take Out,2023-04-06 16:04:22.363+00,6178776330,25110,42.383569999309664,-71.0743500017016
1343,Hava (basement at Wilbur Theatre),,246 Tremont,Boston,MA,02116,Active,FS,Eating & Drinking,2010-10-22 17:39:19+00,6172016996,157495,42.35068816027224,-71.06466870400052
1344,HEBREW REHAB CENTER,,1200 Centre,Roslindale,MA,02131,Active,FS,Eating & Drinking,2006-12-07 18:36:27+00,6173638902,27533,42.29668108433978,-71.13073385090792
1345,Hebrew Rehab Center 6th. Fl.,,1200 Centre,Roslindale,MA,02131,Active,FS,Eating & Drinking,2020-08-13 12:53:44.287+00,6173638000,27533,42.29668108433978,-71.13073385090792
1346,Heidi's House of Coffee,,350 Longwood,Boston,MA,02115,Active,FT,Eating & Drinking w/ Take Out,2021-04-13 14:32:51.507+00,,156578,42.33817999970623,-71.10648000164196
1347,Hello Yummy,,1 Brighton,Allston,MA,02134,Active,FT,Eating & Drinking w/ Take Out,2022-10-24 17:28:02.433+00,,157732,42.352411055760506,-71.12532952455528
1348,Hemlock Grill,,420 West,Hyde Park,MA,02136,Active,FS,Eating & Drinking,2024-10-25 16:04:56.697+00,2155345247,147986,42.268410000210054,-71.13288000190381
1349,Hencraft,,80 Causeway,Boston,MA,02114,Active,FT,Eating & Drinking w/ Take Out,2026-06-29 19:47:37.73+00,,423633,42.36553349531547,-71.06185622592876
1350,Hey! I am Yogost,,147 Brighton,Allston,MA,02134,Active,FT,Eating & Drinking w/ Take Out,2024-10-31 16:12:05.033+00,5089818799,404391,42.35316999966545,-71.13174000124849
1351,Hey Tea,,162 Harvard,Allston,MA,02134,Active,FT,Eating & Drinking w/ Take Out,2024-09-09 14:38:28.313+00,,157952,42.35158007243095,-71.13142012003462
1352,Hey Tea,,223 Newbury,Boston,MA,02116,Active,FT,Eating & Drinking w/ Take Out,2024-04-23 15:51:07.873+00,4244808848,101440,42.35005000075842,-71.08161000176777
1353,Hibachi2U,,1724 Dorchester,Dorchester,MA,02124,Active,FT,Eating & Drinking w/ Take Out,2025-04-29 14:43:48.793+00,9735661360,48395,42.29112999999655,-71.06262000142299
1354,HIDDEN KITCHEN,,535 Albany,Roxbury,MA,02118,Active,FS,Eating & Drinking,2020-01-02 17:41:09.31+00,6174261544,155811,42.338403173088494,-71.06693917323125
1355,Hills Deli,,3696 Washington,Jamaica Plain,MA,02130,Active,FS,Eating & Drinking,2006-12-07 18:33:56+00,3253523,144967,42.30064000027205,-71.11270000064172
1356,HILLSIDE CAFE,,21 ST THOMAS MORE,BRIGHTON,MA,02135,Active,FS,Eating & Drinking,2007-03-23 20:59:23+00,6175523181,,,
1357,HILTON BOSTON FINANCIAL DISTRICT,,89 Broad,Boston,MA,02110,Active,FS,Eating & Drinking,2007-04-02 13:23:36+00,6173481228,20586,42.35743999985702,-71.05316000139499
1358,HILTON BOSTON LOGAN AIRPORT,,1 Hotel,East Boston,MA,02128,Active,FS,Eating & Drinking,2006-12-07 18:35:08+00,6175686700,,,
1359,HILTON GARDEN INN EAST BOSTON,,100 Boardman,East Boston,MA,02128,Active,FS,Eating & Drinking,2014-04-08 18:36:47+00,5086791180,347411,42.38991627113871,-71.01235330923026
1360,Himayalan Bistro,,1735 Centre,West Roxbury,MA,02132,Active,FS,Eating & Drinking,2006-12-07 18:36:41+00,3253500,157550,42.28745284998392,-71.14975097680453
1361,Hippo Kitchen,,241 Market,Brighton,MA,02135,Active,FT,Eating & Drinking w/ Take Out,2023-05-23 16:37:15.73+00,6177835458,157107,42.35463065994343,-71.15048896706557
1362,Hissho Sushi,,1 Court,Boston,MA,02108,Active,FS,Eating & Drinking,2022-01-11 14:14:51.92+00,7049262200,351778,42.35902000016333,-71.05794000104756
1363,Hissho Sushi @ Mass Art-Kennedy Cafe,,625 Huntington,Boston,MA,02115,Active,FT,Eating & Drinking w/ Take Out,2025-09-30 14:05:08.56+00,,156149,42.336221184350364,-71.10042780960559
1364,Hissho Sushi & Mein Bowl,,100 William T Morrissey,Dorchester,MA,02125,Active,FT,Eating & Drinking w/ Take Out,2021-08-10 15:38:56.047+00,,155810,42.31414630348332,-71.03937232673492
1365,Hissho Sushi @ Stop & Shop,,1620 Tremont,Mission Hill,MA,02120,Active,FT,Eating & Drinking w/ Take Out,2019-10-21 12:25:06.403+00,7049262200,434807,42.33366000016714,-71.10399000117468
1366,Hissho Sushi @ Stop & Shop #2489,,301 Guest,Brighton,MA,02135,Active,FT,Eating & Drinking w/ Take Out,2024-05-13 14:55:36.147+00,7049262200,455344,42.35590404099923,-71.14038364826834
1367,Hobgoblin,,48 Temple,Boston,MA,02111,Active,FS,Eating & Drinking,2022-09-27 18:55:31+00,8579911528,353276,42.3551585268069,-71.06166847092413
1368,Hobson's Bar & Kitchen,,353 Cambridge,Brighton,MA,02134,Active,FS,Eating & Drinking,2024-05-22 19:12:24.623+00,6175439400,157036,42.35611167880768,-71.13262943879641
1369,Hojoko,,1271 Boylston,Boston,MA,02215,Active,FS,Eating & Drinking,2014-10-16 14:13:38.103+00,6176549900,18077,42.345199999821375,-71.09676000083805
1370,Hokkaldo Ramen Santouka,,169 Brighton,Allston,MA,02134,Active,FS,Eating & Drinking,2022-06-23 14:21:01.733+00,,350951,42.35329099919411,-71.13231900133428
1371,Holdfast Specialty Seafood Co.,,164 Brighton,Allston,MA,02134,Active,FT,Eating & Drinking w/ Take Out,2025-10-07 18:19:09.34+00,6174075391,156334,42.352901492926414,-71.13275166862985
1372,Holiday Inn Express,,69R Boston,DORCHESTER,MA,02125,Active,FS,Eating & Drinking,2007-04-17 12:55:31+00,0,,42.32725000001558,-71.05944000124161
1373,Holly Crab,Holly Crab,1098 Commonwealth,Boston,MA,02446,Active,FS,Eating & Drinking,2020-12-11 14:47:21.66+00,6174875957,351903,42.35184002831667,-71.12433015056259
1374,HOme 2 Suites,,15 Jan Karski,Dorchester,MA,02125,Active,FS,Eating & Drinking,2020-01-21 18:54:31.617+00,6177337599,421287,42.32582851443961,-71.06055476812108
1375,Homeclubs  LLC,,94 Shirley,Roxbury,MA,02119,Active,FT,Eating & Drinking w/ Take Out,2026-03-20 12:27:30.6+00,8573505361,127222,42.32448468232285,-71.07021644447491
1376,Home Run Cafe,,1269 Massachusetts,Dorchester,MA,02125,Active,FS,Eating & Drinking,2015-12-18 15:19:01.423+00,6172889262,91953,42.32146000031984,-71.06264000134075
1377,Home Stead,,1448 Dorchester,Dorchester,MA,02122,Active,FS,Eating & Drinking,2015-02-26 19:32:58.16+00,6172905822,48323,42.3011839996763,-71.05974800057535
1378,Homewood Suites Pantry,,15 Terminal,Boston,MA,02210,Active,FS,Eating & Drinking,2018-04-10 16:00:45.79+00,,423684,42.3443510894485,-71.03768098458613
1379,Honeycomb Cafe,,107 Savin Hill,Dorchester,MA,02125,Active,FT,Eating & Drinking w/ Take Out,2017-05-08 14:44:00.673+00,,123164,42.311607999750926,-71.05399800072512
1380,Honey Dew Donuts,,470 Meridian,East Boston,MA,02148,Active,FT,Eating & Drinking w/ Take Out,2018-03-16 16:13:52.837+00,6173472827,,,
1381,Honeygrow,,100 Northern,Boston,MA,02210,Active,FS,Eating & Drinking,2017-04-28 18:07:31.357+00,8567805844,172336,42.35223926109794,-71.04353645387097
1382,Honeygrow,,1282 Boylston,Boston,MA,02215,Active,FS,Eating & Drinking,2016-10-27 15:26:14.48+00,8567805844,347565,42.344642315185254,-71.09693971440501
1383,Honeygrow,,301 Guest,Brighton,MA,02135,Active,FS,Eating & Drinking,2025-04-01 15:46:02.147+00,,455344,42.35590404099923,-71.14038364826834
1384,Hong Kong 888 Cafe,,888 South,Roslindale,MA,02131,Active,FT,Eating & Drinking w/ Take Out,2012-07-06 14:33:28+00,6173238122,169825,42.288570302541196,-71.13431760996076
1385,Hong Kong At Faneuil Hall,,65 Chatham,Boston,MA,02109,Active,FS,Eating & Drinking,2006-12-07 18:33:56+00,,357189,42.35959000038172,-71.05386000099952
1386,Hong Kong Eatery,,79 Harrison,Boston,MA,02111,Active,FS,Eating & Drinking,2015-01-23 20:00:18.057+00,6178185702,70061,42.3510099994558,-71.06162000078282
1387,Hong Kong Harbor,,5 Maverick,East Boston,MA,02128,Active,FT,Eating & Drinking w/ Take Out,2019-03-08 14:29:12.827+00,6179387905,92896,42.368879999747016,-71.03927600201693
1388,Hornitos,,4 Jersey,Boston,MA,02215,Active,FT,Eating & Drinking w/ Take Out,2016-08-29 16:30:20.003+00,6175362268,156417,42.346768333561606,-71.09864788266272
1389,Hoshi Ya,,529 Washington,Brighton,MA,02135,Active,FT,Eating & Drinking w/ Take Out,2019-01-16 19:17:02.08+00,6172548808,351536,42.349199999792894,-71.16295000014223
1390,Hostelling International Boston,,11 Stuart,Boston,MA,02116,Active,FS,Eating & Drinking,2014-10-20 16:25:27.993+00,6175369455,131638,42.35116999949761,-71.06359000024553
1391,Hotel Aka Back Bay-Hotel,,154 Berkeley,Boston,MA,02116,Active,FS,Eating & Drinking,2022-08-23 12:46:03.83+00,6175323600,162048,42.34915857238625,-71.07243182150172
1392,Hotel Aka Lobby Bar,,90 Tremont,Boston,MA,02108,Active,FS,Eating & Drinking,2023-12-28 17:21:32.69+00,6177725800,157247,42.35739104612865,-71.06081247946469
1393,Hot Pot Buffet,,70 Beach,Boston,MA,02111,Active,FS,Eating & Drinking,2010-03-18 19:23:42+00,,9403,42.35135300002403,-71.05989100183493
1394,House of Blues,,15 Lansdowne,Boston,MA,02215,Active,FS,Eating & Drinking,2025-03-13 12:59:02.63+00,,84006,42.34732999956135,-71.09550000136943
1395,House Of Seven Cafe,,196 Quincy,Dorchester,MA,02125,Active,FT,Eating & Drinking w/ Take Out,2023-08-23 15:32:33.903+00,7746430737,377254,42.31306866790966,-71.07391936327326
1396,HOUSE OF SIAM,,542 Columbus,Roxbury,MA,02118,Active,FS,Eating & Drinking,2020-07-30 14:18:40.74+00,6172300498,35918,42.341400000301356,-71.08034000195555
1397,Howl at the Moon,,184 High,Boston,MA,02110,Active,FS,Eating & Drinking,2010-08-20 12:50:20+00,6172924695,251577,42.35668000012128,-71.05257000077238
1398,How's Your Meat,,5272 Washington,West Roxbury,MA,02132,Active,FT,Eating & Drinking w/ Take Out,2024-05-14 15:50:32.24+00,7814926730,145692,42.259190000592106,-71.15923000058028
1399,Hub Bar Stand 4BE,,100 Legends,Boston,MA,02114,Active,FT,Eating & Drinking w/ Take Out,2009-02-01 16:32:55+00,6176241610,,,
1400,Hub Hall Bars,,80 Causeway,Boston,MA,02114,Active,FS,Eating & Drinking,2019-03-20 14:53:09.75+00,,423633,42.36553349531547,-71.06185622592876
1401,Hub Handcrafted Wrap,,660A Centre,Jamaica Plain,MA,02130,Active,FT,Eating & Drinking w/ Take Out,2023-06-16 14:51:54.663+00,,437451,42.312829999775275,-71.11386000174191
1402,HUE,,47 Huntington,Boston,MA,02116,Active,FS,Eating & Drinking,2022-11-21 16:47:19.837+00,,158345,42.348313878045325,-71.07861147256477
1403,Hummingbird Jamaican Cuisine,,310 Bowdoin,Dorchester,MA,02122,Active,FT,Eating & Drinking w/ Take Out,2022-04-08 15:32:22.447+00,6175144280,,,
1404,Hunan Gourmet,,45 Beach,Boston,MA,02111,Active,FS,Eating & Drinking,2022-12-02 17:07:16.913+00,,351772,42.351268999774945,-71.06078900174502
1405,Hunter's,,110 Dorchester,South Boston,MA,02127,Active,FS,Eating & Drinking,2019-10-24 18:53:53.267+00,6172686429,157491,42.33513903209677,-71.04595003623353
1406,Huong Que Vietnamese Restaurant,,272 Adams,Dorchester,MA,02122,Active,FS,Eating & Drinking,2020-07-08 18:19:07.843+00,8579397939,624,42.29988200033234,-71.05838800165817
1407,HURRICANE O'REILLY'S,,150 Canal,Boston,MA,02114,Active,FS,Eating & Drinking,2017-10-17 15:19:56.743+00,6177220161,25417,42.36480000046733,-71.06080000072352
1408,HYATT CONF. & HOTEL (FS),,101 Harborside,East Boston,MA,02128,Active,FS,Eating & Drinking,2006-12-07 18:34:32+00,6175681234,155864,42.3591986566309,-71.02719173232286
1409,Hyatt Place Boston/Seaport District,,295 Northern,Boston,MA,02210,Active,FS,Eating & Drinking,2020-04-06 12:51:18.663+00,8573281234,103896,42.34763032963062,-71.03673194268646
1410,Hyatt Regency Boston,,1 Avenue De Lafayette,Boston,MA,02111,Active,FS,Eating & Drinking,2006-12-07 18:36:14+00,6179121234,156352,42.353391411663914,-71.06073721529292
1411,Ibasho Sushi @ B&W Hospital,,75 Francis,Boston,MA,02115,Active,FT,Eating & Drinking w/ Take Out,2025-09-03 17:08:23.42+00,7049262200,158148,42.33604286181242,-71.10738752281475
1412,Ichiban Yakitori Sushi House,,14 Westland,Boston,MA,02115,Active,FS,Eating & Drinking,2013-03-28 13:33:55+00,6172367907,148476,42.34320599976995,-71.08674900087615
1413,Icon,Paga Inc.,100 Warrenton,Boston,MA,02116,Active,FS,Eating & Drinking,2006-12-07 18:34:55+00,6174820930,155721,42.3507763812308,-71.06622927131706
1414,IDEAL SUB SHOP,,522 Dudley,Roxbury,MA,02119,Active,FT,Eating & Drinking w/ Take Out,2006-12-07 18:34:19+00,6174421560,155793,42.32234322041538,-71.07241825890063
1415,iFresh Noodle,iFresh Noodle,182 Brighton,Allston,MA,02134,Active,FS,Eating & Drinking,2019-08-22 18:47:34.983+00,6177878888,156918,42.35301893345762,-71.13367175721832
1416,Ilmondo Pizzaria,,738 Huntington,Mission Hill,MA,02120,Active,FT,Eating & Drinking w/ Take Out,2018-01-09 18:39:08.237+00,6173359833,156026,42.33371189407582,-71.10536870839458
1417,IL NIDO,,257 North,Boston,MA,02109,Active,FS,Eating & Drinking,2006-12-07 18:34:30+00,6177424272,157407,42.363673549382526,-71.05189868407814
1418,Ilona,,493 Massachusetts,Roxbury,MA,02118,Active,FS,Eating & Drinking,2018-11-08 16:32:12.743+00,6173910502,422083,42.3392983646099,-71.08074255445736
1419,Il Panino Restaurant,,7 Parmenter,Boston,MA,02113,Active,FS,Eating & Drinking,2006-12-07 18:34:06+00,6177201336,155738,42.363904221745216,-71.05476843108399
1420,Imperial Kitchen,,50 Corinth,Roslindale,MA,02131,Active,FS,Eating & Drinking,2012-09-06 19:19:08+00,6173272249,155709,42.28593361144441,-71.1290895437656
1421,INBOUND PIZZA & RESTAURANT,,1232 Commonwealth,Allston,MA,02134,Active,FS,Eating & Drinking,2006-12-07 18:36:20+00,8579193434,156880,42.34982263327599,-71.13103822305858
1422,INCHU,,201 Brookline,Boston,MA,02215,Active,FT,Eating & Drinking w/ Take Out,2021-07-22 16:36:50.877+00,6175124819,340960,42.34486239691058,-71.10160474147757
1423,Indian Kitchen,,7 Craftsman,Allston,MA,02134,Active,FT,Eating & Drinking w/ Take Out,2019-08-05 15:59:59.51+00,,154051,42.353868999809876,-71.13572000099225
1424,India Quality,,484 Commonwealth,Boston,MA,02215,Active,FT,Eating & Drinking w/ Take Out,2006-12-07 18:35:04+00,6288722,40997,42.34853999994539,-71.09422000066958
1425,In House Cafe Company,,132 Chestnut Hill,Brighton,MA,02135,Active,FS,Eating & Drinking,2021-06-07 13:59:04.213+00,,31653,42.34295899990876,-71.15328800134287
1426,Insomnia Cookies,,100 Tremont,Boston,MA,02108,Active,FT,Eating & Drinking w/ Take Out,2019-03-27 17:36:28.24+00,6174312494,170406,42.35714402925085,-71.06085737603024
1427,Insomnia Cookies,,220 Clarendon,Boston,MA,02116,Active,FT,Eating & Drinking w/ Take Out,2022-11-29 18:30:54.093+00,,163461,42.35121544268872,-71.0756444408417
1428,Insomnia Cookies,,708 Commonwealth,Boston,MA,02215,Active,FT,Eating & Drinking w/ Take Out,2013-03-28 14:58:30+00,2122062403,41235,42.34953999993623,-71.10540000088918
1429,Integrated Sciences Complex Cafe,,100 William T Morrissey,Dorchester,MA,02125,Active,FT,Eating & Drinking w/ Take Out,2014-07-10 13:15:02.44+00,6172875033,155810,42.31414630348332,-71.03937232673492
1430,Intelligentsia Coffee,,225 Franklin,Boston,MA,02110,Active,FS,Eating & Drinking,2018-03-21 13:51:02.48+00,3125217966,158047,42.356135732002706,-71.0540683495597
1431,Intercontinental Boston - Bar Fellini,,500 Atlantic,Boston,MA,02210,Active,FS,Eating & Drinking,2024-05-15 15:34:17.803+00,6177471000,6181,42.354099999751384,-71.05228000118916
1432,Intercontinental Boston - Clipper Room,,500 Atlantic,Boston,MA,02210,Active,FS,Eating & Drinking,2024-05-15 15:34:22.407+00,6177471000,6181,42.354099999751384,-71.05228000118916
1433,Intercontinental Boston - Matria,,500 Atlantic,Boston,MA,02210,Active,FS,Eating & Drinking,2024-05-15 15:33:29.56+00,6177471000,6181,42.354099999751384,-71.05228000118916
1434,International House of Pancake,,1850 SOLDIERS FIELD,BRIGHTON,MA,02135,Active,FS,Eating & Drinking,2006-12-07 18:34:03+00,6612948877,,42.35863007292863,-71.1573005963026
1435,Invi Restaurant,,761 Morton,Mattapan,MA,02126,Active,FT,Eating & Drinking w/ Take Out,2018-01-23 16:50:14.313+00,6173223716,97788,42.283411816797404,-71.08938617258012
1436,Irashai Sushi and Teriyaki,,8 Kneeland,Boston,MA,02111,Active,FS,Eating & Drinking,2011-04-05 15:29:26+00,6173506888,156344,42.35103922398732,-71.06255976901404
1437,Irish Village Inc.,,224 Market,Brighton,MA,02135,Active,FS,Eating & Drinking,2006-12-07 18:34:06+00,6177875427,90180,42.35490999933274,-71.14966000122497
1438,Isabella Restaurant,,2 Prince,Boston,MA,02113,Active,FS,Eating & Drinking,2021-11-02 17:43:23.953+00,,112876,42.3640300000859,-71.0536300017273
1439,Island Creek Oyster Bar #1,,99 Autumn,Boston,MA,02210,Active,FT,Eating & Drinking w/ Take Out,2025-04-07 14:12:51.24+00,7819342028,437724,42.35074840574919,-71.04588713161903
1440,Island Creek Oyster Bar #2,,99 Autumn,Boston,MA,02210,Active,FT,Eating & Drinking w/ Take Out,2025-04-07 14:47:08.39+00,7819342028,437724,42.35074840574919,-71.04588713161903
1441,Island Creek Raw Bar #3,,99 Autumn,Boston,MA,02210,Active,FT,Eating & Drinking w/ Take Out,2025-04-16 18:25:39.84+00,7819342028,437724,42.35074840574919,-71.04588713161903
1442,Island Creek Raw Bar #4,,99 Autumn,Boston,MA,02210,Active,FT,Eating & Drinking w/ Take Out,2025-04-16 18:25:41.053+00,7819342028,437724,42.35074840574919,-71.04588713161903
1443,Island Cuisine Restaurant and Bakery,,554 Dudley,Dorchester,MA,02125,Active,FS,Eating & Drinking,2025-01-24 19:53:42.143+00,6177080013,341148,42.321297654770596,-71.07204058168567
1444,ISLAND STYLE INC.,,183 Washington,Dorchester,MA,02121,Active,FT,Eating & Drinking w/ Take Out,2006-12-07 18:36:08+00,6173615485,158297,42.30334992270578,-71.07876065989066
1445,Isshindou Ramen,,1 Brighton,Allston,MA,02134,Active,FT,Eating & Drinking w/ Take Out,2019-01-29 17:20:37.93+00,,157732,42.352411055760506,-71.12532952455528
1446,Istanbul Doner Burrito,,350 Longwood,Boston,MA,02115,Active,FT,Eating & Drinking w/ Take Out,2024-11-14 17:55:35.09+00,6175056265,156578,42.33817999970623,-71.10648000164196
1447,Italian Pizza & Sub Express,,162 South,Jamaica Plain,MA,02130,Active,FT,Eating & Drinking w/ Take Out,2016-10-03 16:09:25.633+00,6173905301,169797,42.30410168059487,-71.11445201387866
1448,Jacques,,77 Broadway,Boston,MA,02215,Active,FS,Eating & Drinking,2006-12-07 18:33:54+00,5364053,157703,42.34995771659508,-71.06744089366849
1449,Jade Garden Restaurant,LCY  Inc.,20 Tyler,Boston,MA,02111,Active,FS,Eating & Drinking,2009-06-04 16:49:05+00,6174233288,138814,42.35069000007065,-71.06057000050971
1450,Jadu,,767 Centre,Jamaica Plain,MA,02130,Active,FS,Eating & Drinking,2024-01-04 16:47:37.54+00,6174773289,163050,42.310187839479255,-71.11537478339142
1451,Jaho Coffee Roaster & Wine Bar,,116 Huntington,Boston,MA,02116,Active,FS,Eating & Drinking,2017-09-15 13:39:38.54+00,6172852312,76240,42.34651000028041,-71.07976000115998
1452,Jaho Coffee Roaster & Wine Bar,,659 Washington,Boston,MA,02116,Active,FT,Eating & Drinking w/ Take Out,2014-12-05 13:29:47.41+00,9782238982,155660,42.351742460783846,-71.0630532474751
1453,Jaho Coffee & Tea,,1651 Washington,Roxbury,MA,02118,Active,FT,Eating & Drinking w/ Take Out,2011-03-08 13:40:26+00,6172361680,144306,42.33789999968506,-71.07541000149061
1454,Jamaica Mi Hungry/Swirld Cinnamon Rolls,,11 Walter,Hyde Park,MA,02136,Active,FT,Eating & Drinking w/ Take Out,2026-06-01 15:39:33.643+00,6172598017,142238,42.25693000010156,-71.1193400018027
1455,Jamaica Plain House of Pizza,,775 Centre,Jamaica Plain,MA,02130,Active,FT,Eating & Drinking w/ Take Out,2021-11-17 16:08:57.75+00,6175224154,351828,42.309996304804834,-71.11551762168982
1456,Jamaica's Best Restaurant ,,1614 Blue Hill,Mattapan,MA,02126,Active,FS,Eating & Drinking,2023-10-26 18:39:15.3+00,6176903892,157942,42.268881358357056,-71.09335106232398
1457,Java House,,541 Broadway,South Boston,MA,02127,Active,FT,Eating & Drinking w/ Take Out,2021-03-10 19:46:13.517+00,6174644858,157314,42.33530208730255,-71.04227258332388
1458,Jays Kitchen - K110,,94 Shirley,Roxbury,MA,02119,Active,FT,Eating & Drinking w/ Take Out,2025-09-04 13:38:24.53+00,9178214447,127222,42.32448468232285,-71.07021644447491
1459,JEANIE JOHNSTON PUB,,144 South,Jamaica Plain,MA,02130,Active,FS,Eating & Drinking,2006-12-07 18:36:06+00,6179839432,156266,42.305066801287474,-71.11444910593787
1460,Jen Lai Noodle and Rice Co.,,1 FANEUIL HALL MKT PL,BOSTON,MA,02109,Active,FT,Eating & Drinking w/ Take Out,2007-04-01 13:39:37+00,9087568888,,42.36002999999229,-71.0562400012183
1461,JENNY'S PIZZA,,320 Medford,Charlestown,MA,02129,Active,FT,Eating & Drinking w/ Take Out,2023-09-13 15:34:03.56+00,7813331199,93732,42.38126000046043,-71.06301000140816
1462,Jersey Mikes,,64 Staniford,Boston,MA,02114,Active,FT,Eating & Drinking w/ Take Out,2024-07-09 17:06:10.473+00,7036270048,355286,42.36303464684379,-71.06410351319063
1463,Jersey Mikes Subs,,462 Washington,Brighton,MA,02135,Active,FT,Eating & Drinking w/ Take Out,2021-03-29 18:04:03.183+00,9086423594,143580,42.34873500021143,-71.15899200120337
1464,Jiang Nan,,177 Tremont,Boston,MA,02111,Active,FS,Eating & Drinking,2022-11-28 15:12:21.32+00,8572770668,137449,42.352999999796815,-71.06405000152559
1465,Jibei Chuan,,50 Beach,Boston,MA,02111,Active,FS,Eating & Drinking,2020-11-18 17:38:33.513+00,6178885366,9392,42.351539999950916,-71.06073000146765
1466,Jimmy Buffett's Margaritaville,,300 Faneuil Hall Marketplace,Boston,MA,02109,Active,FS,Eating & Drinking,2021-03-23 18:48:49.69+00,,351051,42.3605358160807,-71.05485795412649
1467,JIMMY JOHN'S,,100 Terminal,East Boston,MA,02128,Active,FT,Eating & Drinking w/ Take Out,2023-08-01 18:20:05.247+00,,341357,42.364539860564015,-71.02181743285618
1468,JIMMY JOHN'S,,411 D,Boston,MA,02210,Active,FT,Eating & Drinking w/ Take Out,2020-01-29 19:16:29.613+00,8572653289,345085,42.34448273894785,-71.04388091223142
1469,Jim Roche Ice Arena,,1275 VFW,West Roxbury,MA,02132,Active,FS,Eating & Drinking,2007-09-14 12:43:47+00,6173239512,402434,42.276099999839786,-71.17305000129284
1470,Jim's Restaurant and Deli,,371 Washington,Brighton,MA,02135,Active,FT,Eating & Drinking w/ Take Out,2006-12-07 18:34:19+00,6177872626,155792,42.3493179139294,-71.15405120583353
1471,Jiro's Sushi,,32 Kneeland,Boston,MA,02111,Active,FT,Eating & Drinking w/ Take Out,2019-04-08 13:54:30.207+00,,354241,42.35085022255524,-71.06183724236563
1472,J. J. DONOVAN INC.,,200 FANEUIL HALL MARKET,BOSTON,MA,02109,Active,FS,Eating & Drinking,2007-04-11 15:15:04+00,6175239522,,42.360199815765334,-71.05479820409751
1473,J J Foley's Cafe,,117 EAST BERKELEY,BOSTON,MA,02118,Active,FS,Eating & Drinking,2007-06-27 19:46:08+00,6177280315,,42.34383159379653,-71.06564064203337
1474,J J FOLEY'S GRILL INC.,,19 KINGSTON,BOSTON,MA,02111,Active,FS,Eating & Drinking,2006-12-07 18:34:20+00,6174828075,,,
1475,J & J IRISH PUB & GRILLE,,1130 Dorchester,Dorchester,MA,02125,Active,FS,Eating & Drinking,2006-12-07 18:34:32+00,6172825919,156549,42.312214660803505,-71.0571913072943
1476,JJ Nugs Mac & Cheese-Lower Level,,32 Cambridge,Charlestown,MA,02129,Active,FT,Eating & Drinking w/ Take Out,2025-04-02 18:26:08.497+00,5088431673,25110,42.383569999309664,-71.0743500017016
1477,J M Curley/Bogie's Place/Wig Shop Lounge,,21 Temple,Boston,MA,02111,Active,FS,Eating & Drinking,2011-06-29 19:02:45+00,6175122550,134061,42.35515760695261,-71.06243732342018
1478,JOE'S AMERICAN BAR & GRILL,,100 Atlantic,Boston,MA,02110,Active,FS,Eating & Drinking,2011-04-05 13:05:42+00,6175364200,155959,42.361967425571734,-71.05067122928065
1479,JOE'S AMERICAN BAR & GRILL,,26 Exeter,Boston,MA,02116,Active,FS,Eating & Drinking,2011-04-05 13:00:03+00,,55335,42.35059853326145,-71.07982078385476
1480,Joe's Famous Subs & Pizza,,140 Dudley,Roxbury,MA,02119,Active,FT,Eating & Drinking w/ Take Out,2006-12-07 18:33:58+00,9057720000,49635,42.32903499987993,-71.08372000143603
1481,Joe's Pizza,,144 Brookline,Boston,MA,02215,Active,FT,Eating & Drinking w/ Take Out,2025-12-01 15:43:37.627+00,,341545,42.344462438567604,-71.1010982758041
1482,Joey Bats Cafe,,700 Atlantic,Boston,MA,02111,Active,FT,Eating & Drinking w/ Take Out,2026-04-09 18:32:19.347+00,4133749481,156723,42.35204827404688,-71.0551747507777
1483,JOEY'S FUN FOODS,,100-199 Faneuil Hall Market,Boston,MA,02109,Active,FT,Eating & Drinking w/ Take Out,2007-04-20 13:25:00+00,6172610065,,,
1484,Johanetts Kitchen - Lower Level,,32 Cambridge,Charlestown,MA,02129,Active,FT,Eating & Drinking w/ Take Out,2024-01-08 19:21:38.097+00,6177180188,25110,42.383569999309664,-71.0743500017016
1485,JOHN B. HYNES VET. MEM. CTR.,,880 Boylston,Boston,MA,02199,Active,FS,Eating & Drinking,2010-05-26 16:48:35+00,6179542100,18415,42.347530000607804,-71.08411000220546
1486,Johnnies On The Side,,138 Portland,Boston,MA,02114,Active,FS,Eating & Drinking,2008-03-18 19:13:59+00,6172271588,,,
1487,Johnny Burke Catering & Events,,168 Spring,West Roxbury,MA,02132,Active,FT,Eating & Drinking w/ Take Out,2017-11-15 16:01:17.267+00,7742700448,352347,42.27577999991106,-71.16685000151308
1488,Johnny Pomodoro,,297 Main,Charlestown,MA,02129,Active,FT,Eating & Drinking w/ Take Out,2021-09-13 14:08:46.57+00,7742700448,354471,42.377800000165585,-71.06706000117386
1489,JOHNNY'S PIZZA & SUBS,,1917 Dorchester,Dorchester,MA,02124,Active,FT,Eating & Drinking w/ Take Out,2014-12-09 18:17:03.81+00,6172656660,156515,42.28521347979991,-71.06463831663399
1490,John's Pizza,,863 Washington,Dorchester,MA,02124,Active,FT,Eating & Drinking w/ Take Out,2025-11-14 14:51:20.68+00,6172822691,157388,42.28156139823146,-71.07130039533615
1491,JOIA Ristorante & Lounge,,189 State,Boston,MA,02109,Active,FS,Eating & Drinking,2023-10-31 14:24:08.747+00,8572770782,357204,42.35922999987799,-71.05272000075792
1492,Jones Day @ South Station Tower 23rd Fl.,,680 Atlantic,Boston,MA,02111,Active,FS,Eating & Drinking,2025-10-23 14:22:29.04+00,6174496921,423328,42.350352684080285,-71.0559167907962
1493,Joseph's Pizza & Sub Shop,,1200 Blue Hill,Mattapan,MA,02126,Active,FT,Eating & Drinking w/ Take Out,2006-12-07 18:34:38+00,6172980065,156568,42.28344577733234,-71.09139870300409
1494,Joseph's Pizzeria,,8 Huntington,Mission Hill,MA,02130,Active,FS,Eating & Drinking,2018-01-02 13:26:03.553+00,6177319880,156493,42.331748407477015,-71.11176208475916
1495,J. Pace & Son Uptown,,225 Northern,Boston,MA,02210,Active,FT,Eating & Drinking w/ Take Out,2009-03-18 13:37:16+00,7812319599,103889,42.34853737168443,-71.0387329923863
1496,J-Pizzle Kitchen,,536 Centre,Jamaica Plain,MA,02130,Active,FS,Eating & Drinking,2018-08-08 17:18:17.15+00,6175247575,28098,42.316860000073646,-71.11327000185834
1497,J.P. LICKS,,173 Newbury,Boston,MA,02116,Active,FT,Eating & Drinking w/ Take Out,2018-04-03 15:33:15.103+00,6175242020,101379,42.35071999982103,-71.07921000117265
1498,J.P. LICKS AT W.R.  INC.,,661 V F W ,WEST ROXBURY,MA,02467,Active,FT,Eating & Drinking w/ Take Out,2006-12-07 18:35:26+00,6175242020,,,
1499,J.P. Licks @ Boylston St.,,1106 Boylston,Boston,MA,02115,Active,FT,Eating & Drinking w/ Take Out,2012-09-14 14:23:00+00,6175242020,17997,42.346828000144384,-71.0885700008115
1500,J.P. Licks @ Charles Street,,144 Charles,Boston,MA,02114,Active,FT,Eating & Drinking w/ Take Out,2012-02-16 15:58:18+00,6175242020,29126,42.359980000680245,-71.07100000113046
1501,J.P. LICKS INC.,,659 Centre,Jamaica Plain,MA,02130,Active,FT,Eating & Drinking w/ Take Out,2006-12-07 18:35:05+00,6175242020,156020,42.31286484367275,-71.11442408152661
1502,J.P. Licks @ Southbay,,20 District,Dorchester,MA,02125,Active,FT,Eating & Drinking w/ Take Out,2017-12-12 15:59:52.423+00,6175240699,420662,42.32531436705742,-71.06273101728776
1503,J.P. Licks @ West Broadway,,397 Broadway,South Boston,MA,02127,Active,FT,Eating & Drinking w/ Take Out,2018-04-03 15:43:50.913+00,6175242020,21479,42.33709175192382,-71.04848192962615
1504,J. P. Roti Shop,,482 Washington,Dorchester,MA,02124,Active,FT,Eating & Drinking w/ Take Out,2016-06-28 16:34:15.91+00,6178254860,355096,42.29469262536352,-71.07167958614922
1505,J. P. SEAFOOD CAFE INC.,,730 Centre,Jamaica Plain,MA,02130,Active,FS,Eating & Drinking,2006-12-07 18:34:45+00,6175226092,155925,42.310802027258546,-71.1144585437351
1506,Jugos,,502 Massachusetts,Roxbury,MA,02118,Active,FS,Eating & Drinking,2017-01-10 16:05:14.637+00,6175369700,157478,42.33927482172894,-71.07998993690917
1507,Jugos Juice Boston @ MBTA,,145 Dartmouth,Boston,MA,02116,Active,FT,Eating & Drinking w/ Take Out,2012-02-03 14:19:44+00,9175337788,46313,42.347277918147604,-71.07545140055491
1508,Juicy Greens,,125 Summer,Boston,MA,02111,Active,FT,Eating & Drinking w/ Take Out,2024-03-08 16:30:06.47+00,6178335676,131981,42.35312315905097,-71.05742297932142
1509,Juicy Greens,,61 South,Jamaica Plain,MA,02130,Active,FS,Eating & Drinking,2017-08-02 14:55:57.337+00,8572889776,128877,42.307690000075745,-71.11576000135584
1510,JuicyGreens at the Hub- K14,,80 Causeway,Boston,MA,02114,Active,FT,Eating & Drinking w/ Take Out,2020-02-14 20:57:53.353+00,6178335676,423633,42.36553349531547,-71.06185622592876
1511,Jules on Devonshire,,54 Devonshire,Boston,MA,02109,Active,FS,Eating & Drinking,2022-04-15 16:53:58.73+00,6177201234,164243,42.35834130533922,-71.05710698688702
1512,Jumbo Seafood,,5 Hudson,Boston,MA,02111,Active,FS,Eating & Drinking,2021-12-17 17:04:48.047+00,6175422823,422883,42.35097290433989,-71.0601689978224
1513,Jump On In,,100 Holton,Brighton,MA,02135,Active,FS,Eating & Drinking,2018-01-02 19:44:09.377+00,6177895867,351912,42.36021804203562,-71.13853514949616
1514,Just Salad,,185 Franklin,Boston,MA,02110,Active,FT,Eating & Drinking w/ Take Out,2023-01-24 17:03:39.42+00,,60662,42.35539999922405,-71.0548200009276
1515,Just Salad,,372 Congress,Boston,MA,02210,Active,FT,Eating & Drinking w/ Take Out,2023-12-19 18:28:35.493+00,3142773575,352592,42.35013183567024,-71.04778440308561
1516,Just Thai,,1512 Dorchester,Dorchester,MA,02122,Active,FS,Eating & Drinking,2020-09-10 12:49:36.927+00,6172886388,224752,42.299120000094945,-71.06032000170316
1517,Kahaani on Broadway,,22 Broadway,South Boston,MA,02127,Active,FS,Eating & Drinking,2025-12-05 17:06:55.363+00,6177524206,422806,42.342819328017995,-71.05657266267934
1518,Kaia,,370 Harrison,Roxbury,MA,02118,Active,FS,Eating & Drinking,2023-11-15 15:18:24.103+00,,439545,42.34398357827159,-71.06378452034063
1519,Kajiken,,83 Harrison,Boston,MA,02111,Active,FS,Eating & Drinking,2025-06-24 17:30:28.457+00,6178885366,359017,42.35093000006838,-71.06158000175563
1520,Kaju Tofu House,,56 Harvard,Allston,MA,02134,Active,FS,Eating & Drinking,2011-12-16 15:41:38+00,6172088540,155972,42.35432672235194,-71.13222174330699
1521,Kala Thai Cookery,,120 Blackstone,Boston,MA,02108,Active,FS,Eating & Drinking,2018-06-26 18:59:18.837+00,,355431,42.361782253774166,-71.0567638924323
1522,KALIHARI GRILL,,1 Circuit,Roxbury,MA,02119,Active,FT,Eating & Drinking w/ Take Out,2006-12-07 18:36:18+00,6179892007,154032,42.32318000032231,-71.0864500013628
1523,Kane's Donuts,,1 International,Boston,MA,02110,Active,FT,Eating & Drinking w/ Take Out,2014-08-08 14:34:13.513+00,8573172654,,,
1524,Kaori Cafe,,299 Meridian,East Boston,MA,02128,Active,FT,Eating & Drinking w/ Take Out,2025-10-10 18:32:22.113+00,6179910462,94442,42.37705000071673,-71.03897000037045
1525,Kapow Thai Cuisine,,2255 Dorchester,Dorchester,MA,02124,Active,FT,Eating & Drinking w/ Take Out,2024-11-27 14:12:37.203+00,6172967505,48560,42.27339000032178,-71.06795000189955
1526,Kartal,,520 Tremont,Roxbury,MA,02118,Active,FS,Eating & Drinking,2022-09-23 14:35:30.24+00,6172016996,351754,42.34463999963695,-71.06991000155571
1527,Kava Neo Taverna,,315 Shawmut,Roxbury,MA,02118,Active,FS,Eating & Drinking,2016-03-02 13:35:55.307+00,6172013066,157079,42.34234070580471,-71.07052981791773
1528,Kaze Shabu Shabu,,41 Essex,Boston,MA,02111,Active,FS,Eating & Drinking,2007-08-23 19:01:57+00,6173388783,54334,42.35235000063618,-71.06158000030446
1529,Kchickin,,84 Peterborough,Boston,MA,02215,Active,FS,Eating & Drinking,2024-10-02 14:09:12.123+00,6175301181,168718,42.343077111885144,-71.09911010660659
1530,KELLEY'S SQ. PUB,,84 Bennington,East Boston,MA,02128,Active,FT,Eating & Drinking w/ Take Out,2006-12-07 18:36:09+00,6175674627,156276,42.37623181731599,-71.03562911421378
1531,Kelly's Roast Beef @BOS,,200 Terminal,East Boston,MA,02128,Active,FT,Eating & Drinking w/ Take Out,2018-07-12 15:03:28.307+00,6176346097,341353,42.362677345436204,-71.01863498065062
1532,Kelly's Roastbeef (Pier A),,200 Terminal,East Boston,MA,02128,Active,FT,Eating & Drinking w/ Take Out,2019-04-17 15:16:00.567+00,6176346097,341353,42.362677345436204,-71.01863498065062
1533,Kentucky Fried Chicken,,465 Washington,Dorchester,MA,02124,Active,FT,Eating & Drinking w/ Take Out,2011-03-25 18:33:27+00,7819820755,158171,42.295093833221976,-71.07233982170061
1534,Kentucky Fried Chicken,,625 American Legion,Roslindale,MA,02131,Active,FT,Eating & Drinking w/ Take Out,2011-03-25 18:11:14+00,7819820755,3173,42.285590000139095,-71.11089000075386
1535,Kentucky Fried Chicken,,695 Columbia,Dorchester,MA,02125,Active,FT,Eating & Drinking w/ Take Out,2011-03-25 18:27:02+00,7819820755,156502,42.319970732523856,-71.061799804693
1536,Kenzoku Mazesoba,,506 Park,Boston,MA,02215,Active,FS,Eating & Drinking,2023-01-19 18:50:38.527+00,,351986,42.347669220747,-71.10594799512468
1537,KFC,,30 Beacon,Allston,MA,02134,Active,FT,Eating & Drinking w/ Take Out,2011-11-15 18:28:09+00,7819820755,12776,42.35358999977531,-71.13892000111287
1538,KHAU GALLI,,38 Brooks,Brighton,MA,02135,Active,FT,Eating & Drinking w/ Take Out,2025-12-08 16:23:00.797+00,5105161956,157199,42.356120022233526,-71.16220157338849
1539,Kicco Italian Coffee,,1 Nashua,Boston,MA,02114,Active,FT,Eating & Drinking w/ Take Out,2022-05-03 15:42:42.707+00,8573179040,347406,42.36593808263721,-71.06329249059569
1540,Kimchipapi Kitchen,,81 Harvard,Allston,MA,02134,Active,FT,Eating & Drinking w/ Take Out,2017-11-22 15:20:31.593+00,6178889368,421104,42.35356999989448,-71.13240000076226
1541,King Do,,1154 Dorchester,Dorchester,MA,02125,Active,FS,Eating & Drinking,2025-03-10 16:16:31.81+00,6174365464,157339,42.31122678657734,-71.05739263015285
1542,Kings Bowl Seaport,,60 Seaport,Boston,MA,02210,Active,FS,Eating & Drinking,2017-02-14 16:25:54.697+00,8555222695,419846,42.35284399364106,-71.04709889448148
1543,KING'S/THE 88 CLUB,,50 Dalton,Boston,MA,02115,Active,FS,Eating & Drinking,2006-12-07 18:35:45+00,6172622605,45832,42.34706500048197,-71.08564300079891
1544,Kis O Yogurt,,44 Beacon,Allston,MA,02134,Active,FT,Eating & Drinking w/ Take Out,2024-05-08 14:43:56.407+00,7814202737,12783,42.35363708367788,-71.13975841844794
1545,Klin Thai West Roxbury,,1894 Centre,West Roxbury,MA,02132,Active,FT,Eating & Drinking w/ Take Out,2025-10-23 17:50:32.037+00,6174773348,155922,42.285385729194324,-71.15584171485347
1546,Kneeland Cafe,,75 Kneeland,Boston,MA,02111,Active,FS,Eating & Drinking,2020-01-02 17:40:31.043+00,6179363953,157505,42.3501787870017,-71.06061023584307
1547,Knoll Street Tavern,,1410 Centre,Roslindale,MA,02131,Active,FS,Eating & Drinking,2025-09-22 17:06:07.357+00,6173251222,399207,42.293940000293006,-71.13618000127202
1548,Kohi Coffee Company,,40 Berkeley,Boston,MA,02116,Active,FT,Eating & Drinking w/ Take Out,2021-08-27 13:50:51.477+00,6173785738,15025,42.34594000010057,-71.07090000110264
1549,Kohi Coffee Company,,70 Guest,Brighton,MA,02135,Active,FS,Eating & Drinking,2024-07-02 14:45:40.03+00,,421472,42.3572476044308,-71.1440714883284
1550,Koko Coffee,,226 Causeway,Boston,MA,02114,Active,FS,Eating & Drinking,2025-04-24 18:57:13.947+00,8573053456,26499,42.366639999731554,-71.05943000115549
1551,Koko Coffee,,255 State,Boston,MA,02110,Active,FT,Eating & Drinking w/ Take Out,2022-05-26 19:27:40.9+00,8572212308,158086,42.35938091073582,-71.05114624072525
1552,Koko Coffee,,745 Atlantic,Boston,MA,02111,Active,FT,Eating & Drinking w/ Take Out,2026-02-04 20:05:24.58+00,8572300444,6354,42.35031000011261,-71.05710000177895
1553,Koko Coffee,,87 L,South Boston,MA,02127,Active,FT,Eating & Drinking w/ Take Out,2022-04-08 13:55:45.493+00,8572212308,156343,42.33430149364301,-71.03550036750278
1554,Kokoro Everyday Japanese Food,,6 Tremont,Brighton,MA,02135,Active,FT,Eating & Drinking w/ Take Out,2026-06-03 15:45:29.52+00,,406406,42.350479999862536,-71.1684400006564
1555,Kongdog,,200 Faneuil Hall Marketplace,Boston,MA,02109,Active,FT,Eating & Drinking w/ Take Out,2023-03-28 14:38:02.12+00,7813668653,156093,42.36019981607993,-71.05479820374326
1556,Korean Garden Restaurant,,122 Harvard,Allston,MA,02134,Active,FS,Eating & Drinking,2008-10-24 19:42:06+00,6175628989,157303,42.35243167095337,-71.13171112318642
1557,Korean Village  Park's Kitchen  Kimbap Heaven-S#10,,122 Brighton,Allston,MA,02134,Active,FT,Eating & Drinking w/ Take Out,2026-02-20 16:52:28.337+00,6176188099,162569,42.35240065993929,-71.13107730992346
1558,Korokoro Ramen and Sushi,,329 Sumner,East Boston,MA,02128,Active,FT,Eating & Drinking w/ Take Out,2024-10-16 15:06:42.357+00,6178407417,132398,42.36710706406126,-71.03607027468142
1559,Kozy Kitchen,,728 Commonwealth,Boston,MA,02215,Active,FS,Eating & Drinking,2024-12-09 18:58:17.947+00,6465250443,41246,42.34962000054308,-71.10644000125224
1560,Krasi,,48 Gloucester,Boston,MA,02115,Active,FS,Eating & Drinking,2019-04-29 14:36:58.793+00,6179704054,64954,42.348681000431625,-71.08410200071428
1561,Kuizinn Lakay Plus,,1672 Blue Hill,Mattapan,MA,02126,Active,FS,Eating & Drinking,2018-05-10 14:18:01.697+00,8572058742,16348,42.26762399939839,-71.09325700203321
1562,Kung Fu Tea,,1916B Beacon,Brighton,MA,02135,Active,FT,Eating & Drinking w/ Take Out,2014-08-18 17:22:00.33+00,6462209991,351867,42.336591000246315,-71.14887600175757
1563,Kung Fu Tea @ Mass. Ave.,,334 Massachusetts,Boston,MA,02115,Active,FT,Eating & Drinking w/ Take Out,2013-07-23 18:31:52+00,,156790,42.342610373743526,-71.08416984132879
1564,Kura Revolving Sushi Bar,,39 District,Dorchester,MA,02125,Active,FS,Eating & Drinking,2022-08-02 14:22:07.813+00,,423055,42.32586512589624,-71.06244368432797
1565,Kured,,81 Charles,Boston,MA,02114,Active,FT,Eating & Drinking w/ Take Out,2025-10-08 14:49:45.28+00,8572847169,29194,42.35845330826404,-71.07046529704412
1566,Kwench Juice Cafe,,1587 Blue Hill,Mattapan,MA,02126,Active,FT,Eating & Drinking w/ Take Out,2022-10-24 18:00:54.32+00,7749767094,16326,42.26956000003132,-71.09404000202832
1567,Kwench Juice Cafe,,230 Congress,Boston,MA,02110,Active,FT,Eating & Drinking w/ Take Out,2022-10-12 16:06:42.877+00,6177853489,358042,42.35449000012255,-71.05422000103133
1568,Kwench Juice Cafe,,401 Washington,Brighton,MA,02135,Active,FT,Eating & Drinking w/ Take Out,2023-06-06 13:49:26.613+00,,143535,42.34930046891137,-71.1552742358399
1569,Kwench Juice Cafe,,643 VFW,Chestnut Hill,MA,02467,Active,FT,Eating & Drinking w/ Take Out,2024-10-23 16:36:46.917+00,6172127949,424158,42.29646525486872,-71.15666531224726
1570,Kyoichi,,665A Tremont,Roxbury,MA,02118,Active,FT,Eating & Drinking w/ Take Out,2022-05-27 16:50:19.61+00,8572363473,351746,42.34194999996279,-71.07587000092104
1571,L5C1,,4 Jersey,Boston,MA,02215,Active,FT,Eating & Drinking w/ Take Out,2008-11-16 16:29:39+00,7742054363,424258,42.34673007807398,-71.0986629781914
1572,L5C3,,4 Jersey,Boston,MA,02215,Active,FT,Eating & Drinking w/ Take Out,2008-11-16 16:31:02+00,7742054363,424258,42.34673007807398,-71.0986629781914
1573,La Abundancia Bakery  Corporation,,59 Meridian,East Boston,MA,02128,Active,FT,Eating & Drinking w/ Take Out,2014-12-03 18:33:32.99+00,8575408209,351703,42.37173900034121,-71.03877200131161
1574,La Be Fana Pizzeria,,15 Beacon,Allston,MA,02134,Active,FT,Eating & Drinking w/ Take Out,2014-06-05 12:21:49+00,6179870086,12560,42.354249999581754,-71.13765000156977
1575,L.A. Burdick Chocolate,,224 Clarendon,Boston,MA,02116,Active,FT,Eating & Drinking w/ Take Out,2011-07-30 17:41:18+00,6037563701,340972,42.35125097310605,-71.07566212219865
1576,La Cabra Restaurant,,1294 Blue Hill,Mattapan,MA,02126,Active,FS,Eating & Drinking,2025-03-28 16:17:55.73+00,6173229011,16228,42.27934999991406,-71.09275000191992
1577,LA CHIVA RESTAURANT,,259 Bennington,East Boston,MA,02128,Active,FT,Eating & Drinking w/ Take Out,2018-11-27 17:11:34.82+00,6175696200,14695,42.37825000012006,-71.02954000131848
1578,LaCocina Local,HSI MCA BOS FB  LLC,300 Terminal,East Boston,MA,02128,Active,FT,Eating & Drinking w/ Take Out,2019-06-27 16:05:24.093+00,6176346097,341352,42.3666199526667,-71.016589349149
1579,La Cocina VROCC,,389 Maverick,East Boston,MA,02128,Active,FT,Eating & Drinking w/ Take Out,2025-10-09 18:40:15.13+00,7815585102,93071,42.365699999945136,-71.02905000185709
1580,La Cuchara Restaurant,,381 Blue Hill,Dorchester,MA,02121,Active,FT,Eating & Drinking w/ Take Out,2024-02-28 18:12:50.833+00,6174457500,378158,42.31173000011443,-71.0811100015354
1581,La Esquina Restaurant,,624 Blue Hill,Dorchester,MA,02121,Active,FT,Eating & Drinking w/ Take Out,2019-05-31 13:45:36.4+00,6178220200,156302,42.302878752333676,-71.08501854612992
1582,LA FAMIGLIA RISTORANTE,,112 Salem,Boston,MA,02113,Active,FS,Eating & Drinking,2006-12-07 18:34:16+00,7812843908,121697,42.36454999973423,-71.05571000122214
1583,La Fonda Boston,,1620 Commonwealth,Brighton,MA,02135,Active,FT,Eating & Drinking w/ Take Out,2023-03-07 15:22:29.94+00,,351767,42.343423999574085,-71.14260000180242
1584,La Fonda Colombiana,,972 Saratoga,East Boston,MA,02128,Active,FS,Eating & Drinking,2020-03-12 13:08:26.993+00,6175610101,157343,42.38709151691337,-71.00758007938937
1585,La Gran Manzana,,22 William C Kelly,East Boston,MA,02128,Active,FS,Eating & Drinking,2014-06-04 12:50:49+00,,151123,42.37517700012285,-71.03860000126986
1586,La Hacienda,,150 Meridian,East Boston,MA,02128,Active,FS,Eating & Drinking,2022-03-16 19:05:18.993+00,6175613737,392478,42.3740100001616,-71.03927000177596
1587,Lakon Brighton,,407 Washington,Brighton,MA,02135,Active,FS,Eating & Drinking,2024-01-12 16:13:56.027+00,6179091903,352135,42.34940300066356,-71.1553090007287
1588,Lakon Paris Patissier,,43-61 Pier 4,Boston,MA,02210,Active,FT,Eating & Drinking w/ Take Out,2024-03-20 15:14:14.44+00,,439658,42.35006670298421,-71.04499889871157
1589,Lala's Neapolitan-ish Pizza,,401 Park,Boston,MA,02215,Active,FT,Eating & Drinking w/ Take Out,2022-12-22 18:53:05.087+00,7038871401,156914,42.344449188410294,-71.10287028370084
1590,La Lechonera Restaurant,,342 Cummins,Roslindale,MA,02131,Active,FT,Eating & Drinking w/ Take Out,2015-11-24 17:42:13.503+00,6173230311,44868,42.27880000024699,-71.11601000156894
1591,La Mamma Pizza And More,,190 Brighton,Allston,MA,02134,Active,FT,Eating & Drinking w/ Take Out,2007-05-31 15:59:39+00,6177831661,20106,42.35299342879339,-71.1337982620439
1592,La Marina Restaurant,,124 Harvard,Dorchester,MA,02124,Active,FT,Eating & Drinking w/ Take Out,2025-10-24 13:59:04.14+00,8573392145,70779,42.29642999983004,-71.07965000081018
1593,La Mesa Market,,744 Dudley,Dorchester,MA,02125,Active,FT,Eating & Drinking w/ Take Out,2024-08-08 15:27:02.763+00,6177174320,49839,42.31797000000738,-71.06662000127588
1594,Landmark Public House,,772 Adams,Dorchester,MA,02122,Active,FS,Eating & Drinking,2016-07-12 19:25:28.093+00,6173083186,383124,42.283419769524244,-71.05551860619853
1595,Land of Fire Pizzeria,,1696 Commonwealth,Brighton,MA,02135,Active,FT,Eating & Drinking w/ Take Out,2021-08-11 18:34:30.787+00,,156189,42.341227487439454,-71.14654970326643
1596,Land of Pizza,,445 Broadway,South Boston,MA,02127,Active,FT,Eating & Drinking w/ Take Out,2025-11-20 13:39:05.64+00,6172094442,21508,42.33604916906648,-71.04687600954558
1597,La Neta,,255 Newbury,Boston,MA,02116,Active,FS,Eating & Drinking,2018-09-19 14:04:26.7+00,6179380355,101471,42.34968000066771,-71.08305000093483
1598,Lani's Pizza,,1288 Blue Hill,Mattapan,MA,02126,Active,FT,Eating & Drinking w/ Take Out,2016-02-24 15:21:24.697+00,6175866883,16225,42.27978199984301,-71.09262000064517
1599,Lanner Noodle Bar,,43-61 Pier 4,Boston,MA,02210,Active,FS,Eating & Drinking,2025-01-13 15:29:34.75+00,5854516393,439658,42.35006670298421,-71.04499889871157
1600,La Padrona,,40 Trinity,Boston,MA,02116,Active,FS,Eating & Drinking,2023-10-18 15:04:36.997+00,,341077,42.34840397218441,-71.07503502538228
1601,La Padrona - 1st Fl. Bar,,40 Trinity,Boston,MA,02116,Active,FS,Eating & Drinking,2023-10-18 15:08:43.747+00,,341077,42.34840397218441,-71.07503502538228
1602,La Parada Dominican Kitchen,,3094 Washington,Roxbury,MA,02119,Active,FT,Eating & Drinking w/ Take Out,2020-10-13 17:47:53.473+00,6179427599,351590,42.31511219546888,-71.09863987869507
1603,La Pheegan Chef,,196 Quincy,Dorchester,MA,02125,Active,FT,Eating & Drinking w/ Take Out,2023-03-21 16:04:08.703+00,,377254,42.31306866790966,-71.07391936327326
1604,La Pinata,,199 Sumner,East Boston,MA,02128,Active,FS,Eating & Drinking,2017-08-25 17:28:55.46+00,8572077034,422263,42.36898000040109,-71.04036000154717
1605,LA REINA,,80 Bennington,East Boston,MA,02128,Active,FT,Eating & Drinking w/ Take Out,2006-12-07 18:35:16+00,3811799,14936,42.37608000014698,-71.03610000109322
1606,LARRY J'S BBQ CAFE,,600 D,South Boston,MA,02210,Active,FT,Eating & Drinking w/ Take Out,2012-06-27 17:06:22+00,,,,
1607,La Saison Bakery,,219 Main,Charlestown,MA,02129,Active,FT,Eating & Drinking w/ Take Out,2024-10-25 13:13:17.337+00,3107093997,88457,42.37654000042955,-71.06542100109569
1608,LAS PALMAS RESTAURANT,,4337A Washington,Roslindale,MA,02131,Active,FS,Eating & Drinking,2016-12-21 13:28:54.1+00,6173233339,351860,42.28332000027448,-71.13172000127693
1609,LA SULTANA BAKERY,,40 MAVERICK,EAST BOSTON,MA,02128,Active,FT,Eating & Drinking w/ Take Out,2006-12-07 18:34:37+00,6175689999,,42.370099458172525,-71.03920821155282
1610,LA SUMMA,,26 Fleet,Boston,MA,02113,Active,FS,Eating & Drinking,2007-03-25 19:26:21+00,6175292565,58635,42.36458999968669,-71.0525400008487
1611,Las Vegas Seafood Restaurant,,1200 River,Hyde Park,MA,02136,Active,FS,Eating & Drinking,2006-12-07 18:34:57+00,6173642772,413554,42.25584000006592,-71.12176000136904
1612,La Taqueria,,1132 Blue Hill,Dorchester,MA,02124,Active,FS,Eating & Drinking,2023-10-23 16:38:40.107+00,6174360000,155807,42.285528859300264,-71.09070896069028
1613,La Taqueria Taco Bar & Grill,,632 Hyde Park,Roslindale,MA,02131,Active,FT,Eating & Drinking w/ Take Out,2016-11-07 18:02:29.347+00,6179428117,437499,42.27878868341524,-71.11896126597358
1614,La Tavernetta by Mida,,45 Lewis,East Boston,MA,02128,Active,FS,Eating & Drinking,2026-03-17 16:13:30.707+00,8572771185,443084,42.36694581765673,-71.04167425688759
1615,LA TERRAZA RESTAURANT,,19 Bennington,East Boston,MA,02128,Active,FS,Eating & Drinking,2006-12-07 18:36:29+00,6175615200,14651,42.375102999970906,-71.03799300091615
1616,LATINO RESTAURANT,,302 Centre,Jamaica Plain,MA,02130,Active,FS,Eating & Drinking,2006-12-07 18:34:38+00,6172654464,27963,42.322730000250644,-71.10325000118152
1617,Laugh Boston,,425 Summer,Boston,MA,02210,Active,FS,Eating & Drinking,2013-02-07 15:32:25+00,6172631300,344059,42.346219438145646,-71.04309939100366
1618,Laughing Monk Cafe,,164 Brighton,Allston,MA,02134,Active,FS,Eating & Drinking,2022-11-04 17:35:33.717+00,6172328000,20078,42.35291999950836,-71.13306000178
1619,Laughing Monk Cafe,,737 Huntington,Boston,MA,02115,Active,FS,Eating & Drinking,2017-02-08 16:31:53.987+00,6172328000,156156,42.33406917795849,-71.10552921442057
1620,Lavietes Pavillion,,65 Harvard,Allston,MA,02163,Active,FT,Eating & Drinking w/ Take Out,2017-02-01 13:39:27.83+00,6174920030,168215,42.36750373294184,-71.12593098142989
1621,La Voile,,257 Newbury,Boston,MA,02116,Active,FS,Eating & Drinking,2024-11-08 19:45:22.563+00,6175874200,101472,42.34966000019893,-71.08314000066959
1622,Lawn on D - 40' Container Kitchen,,420 D,Boston,MA,02210,Active,FT,Eating & Drinking w/ Take Out,2026-05-05 13:09:12.633+00,8573279300,354122,42.34382231043024,-71.04538199519762
1623,Lawn on D - The Grove Bar B1,,420 D,Boston,MA,02210,Active,FT,Eating & Drinking w/ Take Out,2026-05-07 15:50:18.64+00,8573279300,354122,42.34382231043024,-71.04538199519762
1624,Lawn on D - The Grove Bar C1,,420 D,Boston,MA,02210,Active,FT,Eating & Drinking w/ Take Out,2026-05-07 15:50:26.953+00,8573279300,354122,42.34382231043024,-71.04538199519762
1625,Lawn on D - The Grove Bar C2,,420 D,Boston,MA,02210,Active,FT,Eating & Drinking w/ Take Out,2026-05-07 15:50:31.157+00,8573279300,354122,42.34382231043024,-71.04538199519762
1626,Lawn on D - The Grove Bar E1,,420 D,Boston,MA,02210,Active,FT,Eating & Drinking w/ Take Out,2026-05-07 15:50:22.83+00,8573279300,354122,42.34382231043024,-71.04538199519762
1627,Lawn on D - The Grove Bar E2,,420 D,Boston,MA,02210,Active,FT,Eating & Drinking w/ Take Out,2026-05-07 15:50:35.257+00,8573279300,354122,42.34382231043024,-71.04538199519762
1628,Layla's American Tavern,,332 Broadway,South Boston,MA,02127,Active,FS,Eating & Drinking,2023-07-20 12:24:57.763+00,6177524756,21437,42.338415000442744,-71.0498760012101
1629,Lazuri Chicken N Pizza,,487 Cambridge,Allston,MA,02134,Active,FS,Eating & Drinking,2021-01-11 17:11:11+00,6172088575,156398,42.35382140746972,-71.13727837229204
1630,Lazy Bear Creamery,,383 Neponset,Dorchester,MA,02122,Active,FT,Eating & Drinking w/ Take Out,2022-08-18 14:15:18.68+00,6179138000,379465,42.286560000348224,-71.04478000080907
1631,LC1/Pizza/LB2,,4 Jersey,Boston,MA,02215,Active,FT,Eating & Drinking w/ Take Out,2008-11-16 16:15:39+00,7742054363,156417,42.346768333561606,-71.09864788266272
1632,LC2/LY1,,4 Jersey,Boston,MA,02215,Active,FT,Eating & Drinking w/ Take Out,2008-11-16 16:16:38+00,7742054363,156417,42.346768333561606,-71.09864788266272
1633,LC4,,4 Jersey,Boston,MA,02215,Active,FT,Eating & Drinking w/ Take Out,2008-11-16 16:18:32+00,7742054363,156417,42.346768333561606,-71.09864788266272
1634,Leader Bank Pavilion - Dockside 5,,290 Northern,Boston,MA,02210,Active,FT,Eating & Drinking w/ Take Out,2026-04-17 12:21:12.11+00,3236404678,341023,42.34818065230851,-71.03661799221628
1635,Leader Bank Pavilion - Dock side 6,,290 Northern,Boston,MA,02210,Active,FT,Eating & Drinking w/ Take Out,2026-04-17 12:21:16.51+00,3236404678,341023,42.34818065230851,-71.03661799221628
1636,Leader Bank Pavilion - Ful Liquor,,290 Northern,Boston,MA,02210,Active,FT,Eating & Drinking w/ Take Out,2026-04-17 12:20:40.607+00,3236404678,341023,42.34818065230851,-71.03661799221628
1637,Leader Bank Pavilion - Harborside 1,,290 Northern,Boston,MA,02210,Active,FT,Eating & Drinking w/ Take Out,2026-04-17 12:21:39.66+00,3236404678,341023,42.34818065230851,-71.03661799221628
1638,Leader Bank Pavilion - Jade Lane,,290 Northern,Boston,MA,02210,Active,FT,Eating & Drinking w/ Take Out,2026-04-17 12:20:26.553+00,3236404678,341023,42.34818065230851,-71.03661799221628
1639,Leader Bank Pavilion - Limited Concessions,,290 Northern,Boston,MA,02210,Active,FT,Eating & Drinking w/ Take Out,2026-04-17 12:21:07.85+00,3236404678,341023,42.34818065230851,-71.03661799221628
1640,Leader Bank Pavilion - Mobile Bar 1,,290 Northern,Boston,MA,02210,Active,FT,Eating & Drinking w/ Take Out,2026-04-17 12:21:25.7+00,3236404678,341023,42.34818065230851,-71.03661799221628
1641,Leader Bank Pavilion - Mobile Bar 2,,290 Northern,Boston,MA,02210,Active,FT,Eating & Drinking w/ Take Out,2026-04-17 12:21:30.513+00,3236404678,341023,42.34818065230851,-71.03661799221628
1642,Leader Bank Pavilion - Mobile Bar 3,,290 Northern,Boston,MA,02210,Active,FT,Eating & Drinking w/ Take Out,2026-04-17 12:21:35.26+00,3236404678,341023,42.34818065230851,-71.03661799221628
1643,Leader Bank Pavilion - Mosh Burger,,290 Northern,Boston,MA,02210,Active,FT,Eating & Drinking w/ Take Out,2026-03-02 17:28:00.837+00,3236404678,341023,42.34818065230851,-71.03661799221628
1644,Leader Bank Pavilion - Pavillion Side 1,,290 Northern,Boston,MA,02210,Active,FT,Eating & Drinking w/ Take Out,2026-04-17 12:21:21.25+00,3236404678,341023,42.34818065230851,-71.03661799221628
1645,Leader Bank Pavilion - Rebel Hen,,290 Northern,Boston,MA,02210,Active,FT,Eating & Drinking w/ Take Out,2026-04-17 12:20:53.213+00,3236404678,341023,42.34818065230851,-71.03661799221628
1646,Leader Bank Pavilion - Riffresher,,290 Northern,Boston,MA,02210,Active,FT,Eating & Drinking w/ Take Out,2026-04-17 12:20:44.8+00,3236404678,341023,42.34818065230851,-71.03661799221628
1647,Leader Bank Pavilion - Shaker Bar,,290 Northern,Boston,MA,02210,Active,FT,Eating & Drinking w/ Take Out,2026-04-17 12:20:36.457+00,3236404678,341023,42.34818065230851,-71.03661799221628
1648,Leader Bank Pavilion - Shaker Bar Dockside,,290 Northern,Boston,MA,02210,Active,FT,Eating & Drinking w/ Take Out,2026-04-17 12:21:03.45+00,3236404678,341023,42.34818065230851,-71.03661799221628
1649,Leader Bank Pavilion - Tequila Bar,,290 Northern,Boston,MA,02210,Active,FT,Eating & Drinking w/ Take Out,2026-04-17 12:20:48.88+00,3236404678,341023,42.34818065230851,-71.03661799221628
1650,Leader Bank Pavilion - VIP Tent,,290 Northern,Boston,MA,02210,Active,FT,Eating & Drinking w/ Take Out,2026-04-17 12:21:47.993+00,3236404678,341023,42.34818065230851,-71.03661799221628
1651,Leader Bank Pavilion - Wine & Spritz,,290 Northern,Boston,MA,02210,Active,FT,Eating & Drinking w/ Take Out,2026-04-17 12:20:32.24+00,3236404678,341023,42.34818065230851,-71.03661799221628
1652,Left Field Inseat,,4 Jersey,Boston,MA,02215,Active,FT,Eating & Drinking w/ Take Out,2010-07-20 14:13:58+00,6175366683,156417,42.346768333561606,-71.09864788266272
1653,Left Field Pantry,,4 Jersey,Boston,MA,02215,Active,FT,Eating & Drinking w/ Take Out,2011-04-08 18:36:07+00,6175366683,156417,42.346768333561606,-71.09864788266272
1654,Legacy Boston/Candibar,,275 Tremont,Boston,MA,02116,Active,FS,Eating & Drinking,2006-12-07 18:34:03+00,6175424677,158150,42.350043897645286,-71.06546316328973
1655,Legal Crossing,,558 Washington,Boston,MA,02111,Active,FS,Eating & Drinking,2021-01-12 17:04:53.767+00,6175682800,351927,42.35337846645107,-71.06197942970951
1656,Legal Harborside,,260 Northern,Boston,MA,02210,Active,FS,Eating & Drinking,2021-01-20 23:02:54.99+00,6175682800,342825,42.348636519692654,-71.0377903426822
1657,LEGAL SEA FOOD E3-A34,,500 Terminal,East Boston,MA,02128,Active,FS,Eating & Drinking,2023-10-18 14:37:13.14+00,,341351,42.36990420124479,-71.01943927546833
1658,Legal Sea Foods,,100 Huntington,Boston,MA,02116,Active,FS,Eating & Drinking,2021-01-12 16:51:15.283+00,6175682800,254511,42.34717362212503,-71.07802363047905
1659,Legal Sea Foods,,100 Terminal,East Boston,MA,02128,Active,FS,Eating & Drinking,2021-01-12 16:32:19.583+00,6175682800,341357,42.364539860564015,-71.02181743285618
1660,Legal Sea Foods,,255 State,Boston,MA,02110,Active,FS,Eating & Drinking,2021-01-15 20:17:14.623+00,6175682800,158086,42.35938091073582,-71.05114624072525
1661,Legal Sea Foods,,300 Boylston,Boston,MA,02116,Active,FS,Eating & Drinking,2022-10-07 14:59:42.87+00,,18287,42.35182600060489,-71.0699000009303
1662,LEGAL SEAFOODS,,200 Terminal,East Boston,MA,02128,Active,FS,Eating & Drinking,2021-01-12 16:29:27.17+00,6175682800,341353,42.362677345436204,-71.01863498065062
1663,LEGAL SEAFOODS,,300 Terminal,East Boston,MA,02128,Active,FS,Eating & Drinking,2021-01-12 16:24:58.453+00,6175682800,,,
1664,LEGAL SEAFOODS,,500 Terminal,East Boston,MA,02128,Active,FS,Eating & Drinking,2021-01-12 16:44:04.28+00,6175682800,341351,42.36990420124479,-71.01943927546833
1665,Legal Sea Foods (B Connector),,200 Terminal,East Boston,MA,02128,Active,FS,Eating & Drinking,2021-01-12 17:08:43.28+00,6175682800,341353,42.362677345436204,-71.01863498065062
1666,Legends Bar & Grill,,525 William F McClellan,East Boston,MA,02128,Active,FS,Eating & Drinking,2019-08-14 16:45:39.85+00,6175673200,344992,42.39517354743799,-71.00009205390882
1667,Lemuel Shattuck Hospital Cafe,,170 Morton,Jamaica Plain,MA,02130,Active,FS,Eating & Drinking,2025-04-15 12:40:52.52+00,6179713263,341854,42.299595427570836,-71.10193862818295
1668,Lenox Hotel - Employee Cafeteria,,61 Exeter,Boston,MA,02199,Active,FS,Eating & Drinking,2024-10-01 13:33:15.833+00,6175365300,165133,42.349156077129216,-71.07955560823402
1669,Lenox Sophia,,87 A,South Boston,MA,02127,Active,FS,Eating & Drinking,2019-05-13 19:44:00.223+00,,61,42.3424469994843,-71.05456700077063
1670,Levi's Restaurant & Lounge,,323 Washington,Dorchester,MA,02121,Active,FS,Eating & Drinking,2009-04-23 13:49:02+00,6172651009,146031,42.29982999996419,-71.07452000145167
1671,Levy Premium Food Court 1,,415 Summer,Boston,MA,02210,Active,FT,Eating & Drinking w/ Take Out,2010-05-26 18:12:06+00,6179542222,132014,42.34678976695919,-71.04493757567293
1672,Levy Premium Food Court 2,,415 Summer,Boston,MA,02210,Active,FT,Eating & Drinking w/ Take Out,2010-05-26 18:16:02+00,6179542222,132014,42.34678976695919,-71.04493757567293
1673,Levy Premium Food Court 3,,415 Summer,Boston,MA,02210,Active,FT,Eating & Drinking w/ Take Out,2010-05-26 18:18:30+00,6179542222,132014,42.34678976695919,-71.04493757567293
1674,Levy Premium Food Court 4,,415 Summer,Boston,MA,02210,Active,FT,Eating & Drinking w/ Take Out,2010-05-26 18:19:27+00,6179542222,132014,42.34678976695919,-71.04493757567293
1675,Levy Premium Food Court 5,,415 Summer,Boston,MA,02210,Active,FT,Eating & Drinking w/ Take Out,2010-05-26 18:20:52+00,6179542222,132014,42.34678976695919,-71.04493757567293
1676,Levy Premium Main Kitchen & Commissary,,415 Summer,Boston,MA,02210,Active,FS,Eating & Drinking,2010-05-26 18:03:15+00,6179542222,132014,42.34678976695919,-71.04493757567293
1677,LFV,,4 Jersey,Boston,MA,02215,Active,FT,Eating & Drinking w/ Take Out,2010-03-31 17:16:42+00,6175366683,156417,42.346768333561606,-71.09864788266272
1678,Libertine,,123 Salem,Boston,MA,02113,Active,FS,Eating & Drinking,2026-02-27 14:26:01.917+00,8572334500,121740,42.36466000042241,-71.05536000096072
1679,Liberty Diner,,1003 MASSACHUSETTS ,ROXBURY,MA,02118,Active,FS,Eating & Drinking,2006-12-07 18:34:08+00,6174429262,,42.328063059593845,-71.06831166793306
1680,LICKS CAFE,,1140 Boylston,Boston,MA,02115,Active,FT,Eating & Drinking w/ Take Out,2006-12-07 18:35:05+00,6177472712,156962,42.34659009640358,-71.0895022708843
1681,Life Alive,,431 Boylston,Boston,MA,02116,Active,FS,Eating & Drinking,2018-12-11 16:23:42.273+00,,18327,42.351610000362605,-71.07284000071324
1682,Life Alive Cafe,,162 Seaport,Boston,MA,02210,Active,FS,Eating & Drinking,2025-11-25 17:23:02.747+00,,341425,42.350076814499324,-71.04125339305126
1683,Life Alive Cafe,,505 Tremont,Boston,MA,02116,Active,FS,Eating & Drinking,2021-02-22 19:56:09.447+00,6173887697,137486,42.345092963419866,-71.07041102892094
1684,Life Alive Organic Cafe,,435 Huntington,Jamaica Plain,MA,02130,Active,FT,Eating & Drinking w/ Take Out,2023-08-29 14:13:44.31+00,,398983,42.319790000271766,-71.11200000120121
1685,Life Time,,800 Boylston,Boston,MA,02199,Active,FS,Eating & Drinking,2024-08-20 14:09:02.663+00,,157244,42.34729680482496,-71.0814574594804
1686,Lilly Boston-Food Services,,15 Necco,Boston,MA,02210,Active,FS,Eating & Drinking,2024-07-01 18:48:41.18+00,,421292,42.34896823128683,-71.05132367358448
1687,Lilly Gourmet Pasta Express,,1526 Tremont,Mission Hill,MA,02120,Active,FT,Eating & Drinking w/ Take Out,2010-02-18 15:12:20+00,6174278080,170516,42.332276159832965,-71.10003069307578
1688,Lily's,,33 Batterymarch,Boston,MA,02109,Active,FS,Eating & Drinking,2019-06-05 16:38:46.173+00,6173507275,422672,42.35738822074421,-71.05405419067279
1689,Lily's Coffee & Cafe,,33 Arch,Boston,MA,02110,Active,FS,Eating & Drinking,2020-02-27 16:20:35.957+00,,4547,42.35619999934302,-71.05804000167691
1690,Lily's Pizza,,2 Oliver,Boston,MA,02109,Active,FT,Eating & Drinking w/ Take Out,2020-02-27 18:16:48.763+00,6177341911,157798,42.35731223145276,-71.05455288666938
1691,Limani Grille,,100 Northern,Boston,MA,02210,Active,FS,Eating & Drinking,2022-08-18 15:02:00.017+00,,172336,42.35223926109794,-71.04353645387097
1692,Lime Red Tea House,,1092 Commonwealth,Boston,MA,02446,Active,FS,Eating & Drinking,2016-12-05 16:22:28.447+00,7186667214,163736,42.35175073627082,-71.12415806891677
1693,LIMONCELLO,,190 North,Boston,MA,02109,Active,FS,Eating & Drinking,2006-12-07 18:35:45+00,6175234480,158273,42.363379719570304,-71.05396177868133
1694,Lincoln Tavern,,425 Broadway,South Boston,MA,02127,Active,FS,Eating & Drinking,2012-05-03 17:26:00+00,7818208103,21502,42.336350000601435,-71.04755000110535
1695,Linger,,525 Western,Brighton,MA,02135,Active,FS,Eating & Drinking,2026-02-26 16:35:31.177+00,6179099384,148220,42.36174899392653,-71.1451990845174
1696,Liq 4 / Kettle One,,4 Jersey,Boston,MA,02215,Active,FT,Eating & Drinking w/ Take Out,2011-08-18 12:57:50+00,6175366683,156417,42.346768333561606,-71.09864788266272
1697,LITTLE ASIA RESTAURANT,,991 Bennington,East Boston,MA,02128,Active,FS,Eating & Drinking,2006-12-07 18:34:49+00,6175698888,158064,42.38637574888153,-71.00704152392949
1698,Little Haiti International Cuisine,,1184 Hyde Park,Hyde Park,MA,02136,Active,FS,Eating & Drinking,2022-12-07 16:17:54.89+00,6173641313,352497,42.25829999961187,-71.12331000038382
1699,Little Pizza King,,389 Washington,Brighton,MA,02135,Active,FT,Eating & Drinking w/ Take Out,2007-07-07 16:16:15+00,6177877800,143534,42.34929000046774,-71.15484000133598
1700,Little Sage,,350 Hanover,Boston,MA,02113,Active,FS,Eating & Drinking,2012-04-23 14:15:51+00,,69117,42.36511999981242,-71.05339000074036
1701,Little Steve's Pizza,,1112 Boylston,Boston,MA,02115,Active,FS,Eating & Drinking,2024-08-27 18:37:24.133+00,2692670304,18057,42.34679399915904,-71.0887090008646
1702,Little Tao,,1153 Commonwealth,Allston,MA,02134,Active,FT,Eating & Drinking w/ Take Out,2022-07-21 15:34:14.793+00,6172072781,156144,42.35088171551585,-71.1275915512791
1703,Little Whale Oyster Bar,,314 Newbury,Boston,MA,02115,Active,FS,Eating & Drinking,2018-06-20 14:12:54.347+00,6178186588,101543,42.3486169998151,-71.08533400090072
1704,Little Wolf Coffee,,51 Sleeper,Boston,MA,02210,Active,FT,Eating & Drinking w/ Take Out,2025-04-03 15:53:52.02+00,9412092873,128151,42.352548763279565,-71.048526816108
1705,Liuyishon Hotpot Boston,,702 Washington,Boston,MA,02111,Active,FS,Eating & Drinking,2018-10-26 13:37:55.747+00,8572332971,155789,42.35111282269877,-71.06279669422453
1706,LIV Space#6,,122 Brighton,Allston,MA,02134,Active,FT,Eating & Drinking w/ Take Out,2025-02-04 18:25:58.28+00,8579197019,162569,42.35240065993929,-71.13107730992346
1707,Lobstah On A Roll,,254 Newbury,Boston,MA,02116,Active,FS,Eating & Drinking,2019-09-26 16:37:14.797+00,6174312284,101470,42.34931000081422,-71.08274000172324
1708,Local 149,,143 P,South Boston,MA,02127,Active,FS,Eating & Drinking,2011-02-04 18:14:58+00,6172690900,106247,42.33337000000593,-71.02731000081627
1709,LoContes Italian Restaurant,,114 Salem,Boston,MA,02113,Active,FS,Eating & Drinking,2023-11-20 17:03:40.783+00,6177203550,169404,42.36462710235721,-71.05562634564969
1710,Loco Taqueria & Oyster Bar,,412 Broadway,South Boston,MA,02127,Active,FS,Eating & Drinking,2014-09-19 17:30:45.007+00,6176501000,156328,42.33703932268642,-71.04768956904223
1711,Loco Taqueria & Oyster Bar,,61 Brookline,Boston,MA,02215,Active,FS,Eating & Drinking,2023-04-13 14:36:28.143+00,8572770769,22107,42.34718999979615,-71.09900000136422
1712,Logan Food Market,,45 Transportation,East Boston,MA,02128,Active,FT,Eating & Drinking w/ Take Out,2021-02-18 13:57:05.673+00,,437747,42.36667457310752,-71.02772059976026
1713,Lola 42,,20 Liberty,Boston,MA,02210,Active,FS,Eating & Drinking,2025-11-13 20:29:00.14+00,6179514002,347405,42.35452618221384,-71.0453463769094
1714,Lolita Cocina & Tequila Bar,,253 Summer,Boston,MA,02210,Active,FS,Eating & Drinking,2016-07-21 16:00:32.92+00,8574450202,131986,42.350169999158695,-71.05127000189427
1715,Lolita Cocina & Tequila Bar,,265 Dartmouth,Boston,MA,02116,Active,FS,Eating & Drinking,2010-12-10 17:41:45+00,8574450202,46340,42.35073999993309,-71.07729000078618
1716,Lone Star Taco Bar,,465 Cambridge,Allston,MA,02134,Active,FS,Eating & Drinking,2007-01-11 16:23:11+00,6178773709,25141,42.354055119517426,-71.13689527212027
1717,Long Live Roxbury - Taproom,,152 Hampden,Roxbury,MA,02119,Active,FS,Eating & Drinking,2023-03-15 16:46:02.827+00,6173345633,68561,42.32779000047516,-71.07492000166427
1718,Lookout Rooftop and Bar,,70 Sleeper,Boston,MA,02210,Active,FS,Eating & Drinking,2017-08-21 15:48:28.723+00,6173383030,350594,42.35369159555376,-71.04829376360414
1719,Lord Hobo Seaport,,2 Dry Dock,Boston,MA,02210,Active,FS,Eating & Drinking,2021-03-29 19:48:52.91+00,6179973236,421017,42.34496041650667,-71.03767730675702
1720,Loretta's Last Call/Back Door Donuts,,1 Lansdowne,Boston,MA,02215,Active,FT,Eating & Drinking w/ Take Out,2006-12-07 18:35:47+00,6172680233,156198,42.347312193081805,-71.09448945959561
1721,Los Alebrijes,,190H Sumner,East Boston,MA,02128,Active,FS,Eating & Drinking,2024-01-12 17:53:09.423+00,,170105,42.36926257168735,-71.04012826062228
1722,Los Amigos,,366 Washington,Brighton,MA,02135,Active,FS,Eating & Drinking,2016-08-04 12:21:14.393+00,6179596915,157837,42.348920083703135,-71.15376397401229
1723,Los Amigos Mexican Grill,,1741 Centre,West Roxbury,MA,02132,Active,FT,Eating & Drinking w/ Take Out,2011-05-24 18:15:13+00,,27711,42.28746000051657,-71.15016000052862
1724,LOS ARRIEROS REST,,13 Meridian,East Boston,MA,02128,Active,FS,Eating & Drinking,2006-12-07 18:34:31+00,6175691666,94394,42.37060100016964,-71.03875100222734
1725,Los Delicias Colombianas 2,,1231 River,Hyde Park,MA,02136,Active,FS,Eating & Drinking,2021-01-22 18:00:16.35+00,8579284667,352031,42.25613000020769,-71.12304000079345
1726,Los Hornitos,,235 Meridian,East Boston,MA,02128,Active,FS,Eating & Drinking,2021-09-01 18:01:33.83+00,6175670213,351585,42.375808999878146,-71.03890000169433
1727,Los Pinos Restaurante Mexican Grill,Los Pinos Restaurante Mexican Grill,82 Bennington,East Boston,MA,02128,Active,FT,Eating & Drinking w/ Take Out,2019-12-06 17:48:27.05+00,6175671761,392140,42.37610000007503,-71.03605000091521
1728,L'OSTERIA RESTAURANT,,104 Salem,Boston,MA,02113,Active,FS,Eating & Drinking,2006-12-07 18:34:30+00,6177237847,157357,42.36429231868044,-71.05562932398456
1729,Lotus Test Kitchen,,2 Avenue De Lafayette,Boston,MA,02111,Active,FT,Eating & Drinking w/ Take Out,2022-01-13 20:37:34.773+00,6175427482,6847,42.35404000016943,-71.06110000163339
1730,Louis Corner,,552 Tremont,Roxbury,MA,02118,Active,FS,Eating & Drinking,2025-06-20 19:18:02.627+00,7815408666,137630,42.34375999982088,-71.07146000068336
1731,Love Art Sushi,,1 Haviland,Boston,MA,02115,Active,FS,Eating & Drinking,2016-08-24 17:01:04.33+00,,364981,42.34665000014692,-71.08772000123842
1732,Love Art Sushi,,40 Water,Boston,MA,02109,Active,FS,Eating & Drinking,2018-12-12 17:37:11.233+00,,156337,42.3577377886227,-71.05678016398052
1733,Love Art Sushi,,53 Northern,Boston,MA,02210,Active,FS,Eating & Drinking,2022-06-10 19:09:21.66+00,8573108804,419809,42.352965413253,-71.04645446674436
1734,Love Health,,444 Blue Hill,Dorchester,MA,02121,Active,FT,Eating & Drinking w/ Take Out,2023-06-29 19:13:56.74+00,8455386286,437921,42.30960554641259,-71.08225857361471
1735,LOWER DINING CORCORAN DINING FACILITY,,60 ST THOMAS MORE,BRIGHTON,MA,02135,Active,FS,Eating & Drinking,2007-03-23 20:42:00+00,6175523181,,,
1736,Lower Mills Tavern,,2269 Dorchester,Dorchester,MA,02124,Active,FS,Eating & Drinking,2015-11-23 16:52:56.24+00,6179083110,48563,42.27298999948345,-71.06805000155738
1737,L Street Diner & Pizzeria,,108 L,South Boston,MA,02127,Active,FT,Eating & Drinking w/ Take Out,2026-06-05 15:35:14.487+00,6178077300,156806,42.33405287212885,-71.03509165918365
1738,L STREET TAVERN,L Street Tavern,656 Eighth,South Boston,MA,02127,Active,FS,Eating & Drinking,2024-12-02 16:59:41.76+00,6177524947,52362,42.331619999556,-71.03546000124919
1739,Lucca North End,,226 Hanover,Boston,MA,02113,Active,FS,Eating & Drinking,2006-12-07 18:35:18+00,9786646956,161061,42.36314874876525,-71.05547245179758
1740,Lucca Restaurant & Bar,,200 Terminal,East Boston,MA,02128,Active,FS,Eating & Drinking,2018-05-11 15:10:52.667+00,6175673387,341353,42.362677345436204,-71.01863498065062
1741,Lucia Ristorante,,415 Hanover,Boston,MA,02109,Active,FS,Eating & Drinking,2016-09-06 16:35:59.413+00,6176057001,165989,42.36557891786807,-71.05271880807297
1742,Lucie's,,120 Huntington,Boston,MA,02116,Active,FS,Eating & Drinking,2019-05-22 16:13:22.7+00,6174247000,351913,42.345509999911236,-71.08107000054265
1743,Lucky Boston Chinese Restaurant,,3096 Washington,Roxbury,MA,02119,Active,FT,Eating & Drinking w/ Take Out,2025-09-10 19:02:31.88+00,6174458302,144623,42.31505999955859,-71.0987700006297
1744,LUCKY CAFE,,1107 Dorchester,Dorchester,MA,02125,Active,FT,Eating & Drinking w/ Take Out,2020-10-15 14:20:19.24+00,6178229888,48202,42.31273194353501,-71.05741316948426
1745,LUCKY'S,,355 Congress,Boston,MA,02210,Active,FS,Eating & Drinking,2006-12-07 18:35:20+00,6175232727,42108,42.350051346088456,-71.04848093021124
1746,Lucky Strike Fenway,,145 Ipswich,Boston,MA,02215,Active,FS,Eating & Drinking,2024-02-29 15:14:01.06+00,6174370300,157262,42.34741117495661,-71.09442266222005
1747,Lucky Tiger/Sunnyside Cafe,,100 Hood Park,Charlestown,MA,02129,Active,FS,Eating & Drinking,2024-10-25 15:00:26.153+00,6173774992,438345,42.379706129174394,-71.07293963093903
1748,Lucy Ethopian Cafe,,334 Massachusetts,Boston,MA,02115,Active,FS,Eating & Drinking,2010-04-08 18:34:28+00,6176061336,156790,42.342610373743526,-71.08416984132879
1749,Lucy's American Tavern,,11 Granite,Dorchester,MA,02124,Active,FS,Eating & Drinking,2016-04-13 18:13:07.17+00,6176998979,419668,42.28225653964938,-71.05583851045893
1750,Lufthansa Lounge,,500 Terminal,East Boston,MA,02128,Active,FS,Eating & Drinking,2021-08-23 14:39:28.637+00,8663723035,341351,42.36990420124479,-71.01943927546833
1751,Luke's Lobster,,191W Atlantic,Boston,MA,02110,Active,FT,Eating & Drinking w/ Take Out,2025-04-15 15:31:33.433+00,,459180,42.36014939325313,-71.05238709090393
1752,Luke's Lobster,,290 Washington,Boston,MA,02109,Active,FS,Eating & Drinking,2016-06-08 14:46:48.013+00,6465594644,351606,42.35730000014778,-71.05744000134415
1753,Luke's Lobster,,75 Exeter,Boston,MA,02199,Active,FS,Eating & Drinking,2015-04-23 13:05:34.663+00,6465594644,341910,42.34854086205384,-71.07924301475478
1754,Lulu Green #14 / Cafe Lulu #15,,201 Brookline,Boston,MA,02215,Active,FT,Eating & Drinking w/ Take Out,2025-04-29 14:30:52.417+00,6174609925,340960,42.34486239691058,-71.10160474147757
1755,Lulu Green Cafe  Bakery and Juice Bar,Lulu Green Cafe,246 Broadway,South Boston,MA,02127,Active,FT,Eating & Drinking w/ Take Out,2019-08-13 19:19:53.7+00,6174609925,21406,42.33968557205553,-71.05151250483723
1756,LULUS' ALLSTON,,417 Cambridge,Allston,MA,02134,Active,FS,Eating & Drinking,2013-06-14 13:36:41+00,,25121,42.35512300049573,-71.13406200067374
1757,Luma's Coffee Shop,,1 Federal,Boston,MA,02110,Active,FT,Eating & Drinking w/ Take Out,2023-10-30 14:44:15.327+00,9784575444,57149,42.356099999821765,-71.05695000137317
1758,Lumi Roll & Bowl - Space#3,,122 Brighton,Allston,MA,02134,Active,FT,Eating & Drinking w/ Take Out,2026-02-20 16:13:13.193+00,9786842075,162569,42.35240065993929,-71.13107730992346
1759,Luna's,,945 Saratoga,East Boston,MA,02128,Active,FS,Eating & Drinking,2015-10-23 15:31:56.92+00,6172167237,122881,42.38657799941322,-71.00915700053324
1760,LY4/LB4,Aramark Corporation,4 Jersey,Boston,MA,02215,Active,FT,Eating & Drinking w/ Take Out,2008-11-16 16:26:02+00,6175366683,156417,42.346768333561606,-71.09864788266272
1761,Maaz's Chicken,,838 Blue Hill,Dorchester,MA,02124,Active,FT,Eating & Drinking w/ Take Out,2023-10-31 17:25:43.373+00,,156230,42.29605385338809,-71.08722928243614
1762,Macaron Milieu - Lower Level,,32 Cambridge,Charlestown,MA,02129,Active,FT,Eating & Drinking w/ Take Out,2023-12-01 17:05:46.317+00,6177180188,25110,42.383569999309664,-71.0743500017016
1763,Machi Machi,,176 Harvard,Allston,MA,02134,Active,FT,Eating & Drinking w/ Take Out,2022-06-23 18:26:39.23+00,7813081164,404367,42.35150999988592,-71.13137000138654
1764,MACUMBA LATINA,,477 River,Mattapan,MA,02126,Active,FS,Eating & Drinking,2014-03-06 20:21:17+00,6178982014,352150,42.26818800055372,-71.09305600077109
1765,Macy's Starbucks Kiosk,,450 Washington,Boston,MA,02111,Active,FT,Eating & Drinking w/ Take Out,2018-08-29 15:42:19.203+00,6173573000,358582,42.35497000036087,-71.06067000165463
1766,Madhouse Cafe,,24 Blue Hill,Roxbury,MA,02119,Active,FT,Eating & Drinking w/ Take Out,2022-01-13 17:35:19.407+00,6176860740,375449,42.32427999963651,-71.07546000117557
1767,Madras Dosa Co,,99 Seaport,Boston,MA,02210,Active,FS,Eating & Drinking,2021-05-21 17:25:00.92+00,2692670304,421657,42.35138897914938,-71.04542451835823
1768,MAGGIANO'S,,4 COLUMBUS ,BOSTON,MA,02116,Active,FS,Eating & Drinking,2006-12-07 18:35:09+00,6175423456,,42.35122288738288,-71.06820913654792
1769,Maggie's Grill @ Franklin Park Golf Course,,1 Circuit,Roxbury,MA,02119,Active,FS,Eating & Drinking,2017-04-25 19:41:41.66+00,6179682112,,,
1770,Mai,,31 Northern,Boston,MA,02210,Active,FS,Eating & Drinking,2025-03-25 14:17:17.887+00,7186667214,423866,42.353288709717674,-71.04730022101597
1771,Mala Kungfu,,155 Brighton,Allston,MA,02134,Active,FS,Eating & Drinking,2018-07-30 15:48:55.263+00,3479785656,156499,42.3532007464976,-71.1319397200218
1772,Ma La Restaurant,,129 Brighton,Allston,MA,02134,Active,FS,Eating & Drinking,2015-05-11 14:36:28.563+00,6178885366,156332,42.35308835293645,-71.13111906628596
1773,Mala Town,,190 Harvard,Allston,MA,02134,Active,FS,Eating & Drinking,2024-08-07 15:49:43.987+00,6608886888,166107,42.35082933643827,-71.1308933256637
1774,Mamacita,,329 Huntington,Boston,MA,02115,Active,FS,Eating & Drinking,2021-07-26 18:09:22.667+00,6177555547,156145,42.34092350565341,-71.08819051552706
1775,Ma Maison,,272 Cambridge,Boston,MA,02114,Active,FS,Eating & Drinking,2006-12-07 18:36:07+00,8572658889,25263,42.360949999837665,-71.06795000121777
1776,Mama's Place,,764 Huntington,Mission Hill,MA,02120,Active,FT,Eating & Drinking w/ Take Out,2014-02-06 19:20:24+00,6175661300,255810,42.33330999984687,-71.10601000128305
1777,Mama Stella's Pizza,,427 Faneuil,Brighton,MA,02135,Active,FS,Eating & Drinking,2025-01-21 13:25:45.497+00,6172542022,56293,42.351221000539724,-71.16835000171987
1778,MAMMA MARIA RESTAURANT,,3 North,Boston,MA,02113,Active,FS,Eating & Drinking,2021-07-06 17:51:39.943+00,7812154354,361060,42.36407000000828,-71.05331000103368
1779,Mana Escondido Cafe,,68 Pembroke,Roxbury,MA,02118,Active,FT,Eating & Drinking w/ Take Out,2012-10-10 18:19:55+00,,341189,42.342688478029274,-71.07690197212487
1780,Mana Grill,,220 Columbia,Dorchester,MA,02121,Active,FT,Eating & Drinking w/ Take Out,2024-04-17 18:26:59.19+00,,35185,42.307590000432974,-71.0762900005258
1781,Mandarin House,,633 Hyde Park,Roslindale,MA,02131,Active,FT,Eating & Drinking w/ Take Out,2016-12-12 17:26:41.093+00,6173273131,351811,42.278848999481596,-71.11939500101899
1782,Mandarin Oriental Hotel,,776 Boylston,Boston,MA,02199,Active,FS,Eating & Drinking,2016-04-01 15:41:34.97+00,6175358888,355915,42.34870099983371,-71.08163200109793
1783,MANGIA MANGIA,,147 Endicott,Boston,MA,02113,Active,FS,Eating & Drinking,2021-01-22 17:20:41.8+00,6173774875,351040,42.365007000093804,-71.05718400132214
1784,Mangu Dominican Bistro,,264 Hyde Park,Jamaica Plain,MA,02130,Active,FS,Eating & Drinking,2021-05-05 12:22:10.17+00,6179875331,156909,42.29250900533288,-71.1175193609789
1785,Manhattan Bagel and Coffee CO,,147 Massachusetts,Boston,MA,02115,Active,FT,Eating & Drinking w/ Take Out,2023-10-05 14:59:58.277+00,8572460966,91973,42.34665628489439,-71.08776364083224
1786,Maple & Ash,,131 Seaport,Boston,MA,02210,Active,FS,Eating & Drinking,2024-12-17 16:15:26.2+00,2022857525,421661,42.34995272449128,-71.04434465402845
1787,Marabou Cafe,,1592 Blue Hill,Mattapan,MA,02126,Active,FS,Eating & Drinking,2025-04-28 16:24:12.36+00,9548025106,156355,42.269621773785744,-71.09320960524427
1788,Marcelino's,,1 Courthouse,Boston,MA,02210,Active,FS,Eating & Drinking,2024-04-17 16:31:09.487+00,,343182,42.35399627954295,-71.04703810148808
1789,Marcelino's Boutique Bar,,1 Courthouse,Boston,MA,02210,Active,FS,Eating & Drinking,2025-05-02 14:13:11.317+00,8579570094,343182,42.35399627954295,-71.04703810148808
1790,MARE,,3 Mechanic,Boston,MA,02113,Active,FS,Eating & Drinking,2013-11-01 19:39:05+00,6175230015,273628,42.36285800043182,-71.05505600120145
1791,Maria's Kitchen,,1819 Centre,West Roxbury,MA,02132,Active,FS,Eating & Drinking,2017-04-12 18:11:08.603+00,6175933959,27728,42.287061055625074,-71.15368310279449
1792,Maria's Taqueria,,226 Tremont,Boston,MA,02116,Active,FS,Eating & Drinking,2008-03-20 16:58:55+00,6178773258,137459,42.35138999974278,-71.06457000137098
1793,Mariel/My Girl,,10 Post Office,Boston,MA,02109,Active,FS,Eating & Drinking,2019-02-22 15:18:07.273+00,6173338776,112362,42.3574967579869,-71.05609967190038
1794,MARINER'S HOUSE,,9 NORTH,BOSTON,MA,02113,Active,FS,Eating & Drinking,2006-12-07 18:34:07+00,6172273979,,42.36387236423423,-71.053628984065
1795,Mario's,,8 Perkins,Jamaica Plain,MA,02130,Active,FT,Eating & Drinking w/ Take Out,2023-08-01 16:44:59.683+00,,396166,42.32168999957605,-71.11063000159145
1796,MARIO'S RESTAURANT,,347 CHELSEA,EAST BOSTON,MA,02128,Active,FS,Eating & Drinking,2006-12-07 18:34:21+00,6175678608,,42.37818008178207,-71.02887144994968
1797,Mario's Subs & Salads,,651 Warren,Dorchester,MA,02121,Active,FT,Eating & Drinking w/ Take Out,2024-10-29 14:53:56.853+00,6173593387,143328,42.309756000395666,-71.08301800146762
1798,Market Bagels,HSI MCA BOS FB  LLC,300 Terminal,East Boston,MA,02128,Active,FT,Eating & Drinking w/ Take Out,2019-06-27 16:00:46.92+00,6176346097,341352,42.3666199526667,-71.016589349149
1799,Market Bar,HSI MCA BOS FB  LLC,300 Terminal,East Boston,MA,02128,Active,FT,Eating & Drinking w/ Take Out,2019-06-27 15:54:59.117+00,6176346097,341352,42.3666199526667,-71.016589349149
1800,Marketplace Cafe & Take Away,,240 Mount Vernon,Dorchester,MA,02125,Active,FS,Eating & Drinking,2006-12-07 18:35:07+00,6178223600,98929,42.32043527097007,-71.04804043116269
1801,MARRIOTT HOTEL-COPLEY PLACE,,110 HUNTINGTON ,BOSTON,MA,02116,Active,FS,Eating & Drinking,2006-12-07 18:34:17+00,2365800,,42.3470327059247,-71.07782987023677
1802,MARRIOTT'S CUSTOM HOUSE,,3 MC KINLEY,BOSTON,MA,02109,Active,FS,Eating & Drinking,2006-12-07 18:34:53+00,6173106300,,42.359042495500915,-71.05355946580914
1803,Marseille,,560 Harrison,Roxbury,MA,02118,Active,FS,Eating & Drinking,2023-04-04 14:16:54.83+00,8572770366,69986,42.3408100000299,-71.06744000135994
1804,Maryann's Breakfast & Lunch,,223 Grove,West Roxbury,MA,02132,Active,FT,Eating & Drinking w/ Take Out,2007-10-16 14:42:04+00,6172598217,67418,42.2619000004394,-71.15742000185436
1805,Marzae Cellart Provisions,,100 Hanover,Boston,MA,02108,Active,FS,Eating & Drinking,2026-03-17 16:30:28.45+00,6309150352,355634,42.36222403255521,-71.05753575641967
1806,Massachusetts Eye & Ear EyeOpener Cafe,,800 Huntington,Boston,MA,02115,Active,FT,Eating & Drinking w/ Take Out,2012-08-20 13:56:04+00,6175733954,166438,42.333064231277525,-71.10757155522958
1807,Massachusetts Eye & Ear Infirmary Eye Opener Cafe,,243 Charles,Boston,MA,02114,Active,FT,Eating & Drinking w/ Take Out,2010-03-24 18:37:37+00,6175733147,163139,42.36276572965657,-71.07030147535295
1808,MassArt Eat Cafe,,625 Huntington,Boston,MA,02115,Active,FS,Eating & Drinking,2021-06-11 14:32:50.1+00,6179894590,156149,42.336221184350364,-71.10042780960559
1809,MassArt Starbucks,,625 Huntington,Boston,MA,02115,Active,FT,Eating & Drinking w/ Take Out,2021-07-30 18:10:28.563+00,6178797000,156149,42.336221184350364,-71.10042780960559
1810,Mass Bay Lines/Freedom,,60 Rowes,Boston,MA,02110,Active,FS,Eating & Drinking,2006-12-07 18:35:27+00,6179510700,156112,42.355877344678056,-71.04992652332653
1811,MASS EYE AND EAR INFIRMARY,,243 Charles,Boston,MA,02114,Active,FS,Eating & Drinking,2006-12-07 18:35:30+00,5733145,29143,42.36274999997941,-71.07009000078644
1812,Mass General Hospital Cafe,,55 Fruit,Boston,MA,02114,Active,FS,Eating & Drinking,2006-12-07 18:34:01+00,6177262000,155723,42.36319771139973,-71.06877151041178
1813,Mass General Hospital/Coffee Central,,55 Fruit,Boston,MA,02114,Active,FT,Eating & Drinking w/ Take Out,2009-05-01 17:44:19+00,6177262520,,,
1814,Massiminos Cucina,,207 Endicott,Boston,MA,02113,Active,FS,Eating & Drinking,2006-12-07 18:34:00+00,6175235959,155718,42.3665781748606,-71.05792824530519
1815,MassMutual,,10 Fan Pier,Boston,MA,02210,Active,FS,Eating & Drinking,2021-06-22 17:02:53.92+00,,437853,42.353768077574344,-71.0449964972984
1816,MASTER WOK,,650 Atlantic,Boston,MA,02111,Active,FT,Eating & Drinking w/ Take Out,2006-12-07 18:36:24+00,9087568888,157899,42.35204827404688,-71.0551747507777
1817,Mast' Restaurant,,45 Province,Boston,MA,02108,Active,FS,Eating & Drinking,2013-10-24 17:58:57+00,,156036,42.35731511140588,-71.05987646760454
1818,Mastro's Ocean Club,,22 Liberty,Boston,MA,02210,Active,FS,Eating & Drinking,2016-09-20 16:33:39.59+00,,355281,42.35452618221384,-71.0453463769094
1819,Matcha Cafe Maiko,,115 Jersey,Boston,MA,02215,Active,FT,Eating & Drinking w/ Take Out,2020-06-25 14:40:51.953+00,9168319848,418122,42.3426499996149,-71.09711000109989
1820,Matsu Nori Handroll Bar,,900 Beacon,Boston,MA,02215,Active,FS,Eating & Drinking,2022-03-16 16:26:03.997+00,6176590250,12379,42.34679000070222,-71.10573000082769
1821,Mattapan House of Pizza,,1621 Blue Hill,Mattapan,MA,02126,Active,FT,Eating & Drinking w/ Take Out,2012-03-09 13:24:48+00,6172985810,155684,42.268453015321874,-71.09413132210365
1822,MAX'S DELI CAFE,,30 BATTERYMARCH,BOSTON,MA,02109,Active,FT,Eating & Drinking w/ Take Out,2006-12-07 18:34:26+00,6173309790,,,
1823,Mc Cafe,,700 Atlantic,Boston,MA,02111,Active,FT,Eating & Drinking w/ Take Out,2016-08-31 15:13:07.777+00,6173067096,156723,42.35204827404688,-71.0551747507777
1824,Mcdonalds,,100 Legends,Boston,MA,02114,Active,FT,Eating & Drinking w/ Take Out,2023-03-23 15:09:38.41+00,6175301859,340814,42.36616322384503,-71.06194055953804
1825,Mcdonalds,,1223 Commonwealth,Allston,MA,02134,Active,FT,Eating & Drinking w/ Take Out,2019-03-05 15:27:46.02+00,6174420475,156726,42.35072796262953,-71.13097005296873
1826,Mcdonalds,,1312 Hyde Park,Hyde Park,MA,02136,Active,FT,Eating & Drinking w/ Take Out,2016-09-02 12:42:51.973+00,6172883468,155965,42.25372944643712,-71.12432098819433
1827,Mcdonalds,,146 Tremont,Boston,MA,02111,Active,FT,Eating & Drinking w/ Take Out,2016-09-02 12:36:36.327+00,6172883468,351516,42.35518599963834,-71.06296700077344
1828,Mcdonalds,,1650 VFW,West Roxbury,MA,02132,Active,FT,Eating & Drinking w/ Take Out,2022-12-01 16:13:42.88+00,6173237027,140328,42.26440237030332,-71.16782034115784
1829,Mcdonalds,,1750 Soldiers Field,Brighton,MA,02135,Active,FT,Eating & Drinking w/ Take Out,2006-12-07 18:34:03+00,6177839393,155731,42.35865029929013,-71.15488814743726
1830,Mcdonalds,,301 Warren,Roxbury,MA,02119,Active,FT,Eating & Drinking w/ Take Out,2019-05-14 17:24:50.037+00,6174420475,341036,42.32034741231335,-71.08216549561119
1831,Mcdonalds,,3064 Washington,Roxbury,MA,02119,Active,FT,Eating & Drinking w/ Take Out,2018-06-27 18:19:50.657+00,6174420475,158206,42.315629832777816,-71.0979091511399
1832,Mcdonalds,,315 Washington,Boston,MA,02108,Active,FT,Eating & Drinking w/ Take Out,2011-07-20 13:29:24+00,6175239609,171038,42.35705001209852,-71.05918289661273
1833,Mcdonalds,,360 Western,Brighton,MA,02135,Active,FT,Eating & Drinking w/ Take Out,2022-12-01 16:02:04.95+00,6173237027,155696,42.36251751776215,-71.13821623312256
1834,Mcdonalds,,500 Geneva,Dorchester,MA,02122,Active,FT,Eating & Drinking w/ Take Out,2016-09-02 12:46:01.977+00,6172883468,352223,42.29878000084537,-71.06296000173379
1835,Mcdonalds,,511 Gallivan,Dorchester,MA,02124,Active,FT,Eating & Drinking w/ Take Out,2016-09-02 12:40:04.18+00,6172883468,62336,42.28231000021919,-71.05511000145478
1836,Mcdonalds,,540 Commonwealth,Boston,MA,02215,Active,FT,Eating & Drinking w/ Take Out,2022-12-01 16:20:16.03+00,6173237027,41097,42.3484919997491,-71.09672500076931
1837,Mcdonalds,,718 American Legion,Roslindale,MA,02131,Active,FT,Eating & Drinking w/ Take Out,2022-12-01 16:26:59.57+00,6173237027,3182,42.282800000709855,-71.11310000137912
1838,Mcdonalds,,870 Massachusetts,Roxbury,MA,02118,Active,FT,Eating & Drinking w/ Take Out,2019-03-05 15:32:35.817+00,6174420475,92661,42.33151999981002,-71.07035000146973
1839,McDonald's,,178 Border,East Boston,MA,02128,Active,FT,Eating & Drinking w/ Take Out,2014-02-10 15:56:19+00,2039159525,17002,42.37445000021364,-71.04028000046725
1840,McDonald's,,340 Longwood,Boston,MA,02115,Active,FT,Eating & Drinking w/ Take Out,2006-12-07 18:35:30+00,6175664888,156613,42.33832798368653,-71.1069593361776
1841,McDonald's,,607 Washington,Dorchester,MA,02124,Active,FT,Eating & Drinking w/ Take Out,2018-04-25 16:46:40.65+00,6174420475,171202,42.290394315310095,-71.07187060873922
1842,McDonald's,,700 Atlantic,Boston,MA,02111,Active,FT,Eating & Drinking w/ Take Out,2015-11-16 17:13:21.867+00,6174420475,156723,42.35204827404688,-71.0551747507777
1843,McDonald's Bus Term.,,700 Atlantic,Boston,MA,02111,Active,FT,Eating & Drinking w/ Take Out,2024-12-19 16:36:19.017+00,,156723,42.35204827404688,-71.0551747507777
1844,Mc Gonagle's Pub,,367 Neponset,Dorchester,MA,02122,Active,FS,Eating & Drinking,2024-08-28 18:30:40.987+00,6174125089,354393,42.28668997957592,-71.04510668442244
1845,MCKENNA'S CAFE,,109 Savin Hill,Dorchester,MA,02125,Active,FS,Eating & Drinking,2006-12-07 18:36:14+00,6174367676,156864,42.31151559336243,-71.05382067835329
1846,M Club,,110 Huntington,Boston,MA,02116,Active,FS,Eating & Drinking,2021-02-18 16:02:08.337+00,6177783504,76238,42.34743050913615,-71.07743587970204
1847,MCPHS Univ Eat Cafe Express,,179 Longwood,Boston,MA,02115,Active,FT,Eating & Drinking w/ Take Out,2021-07-30 18:07:23.82+00,6179894590,87164,42.336513037335536,-71.10142571661373
1848,MDM Noodle,,351 Washington,Brighton,MA,02135,Active,FS,Eating & Drinking,2015-01-30 16:24:53.247+00,6172838663,157546,42.3492189264224,-71.15285302721797
1849,Mecha Noodle Bar,,44 Thomson,Boston,MA,02210,Active,FS,Eating & Drinking,2021-11-17 18:15:26.007+00,2162994939,355870,42.351760397727446,-71.04736177500017
1850,Medallo,,411 Chelsea,East Boston,MA,02128,Active,FS,Eating & Drinking,2019-11-08 16:51:44.883+00,8577565537,30551,42.37989900000733,-71.02681400094413
1851,Media,,4 Jersey,Boston,MA,02215,Active,FS,Eating & Drinking,2006-12-07 18:35:33+00,7812673985,156417,42.346768333561606,-71.09864788266272
1852,MEDITERRANEAN GRILL,,281 Franklin,Boston,MA,02110,Active,FT,Eating & Drinking w/ Take Out,2019-11-29 14:36:44.76+00,6173384507,358105,42.35692999964786,-71.05306000147532
1853,Meet Fresh,,130 Brighton,Allston,MA,02134,Active,FS,Eating & Drinking,2018-12-12 18:00:50.343+00,,20073,42.352760000583245,-71.13185000148404
1854,Megumi of Japan,,200 Faneuil Hall Marketplace,Boston,MA,02109,Active,FT,Eating & Drinking w/ Take Out,2022-02-18 16:29:10.667+00,9086757724,156093,42.36019981607993,-71.05479820374326
1855,Mei Mei Dumplings,,58 Old Colony,South Boston,MA,02127,Active,FT,Eating & Drinking w/ Take Out,2022-01-05 18:12:16.497+00,8572504959,388770,42.336340795927036,-71.05556346888477
1856,MELA RESTAURANT,,574 Tremont,Roxbury,MA,02118,Active,FS,Eating & Drinking,2006-12-12 19:21:15+00,6172624770,137682,42.34331099955581,-71.07243700121798
1857,Melo,,699 Boylston,Boston,MA,02116,Active,FT,Eating & Drinking w/ Take Out,2024-07-17 17:20:11.583+00,,347728,42.34986810141659,-71.07923099375628
1858,Melodias Restaurant,,1045 Saratoga,East Boston,MA,02128,Active,FS,Eating & Drinking,2020-02-12 14:19:24.517+00,6175616400,351707,42.38594000031626,-71.00511000074283
1859,Melting Sun Cafe,,700 Atlantic,Boston,MA,02111,Active,FT,Eating & Drinking w/ Take Out,2019-11-14 18:45:05.66+00,8572460966,156723,42.35204827404688,-71.0551747507777
1860,Melt in Your Mouth-Lower Level,,32 Cambridge,Charlestown,MA,02129,Active,FT,Eating & Drinking w/ Take Out,2025-01-21 16:42:58.66+00,7819291681,25110,42.383569999309664,-71.0743500017016
1861,MELTWICH,,1102 Commonwealth,Boston,MA,02446,Active,FT,Eating & Drinking w/ Take Out,2024-03-21 15:48:01.97+00,6176424732,414844,42.35177623918354,-71.12449109844017
1862,Merengue Express,,1 Gurney,Mission Hill,MA,02120,Active,FT,Eating & Drinking w/ Take Out,2021-09-20 13:10:03.56+00,6175150362,419916,42.331879192450415,-71.09576890803261
1863,MERENGUE RESTAURANT,,156 Blue Hill,Dorchester,MA,02125,Active,FS,Eating & Drinking,2006-12-07 18:34:36+00,6174455403,156563,42.31917902705079,-71.07754973631518
1864,Mesob Restaurant and Bar,,1746 Washington,Roxbury,MA,02118,Active,FS,Eating & Drinking,2025-09-17 16:45:39.723+00,6178287369,370549,42.336459999753686,-71.07653000183244
1865,METROPOLIS CAFE,,574 Tremont,Roxbury,MA,02118,Active,FS,Eating & Drinking,2006-12-07 18:34:43+00,6172470606,137681,42.34325792169605,-71.07250982805225
1866,MGM Music Hall Absolut Bar,,2 Lansdowne,Boston,MA,02215,Active,FT,Eating & Drinking w/ Take Out,2022-06-21 16:19:55.313+00,6179825146,452071,42.346977987638844,-71.0949430020345
1867,MGM Music Hall Botnist Bar,,2 Lansdowne,Boston,MA,02215,Active,FT,Eating & Drinking w/ Take Out,2022-06-21 16:40:45.24+00,6179825146,452071,42.346977987638844,-71.0949430020345
1868,MGM Music Hall Cazadores Bar,,2 Lansdowne,Boston,MA,02215,Active,FT,Eating & Drinking w/ Take Out,2022-06-21 16:21:50.77+00,6179825146,452071,42.346977987638844,-71.0949430020345
1869,MGM Music Hall Distiller's Rm,,2 Lansdowne,Boston,MA,02215,Active,FS,Eating & Drinking,2022-06-21 16:24:09.897+00,6179825146,452071,42.346977987638844,-71.0949430020345
1870,MGM Music Hall Lobby Bar,,2 Lansdowne,Boston,MA,02215,Active,FT,Eating & Drinking w/ Take Out,2022-06-21 16:16:26.63+00,6179825146,452071,42.346977987638844,-71.0949430020345
1871,MGM Music Hall Mass. Mutual Lounge,,2 Lansdowne,Boston,MA,02215,Active,FS,Eating & Drinking,2022-06-21 16:28:36.783+00,6179825146,452071,42.346977987638844,-71.0949430020345
1872,MGM Music Hall Prisoners Bar,,2 Lansdowne,Boston,MA,02215,Active,FT,Eating & Drinking w/ Take Out,2022-06-21 16:38:55.38+00,6179825146,452071,42.346977987638844,-71.0949430020345
1873,MGM Music Hall Rooftop Bar,,2 Lansdowne,Boston,MA,02215,Active,FT,Eating & Drinking w/ Take Out,2022-06-21 16:45:12.29+00,6179825146,452071,42.346977987638844,-71.0949430020345
1874,MGM Music Hall Sam Adams Bar,,2 Lansdowne,Boston,MA,02215,Active,FT,Eating & Drinking w/ Take Out,2022-06-21 16:47:52.43+00,6179825146,452071,42.346977987638844,-71.0949430020345
1875,MGM Music Hall Truly Bar,,2 Lansdowne,Boston,MA,02215,Active,FT,Eating & Drinking w/ Take Out,2022-06-21 16:42:41.72+00,6179825146,452071,42.346977987638844,-71.0949430020345
1876,MIAMI RESTAURANT,,379 Centre,Jamaica Plain,MA,02130,Active,FS,Eating & Drinking,2025-03-05 19:25:26.967+00,6175224644,28014,42.32235999973064,-71.1092300008863
1877,Mia's Bakery,,131 Seaport,Boston,MA,02210,Active,FT,Eating & Drinking w/ Take Out,2023-02-28 17:37:14.413+00,,421661,42.34995272449128,-71.04434465402845
1878,MIDA,,186 Brookline,Boston,MA,02215,Active,FS,Eating & Drinking,2023-08-07 16:16:25.31+00,,355230,42.34385754816161,-71.10181590888429
1879,MIDA,,65 Lewis,East Boston,MA,02128,Active,FS,Eating & Drinking,2022-07-18 15:02:54.66+00,2034947973,85344,42.36766052519571,-71.04239508968895
1880,MIDA Restaurant,,782 Tremont,Roxbury,MA,02118,Active,FS,Eating & Drinking,2016-10-25 18:27:33.297+00,6179363490,369553,42.33898999955649,-71.08051000143747
1881,Midnight Morning,,14B Birch,Roslindale,MA,02131,Active,FS,Eating & Drinking,2022-12-27 16:28:35.7+00,,351459,42.286786325509354,-71.12995785432248
1882,Midway Cafe,,3496 Washington,Jamaica Plain,MA,02130,Active,FS,Eating & Drinking,2006-12-07 18:33:55+00,6175249038,155701,42.306223140309385,-71.10746980352735
1883,Mi Finca Mexican Food,,4249 Washington,Roslindale,MA,02131,Active,FT,Eating & Drinking w/ Take Out,2020-07-24 19:42:27.763+00,6173252885,157166,42.28568693101015,-71.12917968382236
1884,Mighty Squirrel Fenway,,1 David Ortiz,Boston,MA,02215,Active,FS,Eating & Drinking,2023-01-04 19:22:07.8+00,5087893469,456807,42.347110814109655,-71.10117966088498
1885,Mija Cantina & Tequila Bar,,1 Harborside,East Boston,MA,02128,Active,FS,Eating & Drinking,2018-10-24 17:12:52.203+00,7163679342,155970,42.36340869696607,-71.02569880822675
1886,Mike and Patty's,,12 Church,Boston,MA,02116,Active,FT,Eating & Drinking w/ Take Out,2014-01-21 18:01:50+00,6174233447,158302,42.34853259029139,-71.067920452247
1887,Mike and Patty's,,300 Terminal,East Boston,MA,02128,Active,FT,Eating & Drinking w/ Take Out,2026-03-03 18:21:54.597+00,6173045724,,,
1888,Mike & Patty's,,100 High,Boston,MA,02110,Active,FT,Eating & Drinking w/ Take Out,2019-10-16 17:22:09.783+00,,342934,42.354465446258,-71.05529865229609
1889,Mike & Patty's,,388 Centre,Jamaica Plain,MA,02130,Active,FS,Eating & Drinking,2021-05-07 14:05:37.483+00,,28019,42.32174787284456,-71.10967750875436
1890,MIKE'S CITY DINER,,1714 Washington,Roxbury,MA,02118,Active,FS,Eating & Drinking,2006-12-07 18:34:46+00,6172679393,157422,42.33687295995973,-71.07604092650561
1891,MIKES DONUTS,,1524A Tremont,ROXBURY,MA,02120,Active,FT,Eating & Drinking w/ Take Out,2007-04-11 13:30:11+00,0,,42.332250000012294,-71.09994000124891
1892,MIKES DONUT SHOP,,500 ARBORWAY,JAMAICA PLAIN,MA,02130,Active,FT,Eating & Drinking w/ Take Out,2007-04-04 18:52:59+00,6175248564,,42.301863683037716,-71.10855035903084
1893,MIKE'S FITNESS,,21D Bismarck,Jamaica Plain,MA,02130,Active,FS,Eating & Drinking,2006-12-07 18:36:36+00,,,42.3146373459483,-71.10448933350177
1894,MIKE'S PASTRY INC.,,298 Hanover,Boston,MA,02113,Active,FT,Eating & Drinking w/ Take Out,2009-03-09 12:29:18+00,6177423050,69103,42.364239999792005,-71.05427000151467
1895,Mike's Pastry- K16,,80 Causeway,Boston,MA,02114,Active,FT,Eating & Drinking w/ Take Out,2020-02-26 16:10:01.32+00,6177423050,423633,42.36553349531547,-71.06185622592876
1896,Mikiya Wagyu Shabu House,,19 Hudson,Boston,MA,02111,Active,FS,Eating & Drinking,2024-12-06 20:02:04.28+00,6172296386,424114,42.35058847996508,-71.06029102719903
1897,Milano Pizzeria and Pasta,,60 Washington,Brighton,MA,02135,Active,FT,Eating & Drinking w/ Take Out,2022-02-28 16:27:01.437+00,6172778277,352493,42.34325000028657,-71.14237000091154
1898,MILANO'S DELI,,976 Saratoga,East Boston,MA,02128,Active,FT,Eating & Drinking w/ Take Out,2026-03-11 12:21:59.05+00,6175676718,441911,42.38702407139568,-71.00740077749957
1899,MILK ST CAFE,,50 Milk,Boston,MA,02109,Active,FS,Eating & Drinking,2006-12-07 18:34:08+00,6175423663,95446,42.3570099997988,-71.05761000181433
1900,Milkweed,,1010 William T Morrissey,Dorchester,MA,02122,Active,FS,Eating & Drinking,2023-10-19 14:50:10.817+00,,156684,42.290076337894895,-71.04487975803099
1901,Milkweed,,1508 Tremont,Mission Hill,MA,02120,Active,FS,Eating & Drinking,2015-12-22 17:42:33.833+00,6175191234,376247,42.332144398888865,-71.09951110899625
1902,Millennium Tower Residents Only Amenity Restaurant,,1 Franklin,Boston,MA,02110,Active,FS,Eating & Drinking,2015-03-03 19:16:06.75+00,6175421555,345227,42.355776567109956,-71.05952557655672
1903,Mini Donut Diva-Lower Level,,32 Cambridge,Charlestown,MA,02129,Active,FT,Eating & Drinking w/ Take Out,2025-02-19 20:04:00.897+00,7274606542,25110,42.383569999309664,-71.0743500017016
1904,Minina's Cafe,,430 Geneva,Dorchester,MA,02122,Active,FT,Eating & Drinking w/ Take Out,2010-11-09 14:51:26+00,6172653931,63341,42.300590000473925,-71.06637000185086
1905,MiNori Sushi #7,,122 Brighton,Allston,MA,02134,Active,FT,Eating & Drinking w/ Take Out,2025-01-14 15:22:32.377+00,,162569,42.35240065993929,-71.13107730992346
1906,Mi Pueblito Orient Heights,,964 Saratoga,East Boston,MA,02128,Active,FS,Eating & Drinking,2015-08-05 19:56:56.933+00,7815130330,122896,42.38716999988969,-71.0086000008483
1907,Mi Pueblito Restaurant,,333 Border,East Boston,MA,02128,Active,FS,Eating & Drinking,2008-06-05 17:08:35+00,6175693787,156052,42.37902046571307,-71.03989083578901
1908,Mi Pulgarcito Mexican & Salvadorian Food,,571 Washington,Brighton,MA,02135,Active,FS,Eating & Drinking,2024-05-24 16:32:31.37+00,6172025074,143632,42.3502305896692,-71.16487530098513
1909,MI RANCHO RESTAURANT,,45 Meridian,East Boston,MA,02128,Active,FS,Eating & Drinking,2006-12-07 18:36:11+00,7812842806,94606,42.3715300007881,-71.03884000163326
1910,MISONO RESTAURANT,,669 VFW,Chestnut Hill,MA,02467,Active,FT,Eating & Drinking w/ Take Out,2006-12-07 18:35:45+00,6173259919,156784,42.29640700928448,-71.15720202021276
1911,MISSION BAR & GRILL,,724 Huntington,Mission Hill,MA,02120,Active,FS,Eating & Drinking,2006-12-07 18:36:24+00,6175661244,157676,42.33384796631502,-71.10503869706136
1912,Mister Q Cafe,,283 Main,Charlestown,MA,02129,Active,FS,Eating & Drinking,2019-12-20 13:54:00.967+00,6173986228,88502,42.377577000314105,-71.0667800010534
1913,MISTRAL,,221 COLUMBUS ,BOSTON,MA,02116,Active,FS,Eating & Drinking,2006-12-07 18:34:52+00,6178679300,,42.34824856579182,-71.07269080884684
1914,Mixsum Bakery,,14 Beach,Boston,MA,02111,Active,FS,Eating & Drinking,2025-11-21 16:42:32.113+00,8572227083,9385,42.3516400002713,-71.06159000111181
1915,Miyuki Sushi,,547 Washington,Brighton,MA,02135,Active,FS,Eating & Drinking,2016-07-14 14:14:58.627+00,6177927694,156340,42.34951136082602,-71.16376099864601
1916,Mizu Matcha,,217 Newbury,Boston,MA,02116,Active,FT,Eating & Drinking w/ Take Out,2021-05-17 19:29:46+00,3013858900,101434,42.35012999951471,-71.08137000114105
1917,M.J. O'CONNOR'S,,27 Columbus,Boston,MA,02116,Active,FS,Eating & Drinking,2006-12-07 18:35:15+00,6177894111,156059,42.351143342135266,-71.06894957699215
1918,M & J Teriyaki,,130 Jersey,Boston,MA,02215,Active,FS,Eating & Drinking,2015-12-21 19:41:52.687+00,6173193776,352138,42.34242000009474,-71.09657000093216
1919,MJ Teriyaki,,889 Dorchester,Dorchester,MA,02125,Active,FT,Eating & Drinking w/ Take Out,2023-10-20 16:55:48.517+00,6172975752,158361,42.31996900218777,-71.05694925067655
1920,M & M BBQ,,1250 Massachusetts,Dorchester,MA,02125,Active,FS,Eating & Drinking,2019-04-17 17:29:36.783+00,6174350375,384306,42.32208217278591,-71.06217137132111
1921,MM Boston Coffee Bar-17th Floor,,10 Fan Pier,Boston,MA,02210,Active,FS,Eating & Drinking,2023-08-30 19:13:31.293+00,8572104584,437853,42.353768077574344,-71.0449964972984
1922,MMMAC N' CHEESE,,1 FANEUIL HALL MKT PL,BOSTON,MA,02109,Active,FT,Eating & Drinking w/ Take Out,2007-03-12 19:28:05+00,0,,42.36002999999229,-71.0562400012183
1923,Mochiko Hawaiian,,123 Guest,Brighton,MA,02135,Active,FT,Eating & Drinking w/ Take Out,2026-04-27 15:20:13.993+00,6179997453,420592,42.356332427425464,-71.14255064774008
1924,MODEL CAFE,,7 Beacon,Allston,MA,02134,Active,FS,Eating & Drinking,2021-03-16 17:21:58.297+00,6177823222,403595,42.353779999951186,-71.1376600016795
1925,Modern Pastry Shop I I,,261 Hanover,Boston,MA,02109,Active,FT,Eating & Drinking w/ Take Out,2013-11-01 14:52:33+00,6175233783,69074,42.36331226651109,-71.05471533327926
1926,Mofongo Factory Restaurant,,299 Hancock,Dorchester,MA,02122,Active,FT,Eating & Drinking w/ Take Out,2023-06-08 16:04:36.71+00,6175809940,165966,42.30821137170142,-71.05869766841269
1927,Moko,,674 Broadway,South Boston,MA,02127,Active,FS,Eating & Drinking,2018-01-09 19:45:12.157+00,6177524601,351660,42.33579000031791,-71.03757000149241
1928,Molinari's,,789 Adams,Dorchester,MA,02124,Active,FS,Eating & Drinking,2016-04-26 14:24:06.207+00,,352721,42.283223723121544,-71.05594702837061
1929,Molly's Beachside,,165 William J Day,South Boston,MA,02127,Active,FT,Eating & Drinking w/ Take Out,2017-05-30 17:04:15.213+00,7742251003,156835,42.32622016610042,-71.04832423590383
1930,Molly Tea,,67 Beach,Boston,MA,02111,Active,FT,Eating & Drinking w/ Take Out,2025-05-28 15:14:24.193+00,7814753003,9401,42.35110000025094,-71.0600400004635
1931,Molly Tea #4,,122 Brighton,Allston,MA,02134,Active,FT,Eating & Drinking w/ Take Out,2024-12-04 17:09:26.053+00,,162569,42.35240065993929,-71.13107730992346
1932,Momo Masala,,401 Centre,Jamaica Plain,MA,02130,Active,FS,Eating & Drinking,2024-01-05 16:01:03.97+00,6177021033,,,
1933,Momosan Asian Restaurant,,80 Causeway,Boston,MA,02114,Active,FS,Eating & Drinking,2019-03-20 14:17:44.753+00,,423633,42.36553349531547,-71.06185622592876
1934,Mona Sweets,,200 Faneuil Hall Marketplace,Boston,MA,02109,Active,FT,Eating & Drinking w/ Take Out,2026-03-20 14:29:10.697+00,8578321553,156093,42.36019981607993,-71.05479820374326
1935,Monica's Mercato,,500 Terminal,East Boston,MA,02128,Active,FS,Eating & Drinking,2018-08-14 18:24:52.3+00,7163679342,341351,42.36990420124479,-71.01943927546833
1936,MONICA'S RESTAURANT,,143 Richmond,Boston,MA,02109,Active,FS,Eating & Drinking,2006-12-07 18:35:05+00,6172270311,156019,42.36340832156409,-71.05426129303042
1937,Monica's Trattoria,,67 Prince,Boston,MA,02113,Active,FS,Eating & Drinking,2019-03-05 16:20:35.873+00,6177205472,351489,42.365219999887124,-71.05526000102141
1938,Montecristo Mexican Grille,,748A Huntington,Mission Hill,MA,02120,Active,FT,Eating & Drinking w/ Take Out,2021-04-05 18:19:19.66+00,6172322228,351492,42.333630000186126,-71.10549000098565
1939,Montien Thai Restaurant,,51 Stuart,Boston,MA,02116,Active,FS,Eating & Drinking,2026-04-07 16:56:40.26+00,6173385600,131668,42.3512488977527,-71.06419897645128
1940,Monumental Market,,34 South,Jamaica Plain,MA,02130,Active,FT,Eating & Drinking w/ Take Out,2019-03-26 14:30:01.52+00,,128821,42.308399999520404,-71.1153600013025
1941,Monument Tavern,,251 Main,Charlestown,MA,02129,Active,FS,Eating & Drinking,2016-09-01 14:57:47.92+00,7818208103,352105,42.376855343475846,-71.06576208445624
1942,Mood,,115 Salem,Boston,MA,02113,Active,FS,Eating & Drinking,2023-10-04 18:33:43.377+00,,121701,42.36441399947714,-71.05537200181108
1943,MOOGY'S SANDWICH SHOP INC.,,154 Chestnut Hill,Brighton,MA,02135,Active,FS,Eating & Drinking,2006-12-07 18:34:46+00,6172541347,156590,42.341552836669216,-71.15427860369871
1944,Mooncusser Fish House & Moon Bar,,129 Columbus,Boston,MA,02116,Active,FS,Eating & Drinking,2016-03-24 15:00:16.4+00,6179093144,163644,42.34982294218975,-71.070622517527
1945,MOONSHINE 152,,152 Dorchester,South Boston,MA,02127,Active,FS,Eating & Drinking,2014-12-15 15:48:05.45+00,5106825445,351626,42.34169161382802,-71.05685388549483
1946,Mooo...,,15 Beacon,Boston,MA,02108,Active,FS,Eating & Drinking,2007-05-31 12:41:03+00,6176707944,9666,42.35840999998883,-71.06197000109493
1947,Mooo Seaport,,49 Melcher,Boston,MA,02210,Active,FS,Eating & Drinking,2021-11-17 17:11:13.837+00,6172367566,155119,42.34941999984417,-71.05038000186869
1948,More Coffee and Tea,,40 Harrison,Boston,MA,02111,Active,FT,Eating & Drinking w/ Take Out,2025-08-18 16:21:14.043+00,8574499009,340723,42.35159985699556,-71.06099622702814
1949,MORGAN HALL COFFEE CART,,117 Western,Boston,MA,02163,Active,FT,Eating & Drinking w/ Take Out,2006-12-07 18:35:55+00,6173845822,156711,42.365174082281726,-71.12222708490836
1950,Morgan Lewis & Bockius LLP,,1 Federal,Boston,MA,02110,Active,FS,Eating & Drinking,2026-03-23 16:26:04.59+00,6173417525,57149,42.356099999821765,-71.05695000137317
1951,Morgan Stanley Eaton Vance-19th FL,,1 Post Office,Boston,MA,02110,Active,FS,Eating & Drinking,2023-11-29 18:48:49.83+00,6467455898,158388,42.35679785015295,-71.05498123792066
1952,Morning Star Baptist Church,,1257 Blue Hill,MATTAPAN,MA,02126,Active,FS,Eating & Drinking,2006-12-07 13:58:12+00,6172980278,,42.28176000001537,-71.09266000123701
1953,Mo' Rockin Fusion,,100 Hanover,Boston,MA,02108,Active,FT,Eating & Drinking w/ Take Out,2019-11-14 18:03:07.837+00,6174879453,355634,42.36222403255521,-71.05753575641967
1954,Morton's of Chicago,,2 Seaport,Boston,MA,02210,Active,FS,Eating & Drinking,2007-10-18 17:19:07+00,3127554205,124059,42.34892800017919,-71.04084300141903
1955,MORTON'S PIZZERIA,,896 Morton,Dorchester,MA,02124,Active,FS,Eating & Drinking,2013-12-19 13:36:19+00,6172871127,351025,42.280889999984296,-71.08400000131374
1956,Mother Juice,,100 Hanover,Boston,MA,02108,Active,FT,Eating & Drinking w/ Take Out,2015-03-30 14:30:10.243+00,6179457357,355634,42.36222403255521,-71.05753575641967
1957,Mother Juice,,100 High,Boston,MA,02110,Active,FT,Eating & Drinking w/ Take Out,2019-10-04 14:21:19.267+00,6179457357,342934,42.354465446258,-71.05529865229609
1958,Mother Juice Inc.,,291 Newbury,Boston,MA,02115,Active,FT,Eating & Drinking w/ Take Out,2016-06-03 16:27:27.977+00,6179457357,101526,42.349136999467746,-71.08499500126948
1959,Mother's East Tavern,,289 Dorchester,South Boston,MA,02127,Active,FS,Eating & Drinking,2025-10-21 16:13:38.75+00,,48980,42.332034505853784,-71.05275791325484
1960,Mothers Juice,HSI MCA BOS FB  LLC,300 Terminal,East Boston,MA,02128,Active,FT,Eating & Drinking w/ Take Out,2019-06-27 15:58:30.737+00,6176346097,341352,42.3666199526667,-71.016589349149
1961,Mountain House,,89 Brighton,Allston,MA,02134,Active,FS,Eating & Drinking,2021-11-17 19:23:57.183+00,,403832,42.35294742401314,-71.1296156776574
1962,Moxies,,899 Congress,Boston,MA,02210,Active,FS,Eating & Drinking,2023-07-17 14:26:52.103+00,6178772271,441919,42.34790803210136,-71.03743940338843
1963,Moxies - 2nd Floor Bar,,899 Congress,Boston,MA,02210,Active,FS,Eating & Drinking,2023-07-17 15:23:19.82+00,6178772271,441919,42.34790803210136,-71.03743940338843
1964,Moxy Hotel-Rooftop,,240 Tremont,Boston,MA,02116,Active,FS,Eating & Drinking,2024-07-18 15:25:57.363+00,6177168664,419935,42.350960069553174,-71.06477513594344
1965,MR. DOOLEYS BOSTON TAVERN,,77 Broad,Boston,MA,02109,Active,FS,Eating & Drinking,2006-12-07 18:34:22+00,,155809,42.357643319689515,-71.05363963700597
1966,Mr. H. Restaurant,,225 Northern,Boston,MA,02210,Active,FS,Eating & Drinking,2024-04-04 15:35:08.633+00,9783175796,103889,42.34853737168443,-71.0387329923863
1967,Mr. Tamole,,100 Hanover,Boston,MA,02108,Active,FT,Eating & Drinking w/ Take Out,2025-01-21 16:29:04.897+00,6176028277,355634,42.36222403255521,-71.05753575641967
1968,Mr Tea,,266 Newbury,Boston,MA,02116,Active,FT,Eating & Drinking w/ Take Out,2019-09-26 17:33:25.573+00,6177927694,101479,42.34917999948049,-71.0831900011255
1969,Ms. Clucks Deluxe Chicken & Dumplings,,201 Brookline,Boston,MA,02215,Active,FT,Eating & Drinking w/ Take Out,2019-04-17 16:19:18.38+00,,340960,42.34486239691058,-71.10160474147757
1970,Mud House,,389 Neponset,Dorchester,MA,02122,Active,FS,Eating & Drinking,2013-03-29 12:28:53+00,6172820024,100879,42.28650999988781,-71.04467000065215
1971,Mumbai Spice,,251 Massachusetts,Boston,MA,02115,Active,FS,Eating & Drinking,2023-12-21 15:06:45.357+00,8573504305,352625,42.345230000411,-71.08713000107298
1972,Mum-Mich,,5 Bowdoin,Dorchester,MA,02124,Active,FT,Eating & Drinking w/ Take Out,2024-08-14 17:05:19.527+00,,351779,42.299338000429636,-71.07316500169233
1973,Murl's Kitchen,,143 Washington,Dorchester,MA,02121,Active,FT,Eating & Drinking w/ Take Out,2019-04-18 18:32:54.337+00,6175067331,354502,42.304433111713045,-71.07960291778792
1974,MURPHY'S LAW,,837 Summer,South Boston,MA,02127,Active,FS,Eating & Drinking,2006-12-07 18:34:58+00,6172687252,155990,42.33800676787931,-71.03568029918017
1975,Museum of Fine Arts - Bravo/465,,465 Huntington,Boston,MA,02115,Active,FS,Eating & Drinking,2026-06-09 13:17:13.013+00,6172679300,76373,42.33957341351579,-71.09420220753663
1976,Museum of Fine Arts - Garden Cafeteria,,465 Huntington,Boston,MA,02115,Active,FS,Eating & Drinking,2026-06-09 13:17:04.677+00,6172679300,76373,42.33957341351579,-71.09420220753663
1977,Museum of Fine Arts - New American Cafeteria,,465 Huntington,Boston,MA,02115,Active,FS,Eating & Drinking,2026-06-09 13:16:59.513+00,6172679300,76373,42.33957341351579,-71.09420220753663
1978,Museum of Fine Arts - TASTE,,465 Huntington,Boston,MA,02115,Active,FS,Eating & Drinking,2026-06-09 13:16:41.56+00,6172679300,76373,42.33957341351579,-71.09420220753663
1979,Museum Of Ice Cream,,121 Seaport,Boston,MA,02210,Active,FS,Eating & Drinking,2024-02-05 15:05:11.597+00,4796014276,423254,42.350884686367415,-71.04459809425383
1980,Museum of Science,,10 Charles River,Boston,MA,02114,Active,FS,Eating & Drinking,2006-12-07 18:36:17+00,7812010060,163190,42.36704400660402,-71.07003303911337
1981,M/V Asteria,,1 Long,Boston,MA,02110,Active,FS,Eating & Drinking,2019-11-15 17:53:30.907+00,6179048027,,,
1982,M/V Aurora,,1 Long,Boston,MA,02110,Active,FS,Eating & Drinking,2019-11-15 17:54:43.387+00,6179048027,,,
1983,M/V Brant Point,,1 Long,Boston,MA,02110,Active,FS,Eating & Drinking,2019-11-15 18:03:08.523+00,6179048027,,,
1984,M/V Cetacea,,1 Long,Boston,MA,02110,Active,FS,Eating & Drinking,2019-11-15 17:55:32.183+00,6179048027,,,
1985,M/V Champion,,1 Long,Boston,MA,02110,Active,FS,Eating & Drinking,2019-11-15 17:56:21.277+00,6179048027,,,
1986,M/V Fort Independence,,1A LONG WHARF,Financial District,MA,02110,Active,FS,Eating & Drinking,2012-08-08 13:48:47+00,6172274321,0,,
1987,M/V Frederick Nolan Jr.,,1A LONG WHARF,Financial District,MA,02110,Active,FS,Eating & Drinking,2012-08-08 13:48:03+00,6172274321,0,,
1988,M/V Glory,,1 Long,Boston,MA,02110,Active,FS,Eating & Drinking,2019-11-15 17:58:16.173+00,6179048027,,,
1989,M/V Regency,,1A LONG WHARF,Financial District,MA,02110,Active,FS,Eating & Drinking,2012-08-08 13:38:51+00,6172274321,0,,
1990,M/V Rookie,,1A LONG WHARF,Financial District,MA,02110,Active,FS,Eating & Drinking,2012-08-08 13:44:27+00,6172274321,0,,
1991,M/V Ruth Hughes,,1 Long,Boston,MA,02110,Active,FS,Eating & Drinking,2019-11-15 18:01:02.347+00,6179048027,,,
1992,M/V Salacia,,1 Long,Boston,MA,02110,Active,FS,Eating & Drinking,2019-11-15 18:02:22.55+00,6179048027,,,
1993,M/V Sanctuary,,1 Long,Boston,MA,02110,Active,FS,Eating & Drinking,2019-11-15 18:03:54.683+00,6179048027,,,
1994,MY DINER,,455 First,South Boston,MA,02127,Active,FS,Eating & Drinking,2024-11-19 20:39:07.103+00,6177658654,422402,42.33788635962163,-71.04219256469779
1995,Myers & Chang,,1143 Washington,Roxbury,MA,02118,Active,FS,Eating & Drinking,2007-05-24 17:47:00+00,0,155669,42.34391000037583,-71.06624000125359
1996,My Happy Hunan Kitchen,,1924 Beacon,Brighton,MA,02135,Active,FS,Eating & Drinking,2020-12-30 21:42:39.23+00,6173968268,10015,42.3364201541702,-71.14957391871101
1997,My Mother's Cutlets,,371 Hanover,Boston,MA,02113,Active,FT,Eating & Drinking w/ Take Out,2014-03-25 14:11:53+00,6175238481,69124,42.36487999935126,-71.05315000165737
1998,My Sister's Sandwich Cafe,,1544 Dorchester,Dorchester,MA,02122,Active,FT,Eating & Drinking w/ Take Out,2022-04-27 16:41:34.787+00,6172651000,48346,42.29780000041695,-71.06060000219068
1999,My Thai Cafe Vegetarian & Bubble Tea Bristro,,3 Beach,Boston,MA,02111,Active,FS,Eating & Drinking,2006-12-07 18:36:15+00,6174512395,157523,42.35143819929743,-71.06254395903927
2000,Myung Dong 1st Ave,,90 Harvard,Allston,MA,02134,Active,FS,Eating & Drinking,2015-02-04 18:59:36.677+00,2019957752,166102,42.35331218018167,-71.13194185735323
2001,Nachlo,,1443 Tremont,Mission Hill,MA,02120,Active,FT,Eating & Drinking w/ Take Out,2018-02-20 15:26:33+00,7743920102,170503,42.33196072400635,-71.09670271090137
2002,Nagomi,,636 Beacon,Boston,MA,02215,Active,FS,Eating & Drinking,2008-03-20 13:30:26+00,6176695420,12031,42.34951970001024,-71.09523876395653
2003,Nai Brother,,40 Harrison,Boston,MA,02111,Active,FS,Eating & Drinking,2025-05-19 18:40:43.68+00,9175353333,340723,42.35159985699556,-71.06099622702814
2004,Nakhon,,296 Washington,Brighton,MA,02135,Active,FS,Eating & Drinking,2024-05-07 18:38:35.98+00,7814720835,438101,42.348817835918595,-71.15099698707917
2005,NaKSaN BBQ,,1414 Commonwealth,Allston,MA,02134,Active,FS,Eating & Drinking,2019-12-18 15:48:45.403+00,2155312023,163774,42.34852711510627,-71.1391063519295
2006,Namastay Boston,,636 Beacon,Boston,MA,02215,Active,FS,Eating & Drinking,2025-08-13 12:32:51.063+00,6173774352,352141,42.34951970001024,-71.09523876395653
2007,Nana's Green Tea,,175 Newbury,Boston,MA,02116,Active,FT,Eating & Drinking w/ Take Out,2025-01-21 17:28:43.193+00,7813081164,101381,42.35069999997901,-71.07929000126725
2008,Nando,,393 Hanover,Boston,MA,02113,Active,FS,Eating & Drinking,2021-02-03 23:23:07.05+00,8572399060,360155,42.3651500003081,-71.052940000938
2009,Nan Xiang Express,,52H Beach,Boston,MA,02111,Active,FS,Eating & Drinking,2023-04-06 18:34:15.19+00,9176820038,161862,42.35153678979629,-71.06065183778801
2010,Napoles,,1233 Bennington,East Boston,MA,02128,Active,FS,Eating & Drinking,2008-05-15 16:13:19+00,6175674454,14605,42.38989999980952,-70.99673000069183
2011,Nathalie Wine Bar,,186 Brookline,Boston,MA,02215,Active,FS,Eating & Drinking,2018-03-22 13:59:35.567+00,6179809823,156273,42.3438137010892,-71.10169966741702
2012,Natural!,,578 Huntington,Mission Hill,MA,02120,Active,FT,Eating & Drinking w/ Take Out,2026-01-20 19:53:16.773+00,7744156715,341459,42.33663029470349,-71.09697716246599
2013,Naughty Waffle,,200 Faneuil Hall Market,Boston,MA,02109,Active,FT,Eating & Drinking w/ Take Out,2023-05-23 15:57:17.22+00,,,,
2014,NAYA,,144 Brookline,Boston,MA,02215,Active,FS,Eating & Drinking,2025-10-29 15:42:58.837+00,,341545,42.344462438567604,-71.1010982758041
2015,NAYA,,500 Boylston,Boston,MA,02116,Active,FS,Eating & Drinking,2024-07-25 18:11:46.663+00,,18333,42.35053000034381,-71.07390000167878
2016,NAYA,,91 Summer,Boston,MA,02111,Active,FS,Eating & Drinking,2024-06-26 15:01:28.767+00,,132057,42.35373300032673,-71.05850900098937
2017,Nebo Ristorante/Enoteca,,520 Atlantic,Boston,MA,02210,Active,FS,Eating & Drinking,2012-10-19 14:14:15+00,6177236326,6313,42.35367424758154,-71.05296300186129
2018,Ned Devine's,,200 FANEUIL HALL MARKET,BOSTON,MA,02109,Active,FS,Eating & Drinking,2007-05-08 18:44:29+00,6177894111,,42.360199815765334,-71.05479820409751
2019,N.E. Deaconess Hospital Cafe,,1 Deaconess,BOSTON,MA,02215,Active,FS,Eating & Drinking,2007-04-13 11:59:02+00,0,,42.33780000000521,-71.10908000122996
2020,NEPTUNE RESTAURANT,,63 Salem,Boston,MA,02113,Active,FS,Eating & Drinking,2006-12-07 18:36:08+00,6175849814,121913,42.36323000006357,-71.0559400018238
2021,NEW CHINA RESTAURANT,,869 Harrison,BOSTON,MA,02118,Active,FT,Eating & Drinking w/ Take Out,2006-12-07 18:35:08+00,6175423280,,42.33441999999612,-71.07610000121672
2022,NEW ENGLAND BAPTIST,,125 PARKER HILL ,ROXBURY,MA,02120,Active,FS,Eating & Drinking,2006-12-07 18:34:06+00,6177545096,,42.32973760974449,-71.10672854925379
2023,New England Center For Arts & Technology,,23 Bradston,Roxbury,MA,02118,Active,FS,Eating & Drinking,2012-11-21 13:24:51+00,7819342219,19120,42.333139999455746,-71.07060000065702
2024,New England College of Optometry,,424 Beacon,Boston,MA,02115,Active,FT,Eating & Drinking w/ Take Out,2023-03-02 16:46:50.45+00,6172662030,11446,42.35184999951881,-71.08681000049063
2025,New England Wichcraft Co.,,54 Salem,Boston,MA,02113,Active,FS,Eating & Drinking,2021-11-02 13:10:37.827+00,,156348,42.3631965974422,-71.05627939081234
2026,NEW GOLDEN GATE RESTAURANT,,66 Beach,Boston,MA,02111,Active,FS,Eating & Drinking,2006-12-07 18:35:59+00,6173387721,156250,42.35138396484145,-71.06002844327183
2027,New Golden Kitchen,,1495 Dorchester,Dorchester,MA,02122,Active,FT,Eating & Drinking w/ Take Out,2025-03-24 14:38:41.217+00,8155667213,378355,42.29958975879828,-71.06049627071678
2028,New Hong Kong,,14 Tremont,Brighton,MA,02135,Active,FT,Eating & Drinking w/ Take Out,2022-09-09 13:30:52.94+00,6177833236,157808,42.35043101530501,-71.16862085393404
2029,New Ho Toy,,746 Dudley,Dorchester,MA,02125,Active,FT,Eating & Drinking w/ Take Out,2019-07-12 18:51:05.38+00,6175147797,156124,42.31795817230408,-71.06656878133222
2030,New Market Pizza,,850 Massachusetts,Roxbury,MA,02118,Active,FT,Eating & Drinking w/ Take Out,2025-10-30 14:36:10.437+00,6174271444,92659,42.33207999990081,-71.0710200017945
2031,New Moon Villa Restaurant,,15 Edinboro,Boston,MA,02111,Active,FS,Eating & Drinking,2007-06-20 17:21:01+00,6174232061,51249,42.3520079995352,-71.05991200105001
2032,New Oriental House,,3704 Washington,Jamaica Plain,MA,02130,Active,FT,Eating & Drinking w/ Take Out,2021-07-27 13:41:58.097+00,6179831388,144972,42.300420000025234,-71.1129200015836
2033,New Saigon,,985 Bennington,East Boston,MA,02128,Active,FT,Eating & Drinking w/ Take Out,2023-01-27 14:19:26.427+00,6175616500,351693,42.386169999762316,-71.00765000095058
2034,News Room Cafe,,7 Bulfinch,Boston,MA,02114,Active,FS,Eating & Drinking,2019-03-18 17:15:55.297+00,6177250831,156763,42.36181459417481,-71.06131038542571
2035,New Wing's Kitchen,,13 Hudson,Boston,MA,02111,Active,FT,Eating & Drinking w/ Take Out,2019-12-09 14:09:15.397+00,6173382218,75852,42.35080000029218,-71.06020000062098
2036,New York Fried Chicken,,251 Bowdoin,Dorchester,MA,02122,Active,FT,Eating & Drinking w/ Take Out,2024-08-22 13:57:09.593+00,8572725902,162393,42.306195268423544,-71.06676821856976
2037,New York Fried Chicken,,442 Blue Hill,Dorchester,MA,02121,Active,FT,Eating & Drinking w/ Take Out,2010-02-25 20:02:20+00,6174422299,16468,42.30959999967799,-71.08224000125946
2038,NEW YORK FRIED CHICKEN & PIZZA,,531 Columbia,Dorchester,MA,02125,Active,FT,Eating & Drinking w/ Take Out,2006-12-07 18:36:05+00,6177873169,156840,42.315432424043735,-71.06626070428199
2039,New York Pizza,,224 Tremont,Boston,MA,02116,Active,FT,Eating & Drinking w/ Take Out,2007-08-28 17:48:34+00,6174892245,137458,42.35145000052798,-71.06456000104811
2040,New York Pizza,,433 MASSACHUSETTS ,BOSTON,MA,02118,Active,FT,Eating & Drinking w/ Take Out,2006-12-07 18:34:07+00,6172667020,,42.340572240020514,-71.08210077392042
2041,New York Shawarma Guys,,83 Canal,Boston,MA,02114,Active,FT,Eating & Drinking w/ Take Out,2020-09-18 13:53:15.863+00,6172270505,158274,42.36430711631601,-71.05963143343534
2042,NexDine @ Catholic Memorial High School,,235 Baker,West Roxbury,MA,02132,Active,FT,Eating & Drinking w/ Take Out,2022-10-20 16:55:38.447+00,9786748464,158133,42.2778155442128,-71.16635869235613
2043,Nexdine Coffee Bar @ New Balance,,100 Guest,Brighton,MA,02135,Active,FT,Eating & Drinking w/ Take Out,2025-05-16 13:19:01.287+00,6177834000,422350,42.35722203097933,-71.14277128703374
2044,Nexdine @ New Balance,,100 Guest,Brighton,MA,02135,Active,FS,Eating & Drinking,2025-05-16 13:14:56.363+00,6177834000,422350,42.35722203097933,-71.14277128703374
2045,Next Door Speakeasy,,103 Porter,East Boston,MA,02128,Active,FS,Eating & Drinking,2021-10-19 15:46:38.237+00,,112037,42.37303499964965,-71.03620800108388
2046,Nfarra 2,,127 Maverick,East Boston,MA,02128,Active,FS,Eating & Drinking,2012-09-24 14:12:04+00,,92950,42.37020699950173,-71.03936100083807
2047,Nhu Lan Fast Food,,1155 Dorchester,Dorchester,MA,02125,Active,FT,Eating & Drinking w/ Take Out,2011-02-04 14:43:57+00,6174741989,155879,42.31139480570494,-71.05806957206376
2048,NICK'S,,4590 Washington,Roslindale,MA,02131,Active,FT,Eating & Drinking w/ Take Out,2006-12-07 18:34:55+00,6173278199,145305,42.276260000489565,-71.13884000127956
2049,Nick's Pizza and Seafood,,1143 Blue Hill,DORCHESTER,MA,02124,Active,FT,Eating & Drinking w/ Take Out,2008-01-07 14:35:02+00,6172828805,,42.28549000001258,-71.09135000122191
2050,Nicks/Venue,,100 Warrenton,Boston,MA,02116,Active,FS,Eating & Drinking,2006-12-07 18:34:00+00,6174820930,155721,42.3507763812308,-71.06622927131706
2051,Nicole's Jamaican Plain,,367 Centre,Jamaica Plain,MA,02130,Active,FT,Eating & Drinking w/ Take Out,2006-12-07 18:35:04+00,6179710100,156016,42.32247205010708,-71.1085782184878
2052,NICOLE'S PIZZA,,639 Tremont,Roxbury,MA,02118,Active,FT,Eating & Drinking w/ Take Out,2006-12-07 18:35:27+00,6172669190,137830,42.342329999493124,-71.07514000132097
2053,Nico Restaurant,,417 Hanover,Boston,MA,02109,Active,FS,Eating & Drinking,2008-09-12 12:18:24+00,6177420404,69140,42.36563999959884,-71.05270000197389
2054,Night Shift Brewing,,160 Washington,Boston,MA,02114,Active,FS,Eating & Drinking,2018-04-25 14:21:00.393+00,6172944233,146266,42.36728326132725,-71.05931878984624
2055,Nine,,9 Park,Boston,MA,02108,Active,FS,Eating & Drinking,2025-05-16 13:53:06.17+00,6179363440,107195,42.35762000036552,-71.0627900006282
2056,Nino's Pizza,,79 Charles,Boston,MA,02114,Active,FT,Eating & Drinking w/ Take Out,2006-12-07 18:34:12+00,5233974,29192,42.35838000042111,-71.07042000125173
2057,NIXON & PEABODY,,53 State,Boston,MA,02109,Active,FS,Eating & Drinking,2018-07-10 15:58:52.017+00,6173456030,157026,42.35875086334468,-71.05619957647649
2058,Noble Castella,,100 High,Boston,MA,02110,Active,FT,Eating & Drinking w/ Take Out,2024-02-29 18:17:40.817+00,,342934,42.354465446258,-71.05529865229609
2059,NOHRI,,5 Tyler,Boston,MA,02111,Active,FS,Eating & Drinking,2014-08-15 14:44:43.497+00,7818883818,340774,42.35112230337921,-71.06095541154644
2060,Noodle Barn,,707 Centre,Jamaica Plain,MA,02130,Active,FS,Eating & Drinking,2014-09-17 17:03:33.457+00,6175222299,155915,42.31143385474744,-71.1146617362131
2061,Noodle Lab,,100 Hanover,Boston,MA,02108,Active,FT,Eating & Drinking w/ Take Out,2024-12-23 15:04:14.77+00,5202414988,355634,42.36222403255521,-71.05753575641967
2062,Noodle Lab - Space#9,,122 Brighton,Allston,MA,02134,Active,FT,Eating & Drinking w/ Take Out,2026-05-19 15:21:42.227+00,5713856111,162569,42.35240065993929,-71.13107730992346
2063,NOODLE STREET RESTAURANT,,627 Commonwealth,Boston,MA,02215,Active,FS,Eating & Drinking,2006-12-07 18:36:01+00,6175363100,41174,42.34977344919342,-71.1016100431059
2064,Noon Mediterranean,,168 Cambridge,Boston,MA,02114,Active,FT,Eating & Drinking w/ Take Out,2025-11-26 14:47:30.077+00,6172240308,352484,42.360978503017414,-71.06466818964614
2065,Northeastern Univ/Curry Center,,360 HUNTINGTON ,BOSTON,MA,02115,Active,FT,Eating & Drinking w/ Take Out,2006-12-07 18:34:04+00,6173732530,,42.34004790309655,-71.0888915943071
2066,Northeastern University Belvidere,,39 Dalton,Boston,MA,02199,Active,FS,Eating & Drinking,2023-08-09 16:25:02.697+00,6173732530,45830,42.346569999852505,-71.08384000048378
2067,Northeastern University/Cafe Crossing,,1175 Tremont,Boston,MA,02120,Active,FS,Eating & Drinking,2009-05-14 14:52:03+00,6173732530,160935,42.334988256286984,-71.08896396818933
2068,Northeastern University Churchill Hall,,380 Huntington,Boston,MA,02115,Active,FT,Eating & Drinking w/ Take Out,2020-09-09 18:44:20.55+00,6173732530,166412,42.3387778724858,-71.08888439583386
2069,Northeastern University Faculty Club,,815 Columbus,Boston,MA,02120,Active,FS,Eating & Drinking,2022-05-26 15:27:15.24+00,6173732530,439242,42.33706747193886,-71.08763569724962
2070,Northeastern University-Snell Library,,376 Huntington,Boston,MA,02115,Active,FS,Eating & Drinking,2006-12-07 18:35:27+00,6173733130,157631,42.33843419696348,-71.08796008090762
2071,Northeastern Univ./International Village,,1155 Tremont,ROXBURY,MA,02120,Active,FS,Eating & Drinking,2008-12-04 15:45:39+00,6173732530,,42.33519000000819,-71.08906000122384
2072,NORTHEASTERN UNIV. RYDER HALL,,11 Leon,Boston,MA,02115,Active,FS,Eating & Drinking,2006-12-07 18:34:41+00,6173732530,340856,42.33662097467666,-71.09091030905306
2073,North East of the Boarder Taqueria,,100 High,Boston,MA,02110,Active,FT,Eating & Drinking w/ Take Out,2019-09-27 13:54:42.787+00,8555617822,342934,42.354465446258,-71.05529865229609
2074,North End Creamery,,121 Salem,Boston,MA,02113,Active,FT,Eating & Drinking w/ Take Out,2022-02-07 15:39:31.56+00,6177802369,121723,42.36455999980947,-71.05537000191529
2075,North End Lobster Co.,,206 Hanover,Boston,MA,02113,Active,FS,Eating & Drinking,2025-04-17 16:33:04.61+00,6175930777,361010,42.36288999980895,-71.05569000155035
2076,NORTH STREET GRILLE & CAFE,,229 North,Boston,MA,02113,Active,FS,Eating & Drinking,2006-12-07 18:34:47+00,6175239495,103562,42.36339000027946,-71.05252000112516
2077,Nos Casa Cafe,,475 Dudley,Roxbury,MA,02119,Active,FT,Eating & Drinking w/ Take Out,2010-12-02 20:21:34+00,6176067060,49758,42.323249999939925,-71.07367800146261
2078,Notch Brighton Tap Room,,1420 Soldiers Field,Brighton,MA,02135,Active,FS,Eating & Drinking,2021-06-28 13:10:16.953+00,6175482947,169776,42.36192100023337,-71.14517500146172
2079,Not Your Average Joe's,,200 Terminal,East Boston,MA,02128,Active,FS,Eating & Drinking,2019-07-11 16:06:47.05+00,,341353,42.362677345436204,-71.01863498065062
2080,Nova Restaurant,,131 Tremont,Boston,MA,02111,Active,FS,Eating & Drinking,2026-02-06 19:11:05.267+00,3397772559,155952,42.356035614646885,-71.062183223128
2081,Novo Lantern,,1750 Washington,Roxbury,MA,02118,Active,FS,Eating & Drinking,2024-02-01 16:57:11.337+00,9176820038,,,
2082,Nowon Seaport,,113 Seaport,Boston,MA,02210,Active,FS,Eating & Drinking,2024-03-05 17:09:43.107+00,,355705,42.350884686367415,-71.04459809425383
2083,Nuba Cafe,,742 Columbus,Mission Hill,MA,02120,Active,FS,Eating & Drinking,2026-02-02 20:10:09.927+00,6179593031,420858,42.33740500670412,-71.085606943111
2084,Nu Flav Restaurant,,1098 Blue Hill,Dorchester,MA,02124,Active,FS,Eating & Drinking,2013-04-01 16:49:01+00,7873080321,16149,42.28694999987498,-71.09021000107616
2085,NumNum - K103,,94 Shirley,Roxbury,MA,02119,Active,FT,Eating & Drinking w/ Take Out,2025-06-02 15:53:57.427+00,4073308888,127222,42.32448468232285,-71.07021644447491
2086,N.U. Stetson Hall East,,11 Speare,Boston,MA,02115,Active,FS,Eating & Drinking,2006-12-07 18:34:13+00,6173732530,157869,42.341040561705825,-71.09023154042845
2087,N.U. Stetson Hall West,,11 Speare,Boston,MA,02115,Active,FS,Eating & Drinking,2006-12-07 18:35:30+00,6173732530,157869,42.341040561705825,-71.09023154042845
2088,Nutter  McClennen & Fish LLP,,155 SEAPORT,BOSTON,MA,02110,Active,FS,Eating & Drinking,2007-08-14 19:16:23+00,6172267525,,42.349670331206156,-71.04280854264051
2089,NY Bagel & Coffee Co,,111 Brighton,Allston,MA,02134,Active,FT,Eating & Drinking w/ Take Out,2025-08-19 16:50:07.85+00,6177077937,351847,42.353020000151425,-71.1305200014605
2090,OASIS GUEST HOUSE,,20 Edgerly,Boston,MA,02115,Active,FS,Eating & Drinking,2023-11-17 16:35:31.64+00,6172672262,51170,42.34586000002342,-71.08776000199279
2091,Oasis Restaurant,,33 Hancock,Dorchester,MA,02125,Active,FS,Eating & Drinking,2019-08-08 18:33:09.51+00,6177408288,68926,42.31437000000129,-71.06585000100232
2092,Oba Bakery and Cafe,,1103 Commonwealth,Allston,MA,02134,Active,FT,Eating & Drinking w/ Take Out,2023-09-26 17:01:43.1+00,6174580310,163738,42.35188855285923,-71.12556841157779
2093,Obosa Foods,,146 Belgrade,Roslindale,MA,02131,Active,FS,Eating & Drinking,2019-11-20 17:18:08.613+00,6173727676,156858,42.28612267800038,-71.13673109027727
2094,O'Brien's Pub,,3 Harvard,Allston,MA,02134,Active,FS,Eating & Drinking,2025-01-14 13:56:19.377+00,6177826245,,,
2095,Ocean Prime,,100 Pier 4,Boston,MA,02210,Active,FS,Eating & Drinking,2015-04-06 17:50:57.73+00,6142808011,355594,42.35130055844787,-71.04319047333239
2096,O'Cheese,,261 North,Boston,MA,02109,Active,FT,Eating & Drinking w/ Take Out,2023-10-11 16:18:49.827+00,8608904458,103593,42.36372999952733,-71.05181000098064
2097,Oda Bar & Bites,,3840 Washington,Roslindale,MA,02131,Active,FS,Eating & Drinking,2025-09-23 12:45:13.08+00,6177355385,342800,42.29693198832762,-71.11670560028647
2098,ODYSSEY CRUISES,,60 Rowes,Boston,MA,02110,Active,FS,Eating & Drinking,2006-12-07 18:36:38+00,6174394990,156112,42.355877344678056,-71.04992652332653
2099,Ogawa Coffee,,10 Milk,Boston,MA,02109,Active,FT,Eating & Drinking w/ Take Out,2014-09-18 16:03:18.22+00,6177807139,157351,42.35689165685915,-71.05795893496858
2100,Oh Canada Poutinerie - Lower Level,,32 Cambridge,Charlestown,MA,02129,Active,FT,Eating & Drinking w/ Take Out,2026-07-29 16:58:19.997+00,5069618397,25110,42.383569999309664,-71.0743500017016
2101,Oishii Boston,,1166 Washington,Boston,MA,02118,Active,FS,Eating & Drinking,2008-03-25 16:46:03+00,5088814532,,,
2102,OLD COLONY YACHT CLUB,,235 Victory,Dorchester,MA,02122,Active,FS,Eating & Drinking,2021-08-18 13:56:29.55+00,6175155243,140600,42.29969999989549,-71.04440000124443
2103,OLGA'S KAFE,,206 Broadway,South Boston,MA,02127,Active,FS,Eating & Drinking,2019-09-20 13:12:20.747+00,6172685419,21399,42.34022034728961,-71.05259814146055
2104,Olitoki,,66 Brighton,Allston,MA,02134,Active,FT,Eating & Drinking w/ Take Out,2016-04-28 19:15:16.46+00,6172025038,20171,42.352399999681445,-71.12881000045662
2105,Oliveiras Express - Tivoli Catering,,204 Cambridge,Boston,MA,02114,Active,FT,Eating & Drinking w/ Take Out,2024-06-26 16:04:41.13+00,6179017409,157408,42.3609555663283,-71.06585976665583
2106,Oliveiras Restaurant,,297 Chelsea,East Boston,MA,02128,Active,FS,Eating & Drinking,2020-10-09 13:52:11.447+00,6175617277,391790,42.37698999976757,-71.03023000127962
2107,Olive World - Lower Level,,32 Cambridge,Charlestown,MA,02129,Active,FT,Eating & Drinking w/ Take Out,2022-10-26 18:29:39.013+00,7813001670,25110,42.383569999309664,-71.0743500017016
2108,Olympic House of Pizza,,655 EAST BROADWAY,South Boston,MA,02127,Active,FT,Eating & Drinking w/ Take Out,2007-10-23 15:25:26+00,6172692144,,42.335793745050744,-71.03808952667718
2109,Olympic Pizza,,187 Wolcott,Hyde Park,MA,02136,Active,FT,Eating & Drinking w/ Take Out,2026-03-17 16:48:40.537+00,6173617070,156416,42.23712567037885,-71.13227033093892
2110,Omi Symphony,,261 Huntington,Boston,MA,02115,Active,FS,Eating & Drinking,2024-02-01 16:20:18.467+00,,341004,42.34203714413252,-71.08644856775658
2111,Omni Boston Seaport - Crescendo,,450 Summer,Boston,MA,02210,Active,FS,Eating & Drinking,2018-09-26 18:48:08.523+00,6174766664,132015,42.34707139218014,-71.04272426584997
2112,Omni Boston Seaport - Kestra,,450 Summer,Boston,MA,02210,Active,FS,Eating & Drinking,2018-09-26 18:53:04.323+00,6174766664,132015,42.34707139218014,-71.04272426584997
2113,Omni Boston Seaport - Lifted Pool Bar,,450 Summer,Boston,MA,02210,Active,FS,Eating & Drinking,2018-09-26 18:46:56.62+00,6174766664,132015,42.34707139218014,-71.04272426584997
2114,Omni Boston Seaport - Sporting Club,,450 Summer,Boston,MA,02210,Active,FS,Eating & Drinking,2018-09-26 18:51:37.49+00,6174766664,132015,42.34707139218014,-71.04272426584997
2115,OMNI PARKER HOUSE,,56 School,Boston,MA,02108,Active,FS,Eating & Drinking,2006-12-07 18:34:12+00,6172278600,158012,42.35777801341613,-71.06010976910419
2116,Omni Seaport Employee Kitchen,,450 Summer,Boston,MA,02210,Active,FS,Eating & Drinking,2018-09-26 18:50:31.423+00,6174766664,132015,42.34707139218014,-71.04272426584997
2117,Omni Seaport L3 Kitchen,,450 Summer,Boston,MA,02210,Active,FS,Eating & Drinking,2018-09-26 18:49:22.623+00,6174766664,132015,42.34707139218014,-71.04272426584997
2118,Omni Seaport Main BQ Kitchen,,450 Summer,Boston,MA,02210,Active,FS,Eating & Drinking,2018-09-26 18:45:48.64+00,6174766664,132015,42.34707139218014,-71.04272426584997
2119,One Beacon Cafe,,1 Beacon,Boston,MA,02108,Active,FT,Eating & Drinking w/ Take Out,2023-05-18 15:49:31.56+00,6178699018,9475,42.35845000011161,-71.06084000119863
2120,One Family Diner,,260 Bowdoin,Dorchester,MA,02122,Active,FS,Eating & Drinking,2016-01-25 18:12:57.56+00,6174361577,354503,42.30678313778595,-71.06670645878549
2121,One Love Chimi,,138 South,Jamaica Plain,MA,02130,Active,FT,Eating & Drinking w/ Take Out,2026-05-14 12:53:28.05+00,8575767257,128689,42.30524925462828,-71.11449923565183
2122,One Plus One,,1 Dalton,Boston,MA,02115,Active,FS,Eating & Drinking,2018-06-12 15:34:46.97+00,6173774888,351070,42.34575371386298,-71.08401153537174
2123,ONLY ONE JAMAICAN RESTAURANT,,1345 Hyde Park,Hyde Park,MA,02136,Active,FS,Eating & Drinking,2019-04-29 15:17:47.323+00,,413413,42.25303848456197,-71.12509639367259
2124,ONLY ONE JAMAICAN RESTAURANT,,160 Norfolk,Dorchester,MA,02124,Active,FT,Eating & Drinking w/ Take Out,2006-12-07 18:35:54+00,6178335872,156224,42.28715907195054,-71.0786207345033
2125,OPPA SUSHI,,185 Harvard,Allston,MA,02134,Active,FS,Eating & Drinking,2015-04-02 18:53:32.95+00,6172023808,352348,42.3509179999662,-71.13152900117889
2126,ORIENTAL HOUSE,,560 Washington,Dorchester,MA,02124,Active,FT,Eating & Drinking w/ Take Out,2006-12-07 18:35:02+00,6172829329,156004,42.29207224309873,-71.07152122782053
2127,O'Saraceno,,284 Hanover,Boston,MA,02113,Active,FS,Eating & Drinking,2006-12-07 18:34:02+00,6172275353,69085,42.363970000104665,-71.05454000085976
2128,Ostra,,1 Charles Street South,Boston,MA,02116,Active,FS,Eating & Drinking,2013-09-13 15:17:59+00,6174211200,,,
2129,Otto Pizza,,345 Harrison,Roxbury,MA,02118,Active,FT,Eating & Drinking w/ Take Out,2020-11-06 20:34:31.757+00,5616546958,69828,42.344885445535304,-71.0642243432147
2130,Otto Pizza,,416 Broadway,South Boston,MA,02127,Active,FS,Eating & Drinking,2019-11-06 15:13:53.06+00,5616546958,388583,42.33689787747754,-71.04739818528999
2131,Our Zone,,1583 Commonwealth,Brighton,MA,02135,Active,FT,Eating & Drinking w/ Take Out,2018-09-28 19:01:15.54+00,6177875030,408286,42.34428999982424,-71.14304000138497
2132,Overtime Eats,,252 Friend,Boston,MA,02114,Active,FT,Eating & Drinking w/ Take Out,2025-08-19 15:55:17.623+00,8574490853,60994,42.36449400019272,-71.06119200144687
2133,O YA RESTAURANT,,9 East,Boston,MA,02111,Active,FS,Eating & Drinking,2007-03-14 21:11:01+00,6176549900,50799,42.351350000016645,-71.05694000076973
2134,Padduck Concession,,525 William F McClellan,East Boston,MA,02128,Active,FT,Eating & Drinking w/ Take Out,2019-08-14 16:47:34+00,6175673200,344992,42.39517354743799,-71.00009205390882
2135,PAD THAI CAFE,,6 Hemenway,Boston,MA,02115,Active,FS,Eating & Drinking,2017-09-18 12:20:02.033+00,6172672828,365014,42.34661999973145,-71.08903000180277
2136,Pagliuca's Restaurant,,14 Parmenter,Boston,MA,02113,Active,FS,Eating & Drinking,2006-12-07 18:34:06+00,6173671504,108266,42.363725063237034,-71.0549433704182
2137,Paku Katsuya,,144 Tremont,Boston,MA,02111,Active,FS,Eating & Drinking,2025-10-07 14:40:31.193+00,7786809599,136830,42.35536615248834,-71.06293102398656
2138,Palm  Restaurant  (1 International Place),,90 Oliver,Boston,MA,02110,Active,FS,Eating & Drinking,2012-06-25 14:34:17+00,,156963,42.35632625022133,-71.0518760535379
2139,PAN ASIA RESTAURANT,,720 Broadway,South Boston,MA,02127,Active,FT,Eating & Drinking w/ Take Out,2018-06-26 15:20:11.017+00,6172682821,157238,42.33580129510737,-71.03656226009753
2140,Panda Express,,25 Jan Karski,Dorchester,MA,02125,Active,FS,Eating & Drinking,2025-02-19 15:11:43.34+00,6267999898,421286,42.325194557803286,-71.06117833204564
2141,Panera Bread,,115 Stuart,Boston,MA,02116,Active,FS,Eating & Drinking,2015-11-30 17:28:18.1+00,6172470179,156115,42.35137725876473,-71.06548155258062
2142,Panera Bread,,17 Blackfan,Boston,MA,02115,Active,FT,Eating & Drinking w/ Take Out,2023-05-09 15:31:21.953+00,,153922,42.337362787325866,-71.10603627102282
2143,Panera Bread,,200 High,Boston,MA,02110,Active,FS,Eating & Drinking,2007-04-30 14:56:14+00,4178877677,,,
2144,Panera Bread,,289 Huntington,Boston,MA,02115,Active,FS,Eating & Drinking,2015-11-30 18:01:24.54+00,6172470179,351898,42.34225000003425,-71.08614000084735
2145,Panera Bread,,8 Allstate,Dorchester,MA,02125,Active,FS,Eating & Drinking,2015-11-30 17:17:06.133+00,6172470179,155148,42.32641869913559,-71.06186689751887
2146,Panera Bread#9315,,75 Francis,Boston,MA,02115,Active,FT,Eating & Drinking w/ Take Out,2022-02-15 17:53:18.867+00,6173791200,158148,42.33604286181242,-71.10738752281475
2147,Panera Bread Cafe 2137,,364 Brookline,Boston,MA,02115,Active,FS,Eating & Drinking,2022-08-12 15:17:18.85+00,,158379,42.33903904392873,-71.1064192266224
2148,Panera Bread Cafe #2143,,121 Brookline,Boston,MA,02215,Active,FS,Eating & Drinking,2023-12-05 17:01:11.757+00,6175816160,22082,42.34569655256122,-71.10039756220141
2149,Pantry Pizza,,931 Dorchester,Dorchester,MA,02125,Active,FT,Eating & Drinking w/ Take Out,2019-11-26 15:17:44.377+00,6172820033,351618,42.318868999986265,-71.05691500125468
2150,Panza,,326 Hanover,Boston,MA,02113,Active,FS,Eating & Drinking,2006-12-07 18:34:42+00,6175579248,155910,42.364668932483156,-71.05383057878485
2151,PAPA GINO'S,,748 Gallivan,Dorchester,MA,02122,Active,FT,Eating & Drinking w/ Take Out,2019-12-30 15:35:12.01+00,6173644300,156435,42.284618999765584,-71.04576157246326
2152,Papa Johns,,1493 Dorchester,Dorchester,MA,02122,Active,FT,Eating & Drinking w/ Take Out,2023-09-27 15:28:31.303+00,,164482,42.29950151856283,-71.0605786940932
2153,PAPA JOHNS PIZZA,,533 Washington,Brighton,MA,02135,Active,FT,Eating & Drinking w/ Take Out,2014-02-12 19:21:41+00,6172540111,351932,42.349199999792894,-71.16295000014223
2154,PAPA RINO'S PIZZA,,392 Geneva,Dorchester,MA,02122,Active,FT,Eating & Drinking w/ Take Out,2006-12-07 18:36:04+00,6173234122,156837,42.30136066397073,-71.06773961730403
2155,Papa's Pizza Company,,682 Huntington,Mission Hill,MA,02120,Active,FS,Eating & Drinking,2018-06-21 18:33:40.367+00,6176487272,156833,42.33485432425445,-71.10243975050575
2156,Pappare Ristorante,,358 Hanover,Boston,MA,02113,Active,FS,Eating & Drinking,2024-07-17 14:22:18.15+00,,69121,42.365289999763256,-71.05325000123948
2157,PARADISE,,963 Commonwealth,Boston,MA,02215,Active,FS,Eating & Drinking,2006-12-07 18:35:22+00,6177780089,41312,42.35196793073614,-71.11939174550562
2158,Para Maria (Envoy 1St. Fl),,70 Sleeper,Boston,MA,02210,Active,FS,Eating & Drinking,2017-08-21 15:50:13.707+00,6175301559,350594,42.35369159555376,-71.04829376360414
2159,PARAMOUNT,,44 Charles,Boston,MA,02108,Active,FS,Eating & Drinking,2006-12-07 18:34:43+00,6175238832,158202,42.35724016720834,-71.07026957586773
2160,Parish Cafe,,359 Boylston,Boston,MA,02116,Active,FS,Eating & Drinking,2006-12-07 18:34:26+00,6172474777,18311,42.35192999944347,-71.07166000102626
2161,Park 54 Restaurant and Lounge,,81 Fairmount,Hyde Park,MA,02136,Active,FS,Eating & Drinking,2022-04-12 16:19:20.74+00,6179109704,55754,42.25459000006274,-71.12019000127593
2162,Park Bagelry & Cafe,,280 Western,Allston,MA,02134,Active,FS,Eating & Drinking,2024-12-23 16:06:59+00,,148178,42.363028016739634,-71.13428222852612
2163,Park City,,383 Dorchester,South Boston,MA,02127,Active,FS,Eating & Drinking,2025-04-09 15:13:13.173+00,,343874,42.33507364067519,-71.05720468760538
2164,Park City - Pavilion Bar,,383 Dorchester,South Boston,MA,02127,Active,FS,Eating & Drinking,2025-04-10 16:34:52.08+00,,343874,42.33507364067519,-71.05720468760538
2165,Park City - Sat. Bar Left,,383 Dorchester,South Boston,MA,02127,Active,FS,Eating & Drinking,2025-04-10 16:34:52.98+00,,343874,42.33507364067519,-71.05720468760538
2166,Park City - Sat. Bar Right,,383 Dorchester,South Boston,MA,02127,Active,FS,Eating & Drinking,2025-04-10 16:34:53.49+00,,343874,42.33507364067519,-71.05720468760538
2167,PARKWAY LITTLE LEAGUE STAND,,2 Dow,West Roxbury,MA,02132,Active,FS,Eating & Drinking,2007-04-12 18:16:58+00,0,422665,42.280030782024966,-71.16677975504366
2168,PARLA,,230 Hanover,Boston,MA,02113,Active,FS,Eating & Drinking,2006-12-07 18:34:45+00,6173672824,69065,42.36328417133948,-71.0552388992038
2169,Parm,,100 Huntington,Boston,MA,02116,Active,FS,Eating & Drinking,2022-06-28 15:40:04.643+00,,76237,42.34704109976982,-71.07805470652134
2170,Pasta Tana's - Lower Level,,32 Cambridge,Charlestown,MA,02129,Active,FT,Eating & Drinking w/ Take Out,2024-09-10 16:05:53.487+00,7864240205,25110,42.383569999309664,-71.0743500017016
2171,Pasta Tana's - Upper Level,,32 Cambridge,Charlestown,MA,02129,Active,FT,Eating & Drinking w/ Take Out,2024-09-10 16:06:07.62+00,7864240205,25110,42.383569999309664,-71.0743500017016
2172,Patient Dining @ Tufts Medical Center,,750 Washington,Boston,MA,02111,Active,FS,Eating & Drinking,2023-10-04 15:08:17.487+00,,158017,42.35055564807489,-71.06286082550342
2173,PATS PIZZA,,2254 Dorchester,Dorchester,MA,02124,Active,FT,Eating & Drinking w/ Take Out,2006-12-07 18:36:28+00,6172989625,156905,42.27350698807033,-71.06754171402685
2174,Pat's Place,,60 Fenwood,Boston,MA,02115,Active,FT,Eating & Drinking w/ Take Out,2021-07-29 17:19:27.573+00,7819790362,347439,42.33532737006638,-71.10839968892073
2175,Pauli's,,65 Salem,Boston,MA,02113,Active,FT,Eating & Drinking w/ Take Out,2010-10-07 14:18:53+00,9783955716,121915,42.36327000034723,-71.05590000225192
2176,PAV1A,,4 Jersey,Boston,MA,02215,Active,FT,Eating & Drinking w/ Take Out,2008-11-16 16:38:48+00,7742054363,424258,42.34673007807398,-71.0986629781914
2177,PAVB1,,4 Jersey,Boston,MA,02215,Active,FT,Eating & Drinking w/ Take Out,2008-11-16 16:36:52+00,7742054363,424258,42.34673007807398,-71.0986629781914
2178,PAVB3,,4 Jersey,Boston,MA,02215,Active,FT,Eating & Drinking w/ Take Out,2008-11-16 16:37:51+00,7742054363,424258,42.34673007807398,-71.0986629781914
2179,PAVC1,,4 Jersey,Boston,MA,02215,Active,FT,Eating & Drinking w/ Take Out,2008-11-16 16:27:25+00,7742054363,424258,42.34673007807398,-71.0986629781914
2180,PAVC3,,4 Jersey,Boston,MA,02215,Active,FT,Eating & Drinking w/ Take Out,2008-11-16 16:28:30+00,6175366683,424258,42.34673007807398,-71.0986629781914
2181,Pavement,,415 Western,Brighton,MA,02135,Active,FS,Eating & Drinking,2017-11-28 18:15:41.017+00,6173205183,148198,42.36272599988396,-71.14040900193527
2182,Pavement Coffeehouse,,1096 Boylston,Boston,MA,02115,Active,FS,Eating & Drinking,2009-11-19 14:31:49+00,6173205183,17993,42.34686399987265,-71.08841900154174
2183,Pavement Coffeehouse,,1243 Commonwealth,Allston,MA,02134,Active,FT,Eating & Drinking w/ Take Out,2006-12-07 18:35:06+00,6177894000,157710,42.35031923886775,-71.13187139635257
2184,Pavement Coffeehouse,,1330 Boylston,Boston,MA,02215,Active,FT,Eating & Drinking w/ Take Out,2014-11-12 14:45:12.64+00,6173205183,351515,42.344008877518256,-71.09878411009392
2185,Pavement Coffeehouse,,44 Gainsborough,Boston,MA,02115,Active,FS,Eating & Drinking,2006-12-07 18:36:38+00,6173205183,157067,42.34163262837545,-71.08698005109767
2186,Pavement Coffee House,,286 Newbury,Boston,MA,02115,Active,FS,Eating & Drinking,2006-12-07 18:36:38+00,6177385541,101520,42.3488600006278,-71.08440000096267
2187,Pazza on Porter,,107 Porter,East Boston,MA,02128,Active,FS,Eating & Drinking,2019-10-03 12:45:47.71+00,6174185702,112038,42.37299000017838,-71.03615500148109
2188,Peach Farm,,4 Tyler,Boston,MA,02111,Active,FS,Eating & Drinking,2026-03-18 15:02:06.77+00,6179555757,138819,42.35115000002432,-71.06040000126275
2189,Pedro's Kitchen,,85 Glenville,Allston,MA,02134,Active,FS,Eating & Drinking,2025-11-12 16:18:56.037+00,6178754999,165678,42.349525035222335,-71.13501713777875
2190,Peet's Coffee,,500 Terminal,East Boston,MA,02128,Active,FT,Eating & Drinking w/ Take Out,2023-07-11 16:12:02.957+00,7818088354,341351,42.36990420124479,-71.01943927546833
2191,Peet's Coffee & Tea(United Terminal BA A34),,200 Terminal,East Boston,MA,02128,Active,FT,Eating & Drinking w/ Take Out,2014-01-23 17:53:41+00,4127410630,341353,42.362677345436204,-71.01863498065062
2192,Peka,,300 Washington,Brighton,MA,02135,Active,FS,Eating & Drinking,2020-08-26 15:28:43.15+00,6177894100,143507,42.34883974906895,-71.15133059690007
2193,PEKING HOUSE,,160 Dudley,Roxbury,MA,02119,Active,FS,Eating & Drinking,2006-12-07 18:35:06+00,4429215,156022,42.328914748009375,-71.08285763494455
2194,Pelloma Nigerian Cuisine,,924 Morton,Dorchester,MA,02124,Active,FT,Eating & Drinking w/ Take Out,2021-03-25 19:23:45.373+00,6173159115,354377,42.28068600001688,-71.08295500170884
2195,Pena Bani Restaurant,,4541 Washington,Roslindale,MA,02131,Active,FT,Eating & Drinking w/ Take Out,2025-04-09 15:29:26.37+00,8572347454,171273,42.278257138415405,-71.13727599208903
2196,Penang,,687 Washington,Boston,MA,02116,Active,FS,Eating & Drinking,2012-03-01 18:26:30+00,6174516373,343264,42.35136704779612,-71.06307164193456
2197,Penguin Pizza,,735 HUNTINGTON ,BOSTON,MA,02115,Active,FS,Eating & Drinking,2006-12-07 18:36:06+00,6172779200,,42.33409645353809,-71.10548096367843
2198,PENNYPACKERS,,100 High,Boston,MA,02110,Active,FT,Eating & Drinking w/ Take Out,2019-09-27 14:56:06.883+00,8575238948,342934,42.354465446258,-71.05529865229609
2199,Pennyweight Hotel Boston,,155 Portland,Boston,MA,02114,Active,FS,Eating & Drinking,2024-03-27 14:40:45.78+00,6175579955,112316,42.36421000040711,-71.06134000131435
2200,Peregrine,,170 Charles,Boston,MA,02114,Active,FS,Eating & Drinking,2024-12-23 16:28:09.003+00,6178261762,29138,42.360630857399805,-71.07122030099772
2201,Perillas Food,,123 Antwerp,Brighton,MA,02135,Active,FT,Eating & Drinking w/ Take Out,2021-02-11 16:51:49.103+00,6172088149,353193,42.36251751776215,-71.13821623312256
2202,PERKIN'S SQ DELI,,106 Dorchester,South Boston,MA,02127,Active,FT,Eating & Drinking w/ Take Out,2006-12-07 18:33:58+00,6172695622,48839,42.33520000044605,-71.04583000141042
2203,Perla Del Sur Quintanilla,,454 Hyde Park,Roslindale,MA,02131,Active,FS,Eating & Drinking,2009-11-04 16:18:15+00,6174778668,77371,42.28500999929361,-71.11866000143765
2204,Perros Paisas,,350 Bennington,East Boston,MA,02128,Active,FT,Eating & Drinking w/ Take Out,2021-02-25 13:54:05.94+00,,155679,42.37962647363487,-71.02692866908855
2205,Peruvian Taste Restaurant,,78 Arlington,Charlestown,MA,02129,Active,FS,Eating & Drinking,2021-03-15 20:02:05.937+00,6172425100,4741,42.387170000183524,-71.07501000097703
2206,Pete's A Pizza,,482 Centre,Jamaica Plain,MA,02130,Active,FT,Eating & Drinking w/ Take Out,2025-08-11 15:58:35.94+00,6175243344,28073,42.31858000032478,-71.11206000139094
2207,Pete's Dockside,,12 Channel,Boston,MA,02210,Active,FT,Eating & Drinking w/ Take Out,2023-12-22 14:39:15.237+00,6174231110,340874,42.345516724963915,-71.03681302202098
2208,Pete's Seafood,,267 Bowdoin,Dorchester,MA,02122,Active,FS,Eating & Drinking,2009-12-29 20:29:24+00,6178257114,157274,42.30654204578045,-71.0664103346976
2209,PETIT ROBERT BISTRO,,480 COLUMBUS,BOSTON,MA,02118,Active,FS,Eating & Drinking,2007-03-07 19:29:48+00,0,,,
2210,Petula's,,81 L,South Boston,MA,02127,Active,FS,Eating & Drinking,2023-05-09 12:17:19.883+00,6177524531,355198,42.33463999987355,-71.03560000114061
2211,P.F.CHANG'S CHINA BISTRO,,8 Park,Boston,MA,02116,Active,FS,Eating & Drinking,2006-12-07 18:35:12+00,6175730821,158173,42.35188375148756,-71.06699770937043
2212,Phin Coffee House,,10 High,Boston,MA,02110,Active,FT,Eating & Drinking w/ Take Out,2020-01-21 13:38:57.177+00,6172237439,156946,42.353845576250656,-71.05673617017884
2213,Phin Coffee House,,20 Western,Allston,MA,02134,Active,FT,Eating & Drinking w/ Take Out,2025-12-10 17:16:59.477+00,6172237439,456797,42.363586722796356,-71.12074382061688
2214,Phinista Cafe,,1092 Commonwealth,Boston,MA,02446,Active,FT,Eating & Drinking w/ Take Out,2026-04-27 18:35:25.157+00,9788540706,163736,42.35175073627082,-71.12415806891677
2215,Phinista Cafe,,84 Peterborough,Boston,MA,02215,Active,FT,Eating & Drinking w/ Take Out,2024-01-24 14:41:42.237+00,6172627700,168718,42.343077111885144,-71.09911010660659
2216,PHO 2000,,198 Adams,Dorchester,MA,02122,Active,FS,Eating & Drinking,2011-06-30 12:49:44+00,6174361908,606,42.302239999477834,-71.06000000136405
2217,PHO BAR,,1403 Dorchester,Dorchester,MA,02122,Active,FT,Eating & Drinking w/ Take Out,2025-02-06 17:05:41.92+00,4014899972,48307,42.30315355980771,-71.05970652254427
2218,Pho Basil,,177 MASSACHUSETTS ,BOSTON,MA,02115,Active,FS,Eating & Drinking,2008-09-17 14:36:27+00,6172625377,,42.3457775103706,-71.08734140784213
2219,Pho Hoa restaurant/Drink Lab,,1370 Dorchester,Dorchester,MA,02122,Active,FS,Eating & Drinking,2010-02-26 19:41:08+00,6172879746,157770,42.30404321592181,-71.0590707533972
2220,Pho Le,,1356 Dorchester,Dorchester,MA,02122,Active,FS,Eating & Drinking,2010-06-18 15:21:27+00,6175066294,155819,42.304400722971664,-71.05896125084328
2221,Pho Pasteur,,682 Washington,Boston,MA,02111,Active,FS,Eating & Drinking,2006-12-07 18:34:31+00,8579195252,155857,42.35142925804449,-71.06269816650577
2222,Pho Que Restaurant,,291 Adams,Dorchester,MA,02122,Active,FS,Eating & Drinking,2024-10-07 13:26:01.817+00,6172199999,161317,42.29914310786596,-71.05814651319868
2223,Pho Town,,89 Brighton,Allston,MA,02134,Active,FS,Eating & Drinking,2026-01-12 13:52:21.997+00,8575003131,419884,42.352917729783016,-71.12973392454492
2224,Pho Zabb,,1795 Commonwealth,Brighton,MA,02135,Active,FS,Eating & Drinking,2025-06-02 19:13:05.983+00,6172542254,38689,42.34064766486061,-71.15157625755619
2225,Phuket Thai  Restaurant,,1852 Centre,West Roxbury,MA,02132,Active,FS,Eating & Drinking,2007-05-10 13:45:31+00,6174695200,27742,42.286110000392135,-71.15439000128991
2226,Piattini,,226 Newbury,Boston,MA,02116,Active,FS,Eating & Drinking,2006-12-07 18:35:22+00,6175362020,101443,42.34971000041046,-71.0812400013637
2227,Picco,,513 Tremont,Boston,MA,02116,Active,FS,Eating & Drinking,2019-02-27 12:58:38.297+00,6179270066,369232,42.3447972404202,-71.07098097686429
2228,Pick and Bite,,700 Atlantic,Boston,MA,02111,Active,FT,Eating & Drinking w/ Take Out,2022-03-31 14:42:09.87+00,3399701981,156723,42.35204827404688,-71.0551747507777
2229,Pick N'Roll Sushi,,134 Boylston,Boston,MA,02116,Active,FT,Eating & Drinking w/ Take Out,2022-07-28 18:10:42.76+00,6172515829,18093,42.35227500024036,-71.06611900194063
2230,Pier 6 Restaurant,,1 Eighth,Charlestown,MA,02129,Active,FS,Eating & Drinking,2013-08-15 12:49:47+00,,343036,42.37317231502053,-71.0500923381043
2231,Pig Beach BBQ,,64 C,South Boston,MA,02127,Active,FS,Eating & Drinking,2021-12-06 16:09:17.41+00,9787588311,355546,42.337300384111,-71.05634447974293
2232,Pikalo J.P.,,360 Centre,Jamaica Plain,MA,02130,Active,FT,Eating & Drinking w/ Take Out,2022-03-29 18:59:31.367+00,6175221210,396253,42.322290000317345,-71.10776000149527
2233,Pikalox,,422 Geneva,Dorchester,MA,02122,Active,FT,Eating & Drinking w/ Take Out,2021-12-02 15:04:33.893+00,6175957256,157138,42.300918553216626,-71.06692939475447
2234,Pika Pollo,,3160 Washington,Jamaica Plain,MA,02130,Active,FS,Eating & Drinking,2025-05-19 17:25:48.64+00,6179422085,156089,42.31357992136392,-71.10025145987653
2235,Pinch Bakery - Lower Level,,32 Cambridge,Charlestown,MA,02129,Active,FT,Eating & Drinking w/ Take Out,2026-04-24 13:22:53.613+00,6177180188,25110,42.383569999309664,-71.0743500017016
2236,Pink Carrot,,1001 Boylston,Boston,MA,02215,Active,FS,Eating & Drinking,2025-04-09 17:51:56.487+00,9548954411,439501,42.347280032727845,-71.08846481875297
2237,Pink Carrot,,115 Salem,Boston,MA,02113,Active,FT,Eating & Drinking w/ Take Out,2021-09-20 13:25:42.023+00,8572335206,121701,42.36441399947714,-71.05537200181108
2238,Pin Ming Bubble Tea,,5 Beach,Boston,MA,02111,Active,FT,Eating & Drinking w/ Take Out,2015-08-14 15:12:39.023+00,6179590309,358898,42.35143819929743,-71.06254395903927
2239,Pino's Pizza House,,1918 Beacon,Brighton,MA,02135,Active,FT,Eating & Drinking w/ Take Out,2006-12-07 18:33:51+00,6175666468,10006,42.336526999990646,-71.14915100148372
2240,Pita Thyme,,112 Water,Boston,MA,02109,Active,FT,Eating & Drinking w/ Take Out,2012-09-13 12:51:59+00,9784575444,332905,42.358189999703015,-71.05486000110287
2241,Pixlcat Coffee - Lower Level,,32 Cambridge,Charlestown,MA,02129,Active,FT,Eating & Drinking w/ Take Out,2025-05-05 19:20:00.037+00,6177180188,25110,42.383569999309664,-71.0743500017016
2242,Pixlcat Coffee - Upper Level,,32 Cambridge,Charlestown,MA,02129,Active,FT,Eating & Drinking w/ Take Out,2025-05-05 19:20:55.987+00,6177180188,25110,42.383569999309664,-71.0743500017016
2243,Pizza 10,,4 Jersey,Boston,MA,02215,Active,FT,Eating & Drinking w/ Take Out,2008-11-16 16:04:41+00,7742054363,424258,42.34673007807398,-71.0986629781914
2244,Pizza 24,,301 Adams,Dorchester,MA,02122,Active,FT,Eating & Drinking w/ Take Out,2022-09-15 19:51:50.593+00,6178222444,157699,42.29907354220737,-71.05802988656231
2245,Pizza Bar - Kitchen 126,,94 Shirley,Roxbury,MA,02119,Active,FT,Eating & Drinking w/ Take Out,2023-07-10 14:29:30.69+00,6178991442,127222,42.32448468232285,-71.07021644447491
2246,Pizza Project,,525 Western,Brighton,MA,02135,Active,FT,Eating & Drinking w/ Take Out,2023-03-20 17:28:42.647+00,9788085637,148220,42.36174899392653,-71.1451990845174
2247,Pizza Stop,,851 Harrison,Roxbury,MA,02118,Active,FS,Eating & Drinking,2013-08-15 12:19:58+00,6174274054,70068,42.33474000007997,-71.07567000090745
2248,Pizzatalia,,618 Shawmut,Roxbury,MA,02118,Active,FT,Eating & Drinking w/ Take Out,2006-12-07 18:35:28+00,6175414040,126453,42.33536000039974,-71.08059000060679
2249,Pizzeria 260,,260 Broadway,South Boston,MA,02127,Active,FT,Eating & Drinking w/ Take Out,2020-01-14 16:19:30.037+00,6172689600,388284,42.33940999974463,-71.05138000161982
2250,Pizzeria Regina,,11H Thacher,Boston,MA,02113,Active,FS,Eating & Drinking,2007-04-01 14:30:33+00,3392190466,170324,42.36545000017314,-71.05690000130586
2251,Pizzeria Regina Of South Station,,700 Atlantic,Boston,MA,02111,Active,FT,Eating & Drinking w/ Take Out,2006-12-07 18:36:03+00,6172616600,156723,42.35204827404688,-71.0551747507777
2252,Pizzeria Rustico,,85 Canal,Boston,MA,02114,Active,FS,Eating & Drinking,2020-11-18 16:38:49.82+00,8572652135,361903,42.36434999981117,-71.05967000088378
2253,Playa Bowls,PB Husky  LLC,277 Huntington,Boston,MA,02115,Active,FS,Eating & Drinking,2019-09-23 18:41:53.253+00,6177800303,255002,42.34205000030389,-71.08639000088945
2254,Playa Bowls,,2193 Commonwealth,Brighton,MA,02135,Active,FT,Eating & Drinking w/ Take Out,2018-11-30 20:21:56.213+00,6177800303,39669,42.34029399999809,-71.16640500100479
2255,Playa Bowls,,471 Broadway,South Boston,MA,02127,Active,FT,Eating & Drinking w/ Take Out,2025-01-07 15:22:37.743+00,6177800303,21554,42.33555999989749,-71.04620000154063
2256,Plaza Cafe,,274 Tremont,Boston,MA,02116,Active,FT,Eating & Drinking w/ Take Out,2019-12-17 17:51:09.88+00,6179099143,422817,42.34992000019643,-71.06497000143976
2257,Pleasant Cafe,,4511 Washington,Roslindale,MA,02131,Active,FS,Eating & Drinking,2006-12-07 18:33:56+00,6173232111,145298,42.27877108919591,-71.13675976627238
2258,PLNT Burger,,348 Harrison,Roxbury,MA,02118,Active,FT,Eating & Drinking w/ Take Out,2022-03-24 14:16:42.71+00,6178622989,354015,42.34515158034419,-71.0628322024424
2259,PO6/BO7/PBD,Aramark Corporation,4 Jersey,Boston,MA,02215,Active,FT,Eating & Drinking w/ Take Out,2008-11-16 16:03:29+00,7742054363,424258,42.34673007807398,-71.0986629781914
2260,POCKETS BILLIARD CLUB,,981 Bennington,East Boston,MA,02128,Active,FS,Eating & Drinking,2006-12-07 18:34:45+00,6175675163,157020,42.38626743209589,-71.00737920912735
2261,POE-Lenta Italian Cafe,,201 Brookline,Boston,MA,02215,Active,FT,Eating & Drinking w/ Take Out,2024-10-31 14:28:59.36+00,8573503344,340960,42.34486239691058,-71.10160474147757
2262,POE-Lenta italian Cafe - Kiosk#31,,80 Causeway,Boston,MA,02114,Active,FT,Eating & Drinking w/ Take Out,2026-02-02 15:45:30.303+00,6176050134,423633,42.36553349531547,-71.06185622592876
2263,Poke Bar & Kitchen,,309 Huntington,Boston,MA,02115,Active,FS,Eating & Drinking,2018-10-26 13:46:42.6+00,6172666080,166407,42.341186691397674,-71.08764709356569
2264,Poke By Love Art,,97 Beverly,Boston,MA,02114,Active,FT,Eating & Drinking w/ Take Out,2019-05-13 19:36:35.477+00,,419694,42.3655510630171,-71.05936272833364
2265,Poke City,,63 Broad,Boston,MA,02109,Active,FT,Eating & Drinking w/ Take Out,2020-02-27 15:46:30.89+00,,422893,42.357599999836594,-71.05393000159908
2266,Poke Works,,200 Faneuil Hall Marketplace,Boston,MA,02109,Active,FT,Eating & Drinking w/ Take Out,2021-12-16 19:09:23.377+00,4014970404,156093,42.36019981607993,-71.05479820374326
2267,Pollo Campero,,188 Border,East Boston,MA,02128,Active,FS,Eating & Drinking,2011-02-10 13:08:21+00,6175689500,162343,42.37540597602122,-71.0404850968679
2268,Pollo Centro,,223 Bowdoin,Dorchester,MA,02122,Active,FS,Eating & Drinking,2016-02-29 17:20:03.863+00,8578917920,17683,42.30569000014407,-71.06733000154361
2269,Pollos A La Brasa Beto's,,294 Bennington,East Boston,MA,02128,Active,FS,Eating & Drinking,2020-02-12 14:50:21.033+00,6175616005,14705,42.379086999927544,-71.02844100155863
2270,Pomona,,18 Meridian,East Boston,MA,02128,Active,FT,Eating & Drinking w/ Take Out,2025-09-23 16:09:51.23+00,8572410217,94408,42.37073000025266,-71.03915000144357
2271,Popeyes,,1630 VFW,West Roxbury,MA,02132,Active,FT,Eating & Drinking w/ Take Out,2019-02-27 14:29:49.07+00,,140327,42.26501999963492,-71.16767000202496
2272,Popeyes,,300 Martin Luther King Jr,Roxbury,MA,02119,Active,FT,Eating & Drinking w/ Take Out,2015-08-31 14:29:30.85+00,6144778252,91767,42.319437000517304,-71.0825210007
2273,Popeyes,,710 American Legion,Roslindale,MA,02131,Active,FT,Eating & Drinking w/ Take Out,2015-08-31 14:23:06.19+00,6144778252,352569,42.28333399996544,-71.1120340008887
2274,Porrazzo Skating Rink,,199 Coleridge,East Boston,MA,02128,Active,FT,Eating & Drinking w/ Take Out,2026-01-08 15:48:20.03+00,6175679571,352669,42.38233694586713,-71.01177016214747
2275,PORTER BELLY'S,,338 Washington,Brighton,MA,02135,Active,FS,Eating & Drinking,2006-12-07 18:35:05+00,6172543300,158225,42.348901712778364,-71.15252935410965
2276,Porto,,780 Boylston,Boston,MA,02199,Active,FS,Eating & Drinking,2015-12-14 17:21:41.61+00,6176807883,18397,42.348161914557686,-71.08088693436764
2277,Posto,,1357 Washington,Roxbury,MA,02118,Active,FS,Eating & Drinking,2018-02-26 16:44:38.72+00,6176250600,157239,42.34165000737948,-71.069280568739
2278,Potbelly Sandwich Shop,,1 Federal,Boston,MA,02110,Active,FT,Eating & Drinking w/ Take Out,2012-08-30 14:27:59+00,,57149,42.356099999821765,-71.05695000137317
2279,Potbelly Sandwich Shop,,200 Terminal,East Boston,MA,02128,Active,FT,Eating & Drinking w/ Take Out,2018-04-10 17:01:04.8+00,,341353,42.362677345436204,-71.01863498065062
2280,Potbelly Sandwich Shop,,263 Washington,Boston,MA,02108,Active,FT,Eating & Drinking w/ Take Out,2023-03-09 17:44:08.61+00,6179330140,352215,42.35781492783727,-71.05823311042064
2281,Potbelly Sandwich Shop,,300 Terminal,East Boston,MA,02128,Active,FT,Eating & Drinking w/ Take Out,2020-02-11 17:03:27.737+00,2026954677,,,
2282,Potluck Cafe,,7 Knapp,Boston,MA,02111,Active,FS,Eating & Drinking,2007-04-22 19:52:28+00,6174821188,82296,42.35116999976425,-71.06197000051574
2283,POYOS - Lower Level,,32 Cambridge,Charlestown,MA,02129,Active,FT,Eating & Drinking w/ Take Out,2025-09-22 13:27:56.57+00,7864240205,25110,42.383569999309664,-71.0743500017016
2284,Premium Market,,100 Legends,Boston,MA,02114,Active,FT,Eating & Drinking w/ Take Out,2009-02-01 16:27:41+00,6176241610,,,
2285,PRESIDENT'S SUITE,,21 ST THOMAS MOORE,CHESTNUT HILL,MA,02467,Active,FS,Eating & Drinking,2007-03-23 20:32:09+00,6175523181,,,
2286,Press Bar,,135 William T Morrissey,Dorchester,MA,02125,Active,FT,Eating & Drinking w/ Take Out,2023-08-29 16:18:24.703+00,6178708809,149908,42.316009999648365,-71.04921000041936
2287,Pressed,,148 Brookline,Boston,MA,02215,Active,FT,Eating & Drinking w/ Take Out,2021-06-24 15:32:59.097+00,9174266220,351853,42.34456908443261,-71.10065583330997
2288,Pressed Cafe,,800 Boylston,Boston,MA,02199,Active,FS,Eating & Drinking,2019-12-20 14:55:20.99+00,,414389,42.347160000290465,-71.08251000130132
2289,Pressed Cafe Seaport,,43-61 Pier 4,Boston,MA,02210,Active,FS,Eating & Drinking,2024-10-30 14:08:55.72+00,6035771606,439658,42.35006670298421,-71.04499889871157
2290,Pressed Juicery,,288 Newbury,Boston,MA,02115,Active,FT,Eating & Drinking w/ Take Out,2017-03-10 13:57:56.053+00,3104777171,101522,42.34884000000788,-71.08449000152565
2291,Press Room @ Alamo Drafthouse,,23 Northern,Boston,MA,02210,Active,FS,Eating & Drinking,2023-02-21 16:07:25.57+00,,352651,42.353425169987005,-71.0476118790756
2292,PREZZA,,24 Fleet,Boston,MA,02113,Active,FS,Eating & Drinking,2006-12-07 18:35:14+00,6172271577,58634,42.36466999983338,-71.05276000173505
2293,P & R ICE CREAM,,1284 BLUE HILL ,MATTAPAN,MA,02126,Active,FT,Eating & Drinking w/ Take Out,2006-12-07 18:34:11+00,6172960922,,42.27993749221279,-71.09258166516624
2294,Prietos Empanadas,,196 Humboldt,Dorchester,MA,02121,Active,FT,Eating & Drinking w/ Take Out,2024-10-18 17:35:27.787+00,6172971937,75977,42.31272999946185,-71.08959500035334
2295,Prima,,12 Park,Charlestown,MA,02129,Active,FS,Eating & Drinking,2023-01-03 18:26:25.127+00,6179607886,342759,42.37235755625694,-71.06159056311763
2296,Prime Shoppe,,104-112 Faneuil Hall Mkt,Boston,MA,02109,Active,FT,Eating & Drinking w/ Take Out,2007-11-05 19:49:07+00,6175231206,,,
2297,PRIMO'S RESTAURANT,,28 Myrtle,Boston,MA,02114,Active,FS,Eating & Drinking,2006-12-07 18:35:19+00,6174379000,99693,42.3592200006223,-71.0655700017171
2298,Professor Pizza - Lower Level,,32 Cambridge,Charlestown,MA,02129,Active,FT,Eating & Drinking w/ Take Out,2025-12-17 17:23:50.64+00,3129339978,25110,42.383569999309664,-71.0743500017016
2299,Professor Pizza - Upper Level,,32 Cambridge,Charlestown,MA,02129,Active,FT,Eating & Drinking w/ Take Out,2025-12-17 17:24:06.793+00,3129339978,25110,42.383569999309664,-71.0743500017016
2300,Proof Pizzeria,,1304 Commonwealth,Allston,MA,02134,Active,FS,Eating & Drinking,2025-01-31 15:35:34.573+00,5088409465,351758,42.34840289891212,-71.13415072693638
2301,Proper Fare,,700 Atlantic,Boston,MA,02111,Active,FT,Eating & Drinking w/ Take Out,2026-05-18 19:10:29.607+00,6172930835,156723,42.35204827404688,-71.0551747507777
2302,PROVIDENCE HOUSE SENIOR COMM.,,180 COREY,BRIGHTON,MA,02135,Active,FS,Eating & Drinking,2006-12-07 18:35:54+00,6177310565,,42.34334774561313,-71.14006088652998
2303,Prow/Max Cafe @Emerson,,150 Boylston,Boston,MA,02116,Active,FS,Eating & Drinking,2018-06-05 18:50:28.1+00,7043284375,18104,42.35226599956283,-71.06649700092804
2304,P & R Restaurant & Ice Cream Parlor,,208 Dudley,Roxbury,MA,02119,Active,FT,Eating & Drinking w/ Take Out,2014-09-29 14:31:28.49+00,6172902147,49647,42.32863000089644,-71.08105000075497
2305,PS Coffee,,4252 Washington,Roslindale,MA,02131,Active,FT,Eating & Drinking w/ Take Out,2015-10-26 16:17:46.42+00,6172695622,157235,42.285411868144074,-71.12897803489294
2306,PS Gourmet Coffee,,782 Adams,Dorchester,MA,02122,Active,FT,Eating & Drinking w/ Take Out,2020-09-30 14:01:07.46+00,6172695622,383125,42.28307999960443,-71.05560000143174
2307,Publico,,11 Dorchester,South Boston,MA,02127,Active,FS,Eating & Drinking,2017-02-01 22:51:58.36+00,6172815201,48841,42.337185770156175,-71.04358667311958
2308,PuddingStone Tavern,,1592 Tremont,Mission Hill,MA,02120,Active,FS,Eating & Drinking,2018-02-07 20:33:19.683+00,6176083152,351757,42.33345600004627,-71.10315300070735
2309,Pueblo Viejo,,309 Bennington,East Boston,MA,02128,Active,FT,Eating & Drinking w/ Take Out,2015-05-01 14:58:04.53+00,6175619333,14712,42.37888799962679,-71.027796000662
2310,Pueblo Viejo Pupuseria & Mexican Grill,,170 Marion,East Boston,MA,02128,Active,FS,Eating & Drinking,2014-02-11 15:46:11+00,6175610011,89976,42.37602800004081,-71.03554100139596
2311,Pueblo Viejo's Cafe,,300 Saratoga,East Boston,MA,02128,Active,FS,Eating & Drinking,2018-12-19 18:32:55.217+00,7813221231,391711,42.37841999968443,-71.031940001614
2312,PunJab Palace,,109 Brighton,Allston,MA,02134,Active,FS,Eating & Drinking,2025-11-26 15:17:52.957+00,6172541500,404386,42.353020000151425,-71.1305200014605
2313,PUNTO ROJO,,16 Bennington,East Boston,MA,02128,Active,FT,Eating & Drinking w/ Take Out,2006-12-07 18:35:25+00,5697770000,14624,42.37528999983556,-71.0383000016197
2314,Pu Pu Restaurant,,2060 Centre,West Roxbury,MA,02132,Active,FT,Eating & Drinking w/ Take Out,2018-01-24 18:18:44.923+00,6173233526,27787,42.27985999933153,-71.15831000052292
2315,Pure Green Boston,,1135 Harrison,Roxbury,MA,02119,Active,FT,Eating & Drinking w/ Take Out,2024-12-18 16:06:21.42+00,8578695445,69795,42.330055572414196,-71.08225130024726
2316,Puritan Restaurant,,735 William T Morrissey,Dorchester,MA,02122,Active,FT,Eating & Drinking w/ Take Out,2022-03-01 17:14:02.26+00,6179426743,155698,42.29543686504814,-71.04885187849986
2317,Puro,,264 Newbury,Boston,MA,02116,Active,FT,Eating & Drinking w/ Take Out,2023-02-21 20:05:01.91+00,6172016996,101477,42.34919999957457,-71.0831200014571
2318,PURPLE CACTUS,,674 Centre,Jamaica Plain,MA,02130,Active,FT,Eating & Drinking w/ Take Out,2006-12-07 18:35:07+00,6175227588,28158,42.31214000052943,-71.11395000138471
2319,Puttshack,,131 Seaport,Boston,MA,02210,Active,FS,Eating & Drinking,2021-09-29 18:48:19.67+00,6172957888,421661,42.34995272449128,-71.04434465402845
2320,Qdoba Mexican Eats,,189 Massachusetts,Boston,MA,02115,Active,FT,Eating & Drinking w/ Take Out,2024-12-24 14:15:25.647+00,8587618934,92019,42.34531000081049,-71.08717000082132
2321,Qdoba Mexican Eats #2592,,101 Causeway,Boston,MA,02114,Active,FT,Eating & Drinking w/ Take Out,2009-05-08 17:47:46+00,6172480763,26496,42.36485999955391,-71.0618500014585
2322,Qiao Lin Hotpot,,392 Cambridge,Allston,MA,02134,Active,FS,Eating & Drinking,2022-07-14 16:35:11.023+00,3125509735,162847,42.354885543275195,-71.13340392268945
2323,QUATTRO RISTORANTE  GRILL & PIZZERIA,,264 Hanover,Boston,MA,02113,Active,FS,Eating & Drinking,2006-12-07 18:34:52+00,6177200444,155960,42.36365715359554,-71.05483080722311
2324,Que Arepa En Tertulias Cafe,,26 Porter,East Boston,MA,02128,Active,FS,Eating & Drinking,2015-04-28 14:18:49.003+00,6173610707,112267,42.37460999985671,-71.03786000091044
2325,Raffles Boston - Amar 17th Fl.,,40 Trinity,Boston,MA,02116,Active,FS,Eating & Drinking,2023-03-16 18:00:44.89+00,6173518888,341077,42.34840397218441,-71.07503502538228
2326,Raffles Boston-Blind Duck 17th Fl.,,40 Trinity,Boston,MA,02116,Active,FS,Eating & Drinking,2023-03-16 18:00:43.09+00,6173518888,341077,42.34840397218441,-71.07503502538228
2327,Raffles Boston-Blind Duck 18th Fl.,,40 Trinity,Boston,MA,02116,Active,FS,Eating & Drinking,2023-03-16 18:00:43.637+00,6173518888,341077,42.34840397218441,-71.07503502538228
2328,Raffles Boston-Cafe Pastel - 1st Floor,,40 Trinity,Boston,MA,02116,Active,FT,Eating & Drinking w/ Take Out,2023-03-16 17:57:57.157+00,6173518888,341077,42.34840397218441,-71.07503502538228
2329,Raffles Boston-Cafeteria,,40 Trinity,Boston,MA,02116,Active,FS,Eating & Drinking,2023-03-16 18:17:07.893+00,6173518888,341077,42.34840397218441,-71.07503502538228
2330,Raffles Boston-Long Bar 17th Floor,,40 Trinity,Boston,MA,02116,Active,FS,Eating & Drinking,2023-03-16 18:00:44.387+00,6173518888,341077,42.34840397218441,-71.07503502538228
2331,Rail Stop,,94 Guest,Brighton,MA,02135,Active,FS,Eating & Drinking,2016-10-27 14:17:19.08+00,9782829700,420750,42.35718565695836,-71.14247702447271
2332,Raising Cane's Chicken Fingers,,101 Arch,Boston,MA,02110,Active,FT,Eating & Drinking w/ Take Out,2023-10-17 16:29:22.24+00,,352019,42.35513529865053,-71.05919684996269
2333,Raising Cane's Chicken Fingers,,755 Boylston,Boston,MA,02116,Active,FS,Eating & Drinking,2022-02-01 16:16:50.303+00,,18389,42.34938178342068,-71.08105918104656
2334,Raising Cane's Chicken Fingers,,949 Commonwealth,Boston,MA,02215,Active,FS,Eating & Drinking,2021-02-03 23:47:10.123+00,6173583932,41309,42.351888000129286,-71.118709001533
2335,Rally Upcycle Kitchen - Lower Level,,32 Cambridge,Charlestown,MA,02129,Active,FT,Eating & Drinking w/ Take Out,2025-06-24 16:40:06.13+00,6177180188,25110,42.383569999309664,-71.0743500017016
2336,Ralphs Coffee,,131 Seaport,Boston,MA,02210,Active,FT,Eating & Drinking w/ Take Out,2026-06-29 13:56:27.92+00,5163069245,451030,42.35037784186645,-71.04372501812007
2337,RAMADA INN,,800 WM T MORRISSEY ,DORCHESTER,MA,02122,Active,FS,Eating & Drinking,2006-12-07 18:35:35+00,6172879100,,42.29505140273142,-71.04695084329114
2338,Ramsay's Kitchen,,774 Boylston,Boston,MA,02199,Active,FS,Eating & Drinking,2021-07-22 15:06:32.45+00,,355914,42.34870099983371,-71.08163200109793
2339,Raphael's Restaurant,,487 Washington,Dorchester,MA,02124,Active,FS,Eating & Drinking,2023-12-27 20:36:47.457+00,,352664,42.2946410407221,-71.07218458432035
2340,Rapid 7,,120 Causeway,Boston,MA,02114,Active,FT,Eating & Drinking w/ Take Out,2021-07-27 13:22:16.003+00,6173047349,423634,42.36594152291014,-71.0610042190779
2341,Ray & Joan Krok Community Center,,650 Dudley,Dorchester,MA,02125,Active,FS,Eating & Drinking,2011-03-14 17:00:37+00,6173186900,49820,42.31931056512163,-71.06964679609625
2342,Rebecca's Cafe,,255 Saint Botolph,Boston,MA,02115,Active,FS,Eating & Drinking,2019-05-16 19:32:04.927+00,6175851288,352423,42.341432095215914,-71.0853953655197
2343,Rebel's Guild,,196 Stuart,Boston,MA,02116,Active,FS,Eating & Drinking,2014-12-18 15:58:54.883+00,6174821800,131640,42.35053000016123,-71.06757000070138
2344,Red Line Pizza and Grill,,582 Dorchester,South Boston,MA,02127,Active,FT,Eating & Drinking w/ Take Out,2011-10-12 12:22:57+00,6174643003,341157,42.329935838143236,-71.05676182189084
2345,Red Red & Poppa B's,,2306 Washington,Roxbury,MA,02119,Active,FS,Eating & Drinking,2025-01-13 17:44:40.17+00,6172837685,156237,42.33016244920374,-71.08377520719074
2346,Red's Best,HSI MCA BOS FB  LLC,300 Terminal,East Boston,MA,02128,Active,FT,Eating & Drinking w/ Take Out,2019-06-27 15:45:11.16+00,6176346097,341352,42.3666199526667,-71.016589349149
2347,Red White,,294 Newbury,Boston,MA,02115,Active,FT,Eating & Drinking w/ Take Out,2018-09-05 15:05:29.23+00,6173727221,101529,42.34877600000928,-71.08471900144036
2348,Reelhouse Oyster Bar,,10 Waterside,Boston,MA,02210,Active,FS,Eating & Drinking,2019-08-13 19:37:57.923+00,6176482528,421650,42.35464829184255,-71.04377564827836
2349,Reelhouse Restaurant,,10 New,East Boston,MA,02128,Active,FS,Eating & Drinking,2016-08-25 13:58:57.997+00,,355544,42.37115834215617,-71.04394006774729
2350,Regina's (up),,1 FANEUIL HALL MKT PL,BOSTON,MA,02109,Active,FT,Eating & Drinking w/ Take Out,2007-04-01 14:23:15+00,3392190466,,42.36002999999229,-71.0562400012183
2351,Reis Bakery @ BPM,,100 Hanover,Boston,MA,02108,Active,FT,Eating & Drinking w/ Take Out,2026-06-08 15:44:14.407+00,8572618357,355634,42.36222403255521,-71.05753575641967
2352,Renaissance Hotel (Club Lounge),,606 Congress,Boston,MA,02210,Active,FS,Eating & Drinking,2013-11-08 20:21:41+00,6174765606,42120,42.34794214664611,-71.03951256022759
2353,Renaissance Hotel (Employee Cafe),,606 Congress,Boston,MA,02210,Active,FS,Eating & Drinking,2013-11-08 20:30:09+00,6174765606,42120,42.34794214664611,-71.03951256022759
2354,Renaissance Hotel (Lobby Lounge/Capiz),,606 Congress,Boston,MA,02210,Active,FS,Eating & Drinking,2013-11-08 19:45:13+00,6174765606,42120,42.34794214664611,-71.03951256022759
2355,Renaissance Hotel (Main Kitchen),,606 Congress,Boston,MA,02210,Active,FS,Eating & Drinking,2013-11-08 19:13:31+00,6174765606,42120,42.34794214664611,-71.03951256022759
2356,Renaissance Hotel (Starbucks),,606 Congress,Boston,MA,02210,Active,FT,Eating & Drinking w/ Take Out,2013-11-08 20:35:11+00,6174765606,42120,42.34794214664611,-71.03951256022759
2357,Renegades Pub,,1004 Bennington,East Boston,MA,02128,Active,FS,Eating & Drinking,2016-08-22 14:14:27.737+00,6032472822,391046,42.38688999987881,-71.00680000137123
2358,Residence Inn,,2001 Washington,Roxbury,MA,02119,Active,FS,Eating & Drinking,2017-09-07 15:30:06.797+00,6038976100,419940,42.33345346333093,-71.08105213577026
2359,Residence Inn by Marriott,,370 Congress,Boston,MA,02210,Active,FS,Eating & Drinking,2018-11-20 20:04:01.353+00,6174780840,422831,42.350214488209524,-71.04789734276035
2360,RESIDENCE INN BY MARRIOTT BOS,,34 CHARLES RIVER ,CHARLESTOWN,MA,02128,Active,FS,Eating & Drinking,2006-12-07 18:35:47+00,6172429000,,,
2361,Residence Inn Fenway - Boston,,121 Brookline,Boston,MA,02215,Active,FS,Eating & Drinking,2012-02-16 18:14:32+00,6172624646,172842,42.34593739908433,-71.10064186092588
2362,Restaurant Associates @ Amazon,,253 Summer,Boston,MA,02210,Active,FS,Eating & Drinking,2017-12-07 19:38:32.267+00,6175125908,131986,42.350169999158695,-71.05127000189427
2363,Restaurante Cesaria,,266 Bowdoin,Dorchester,MA,02122,Active,FS,Eating & Drinking,2006-12-07 18:35:37+00,6172813307,17701,42.30689663022184,-71.06663165204796
2364,RESTAURANT MONTECRISTO,,35 WM C KELLY,EAST BOSTON,MA,02128,Active,FS,Eating & Drinking,2006-12-07 18:36:09+00,6175694114,,,
2365,Reunion,,71 Broadway,South Boston,MA,02127,Active,FS,Eating & Drinking,2024-10-22 12:20:38.947+00,8579983501,21571,42.34179145812837,-71.05575132036353
2366,Reunion BBQ,,439 Tremont,Boston,MA,02116,Active,FS,Eating & Drinking,2022-05-16 17:06:48+00,8572581803,137482,42.34679000000072,-71.06942000172793
2367,REV Bar LL,,40 Berkeley,Boston,MA,02116,Active,FS,Eating & Drinking,2018-03-30 14:22:00.437+00,6172670006,15025,42.34594000010057,-71.07090000110264
2368,Revival,,1 Post Office,Boston,MA,02110,Active,FS,Eating & Drinking,2019-02-12 20:30:32.34+00,6176655899,158388,42.35679785015295,-71.05498123792066
2369,Revival Cafe & Kitchen,,15 Necco,Boston,MA,02210,Active,FT,Eating & Drinking w/ Take Out,2024-07-02 13:49:29.657+00,6176655899,421292,42.34896823128683,-71.05132367358448
2370,Revival Cafe & Kitchen,,30 Western,Allston,MA,02134,Active,FT,Eating & Drinking w/ Take Out,2026-02-25 15:55:44.02+00,6176349367,456798,42.36361843600092,-71.12181988860992
2371,Revival Cafe & Kitchen,,50 Milk,Boston,MA,02109,Active,FT,Eating & Drinking w/ Take Out,2023-05-04 18:30:05.307+00,6176655899,95446,42.3570099997988,-71.05761000181433
2372,RHYTHM 'N WRAPS,,1092 Commonwealth,Boston,MA,02446,Active,FS,Eating & Drinking,2018-04-13 13:50:02.977+00,6175664144,163736,42.35175073627082,-71.12415806891677
2373,RICCARDO'S RISTORANTE,,175 North,Boston,MA,02113,Active,FS,Eating & Drinking,2006-12-07 18:34:36+00,6177203994,103529,42.36318000071611,-71.05376000094753
2374,Richy's,,1461 River,Hyde Park,MA,02136,Active,FS,Eating & Drinking,2006-12-07 18:34:05+00,6173611545,155735,42.25194058694729,-71.1311907590223
2375,Rico Sazon,,130 Newmarket,Roxbury,MA,02118,Active,FT,Eating & Drinking w/ Take Out,2026-05-11 14:08:11.143+00,6175048287,156928,42.33041696194177,-71.06670905332246
2376,Right Field Inseat,,4 Jersey,Boston,MA,02215,Active,FT,Eating & Drinking w/ Take Out,2010-07-20 14:05:02+00,6175366683,156417,42.346768333561606,-71.09864788266272
2377,Right Field Pantry,,4 Jersey,Boston,MA,02215,Active,FT,Eating & Drinking w/ Take Out,2011-04-08 18:30:56+00,6175366683,156417,42.346768333561606,-71.09864788266272
2378,Right Taste Jamaican Restaurant,,522 RIVER,MATTAPAN,MA,02126,Active,FS,Eating & Drinking,2009-01-29 14:48:51+00,6172960607,,,
2379,Rincon Caribeno Restaurant,,18 Fairmount,Hyde Park,MA,02136,Active,FS,Eating & Drinking,2017-07-21 13:38:56.36+00,6173609775,156920,42.25569365281734,-71.1208001365584
2380,Rinconcito Salvadoreno,,313 Meridian,East Boston,MA,02128,Active,FS,Eating & Drinking,2022-06-02 19:37:17.123+00,6174187718,167627,42.37749752449976,-71.03894768028904
2381,RINCON LIMENO,,409 Chelsea,East Boston,MA,02128,Active,FS,Eating & Drinking,2006-12-07 18:35:14+00,5694942,30549,42.379860000599386,-71.02689000153711
2382,RINO'S PIZZA,,730 Blue Hill,Dorchester,MA,02121,Active,FT,Eating & Drinking w/ Take Out,2006-12-07 18:36:28+00,6178225134,156903,42.299853865292086,-71.08604386802297
2383,RINO'S PLACE,,256 SARATOGA,EAST BOSTON,MA,02128,Active,FT,Eating & Drinking w/ Take Out,2006-12-07 18:34:10+00,6174136390,,,
2384,Ripple Cafe,,1906 Dorchester,Dorchester,MA,02124,Active,FS,Eating & Drinking,2019-02-06 18:16:43.99+00,5088130028,,,
2385,RISTORANTE EUNO,,119 Salem,Boston,MA,02113,Active,FS,Eating & Drinking,2006-12-07 18:34:52+00,6175739406,121721,42.36453099994746,-71.05537100214487
2386,Ristorante Toscano Inc.,,41 Charles,Boston,MA,02108,Active,FS,Eating & Drinking,2006-12-07 18:33:55+00,7234090,29158,42.35740600018936,-71.06985500159759
2387,Rite: Tea & Espresso Bar,,525 Western,Brighton,MA,02135,Active,FT,Eating & Drinking w/ Take Out,2023-06-29 18:22:26.44+00,,148220,42.36174899392653,-71.1451990845174
2388,RITZ-CARLTON BOSTON COMMON,,10 Avery,Boston,MA,02111,Active,FS,Eating & Drinking,2006-12-07 18:35:26+00,6175747100,7013,42.35308600010242,-71.06333600060411
2389,RIVERSIDE CAFE-LEV1,,32 Fruit,Boston,MA,02114,Active,FS,Eating & Drinking,2006-12-07 18:36:13+00,6177262522,158296,42.361863648085055,-71.06955010027713
2390,RIVER STREET GRILL,,73 River,Mattapan,MA,02126,Active,FT,Eating & Drinking w/ Take Out,2020-01-31 16:23:00.447+00,6172961813,116713,42.27157000003817,-71.07364000091545
2391,RIZZO'S PIZZA,,347 Centre,Jamaica Plain,MA,02130,Active,FT,Eating & Drinking w/ Take Out,2006-12-07 18:35:44+00,6175226480,27993,42.322739999437125,-71.10644000182107
2392,Roadrunner,,89 Guest,Brighton,MA,02135,Active,FS,Eating & Drinking,2022-03-02 17:13:43.67+00,,439500,42.356528370306556,-71.14446425062181
2393,Rocco's Cucina & Bar,,450 Commercial,Boston,MA,02113,Active,FS,Eating & Drinking,2006-12-07 18:35:31+00,6175234055,36762,42.36731999948314,-71.05335000126858
2394,Rocco's Sports and Recreation,,131 Seaport,Boston,MA,02210,Active,FS,Eating & Drinking,2025-01-15 17:34:26.113+00,4136861197,451030,42.35037784186645,-71.04372501812007
2395,RoChambeau,Hynes Fine Dining  LLC,880 Boylston,Boston,MA,02199,Active,FS,Eating & Drinking,2010-05-13 19:04:22+00,6175232727,18415,42.347530000607804,-71.08411000220546
2396,ROCHE BROS. SUPERMARKET,,1800 Centre,West Roxbury,MA,02132,Active,FS,Eating & Drinking,2006-12-07 18:35:32+00,6174695747,157307,42.28629905306037,-71.15200687197795
2397,Roche Brothers Supermarket,,10 Summer,Boston,MA,02110,Active,FS,Eating & Drinking,2015-04-28 12:48:59.047+00,,352683,42.35541816090066,-71.059905500204
2398,Rock Bottom Brewery,,115 Stuart,Boston,MA,02116,Active,FS,Eating & Drinking,2020-12-30 15:51:07.747+00,6177422739,156115,42.35137725876473,-71.06548155258062
2399,Rock City Pizza,,568 Cambridge,Allston,MA,02134,Active,FT,Eating & Drinking w/ Take Out,2013-09-04 18:06:39+00,6177827625,157337,42.3522946470654,-71.14043913163351
2400,Rock & Rye,,57 Stuart,Boston,MA,02116,Active,FS,Eating & Drinking,2024-04-23 16:04:41.663+00,8572399410,156368,42.3512354664241,-71.06426909335094
2401,Rod Thai Family Taste,,94 Peterborough,Boston,MA,02215,Active,FS,Eating & Drinking,2019-07-05 11:53:21.633+00,,157105,42.34302058554497,-71.09922949279412
2402,Rogers Fish Co.,,100 Terminal,East Boston,MA,02128,Active,FT,Eating & Drinking w/ Take Out,2025-09-15 18:55:48.67+00,,341357,42.364539860564015,-71.02181743285618
2403,Rolls Sushi,,21 Dry Dock,Boston,MA,02210,Active,FT,Eating & Drinking w/ Take Out,2023-09-27 14:27:13.54+00,6177929356,164542,42.344239512372,-71.03113360993106
2404,Rome Pizza,,416 Tremont,Roxbury,MA,02118,Active,FT,Eating & Drinking w/ Take Out,2006-12-07 18:34:48+00,,155943,42.34677877490687,-71.06856129787573
2405,Rondo's Sub Shop,,134 Broadway,South Boston,MA,02127,Active,FT,Eating & Drinking w/ Take Out,2006-12-07 18:34:09+00,6172690274,158152,42.34107219834101,-71.05401109261884
2406,Roof Top Pool at The Colonnade Hotel,,120 Huntington,Boston,MA,02116,Active,FS,Eating & Drinking,2022-05-23 16:08:17.55+00,6174247000,351913,42.345509999911236,-71.08107000054265
2407,Rooftop @ Revere Hotel,,200 Stuart,Boston,MA,02116,Active,FS,Eating & Drinking,2015-07-17 15:07:38.697+00,6174821800,155726,42.35053446249476,-71.0675701304141
2408,Ropes & Gray L L P,,800 BOYLSTON,BOSTON,MA,02199,Active,FS,Eating & Drinking,2010-09-22 13:05:46+00,6175265403,,,
2409,Rosa Mexicano,,155 SEAPORT,South Boston/,MA,02127,Active,FS,Eating & Drinking,2011-12-16 15:10:16+00,,0,,
2410,Rosa y Marigold,,1001 Boylston,Boston,MA,02215,Active,FS,Eating & Drinking,2025-03-03 15:53:14.523+00,6179099855,439501,42.347280032727845,-71.08846481875297
2411,Rose,,387 Chelsea,East Boston,MA,02128,Active,FS,Eating & Drinking,2023-08-07 12:43:13.113+00,6178740164,351067,42.37954136987806,-71.02729192231973
2412,Rose & G Restaurant,,630 Hyde Park,Roslindale,MA,02131,Active,FS,Eating & Drinking,2025-04-25 15:21:32.997+00,6179427102,351550,42.278868332275316,-71.11893412359856
2413,ROSLINDALE HOUSE OF PIZZA,,4168 Washington,Roslindale,MA,02131,Active,FT,Eating & Drinking w/ Take Out,2025-04-08 12:48:54.46+00,6173279170,157416,42.287818337036235,-71.12639907030534
2414,Roundhead Brewing Company,,1 Westinghouse,Hyde Park,MA,02136,Active,FS,Eating & Drinking,2021-05-06 18:36:41.627+00,3024194154,148470,42.24437126049495,-71.13236382320844
2415,Round Two Pizza and Subs,,10 Walk Hill,Jamaica Plain,MA,02130,Active,FT,Eating & Drinking w/ Take Out,2025-08-07 13:41:06.313+00,6174421402,170868,42.29585582745234,-71.11573333763465
2416,Routin Nutrition,,114 Chelsea,East Boston,MA,02128,Active,FS,Eating & Drinking,2023-08-16 14:37:08.71+00,5083266667,392468,42.372740893072404,-71.03569087291667
2417,Row 34,,381 Congress,Boston,MA,02210,Active,FS,Eating & Drinking,2013-04-11 14:14:21+00,,414676,42.34958999988006,-71.04764000161701
2418,Row 34,,498 Commonwealth,Boston,MA,02215,Active,FS,Eating & Drinking,2025-03-21 17:28:54.167+00,6176783082,351103,42.34849385820243,-71.09580840191721
2419,Rox Diner,,1881 Centre,West Roxbury,MA,02132,Active,FT,Eating & Drinking w/ Take Out,2007-07-19 20:49:14+00,6173271909,157834,42.28604379721597,-71.15566813864642
2420,Royale,,279 Tremont,Boston,MA,02116,Active,FS,Eating & Drinking,2006-12-07 18:34:20+00,2277699,155798,42.34996456706713,-71.06546709319537
2421,Royal Fried Chicken,,2360A Washington,Roxbury,MA,02119,Active,FT,Eating & Drinking w/ Take Out,2024-10-02 15:15:43.033+00,6174426927,171106,42.32936492422496,-71.084435232668
2422,ROYAL ROAST BEEF & SEAFOOD,,752 Bennington,East Boston,MA,02128,Active,FT,Eating & Drinking w/ Take Out,2006-12-07 18:33:51+00,6175677779,14931,42.38556999980058,-71.01084000155382
2423,Royal Rooters,,4 Jersey,Boston,MA,02215,Active,FS,Eating & Drinking,2012-04-11 13:57:49+00,6175366683,424258,42.34673007807398,-71.0986629781914
2424,Roza Lyons,,709 Broadway,South Boston,MA,02127,Active,FS,Eating & Drinking,2015-11-16 19:23:23.04+00,8574961328,21137,42.3354199998979,-71.03700000150722
2425,R&S Jamaican Restaurant,,36 Norfolk,Dorchester,MA,02124,Active,FT,Eating & Drinking w/ Take Out,2025-07-31 18:13:12.007+00,,103297,42.289220000514646,-71.07283000198227
2426,Ruka Restobar Nikkei,,505 Washington,Boston,MA,02111,Active,FS,Eating & Drinking,2016-06-08 14:32:26.207+00,8574450202,350866,42.354662028688345,-71.06168472997265
2427,Russ & Mimi's,,16 Birch,Roslindale,MA,02131,Active,FT,Eating & Drinking w/ Take Out,2024-04-30 15:21:30.663+00,,352005,42.286819000682144,-71.12987000069202
2428,Rutchada Thai Cuisine,,153 Belgrade,Roslindale,MA,02131,Active,FS,Eating & Drinking,2020-09-10 13:10:00.41+00,6179225079,399725,42.28642999999959,-71.13697000165403
2429,Ruthie's Juice Cafe,,1 First,Charlestown,MA,02129,Active,FT,Eating & Drinking w/ Take Out,2026-06-24 16:06:32.587+00,6174292167,157198,42.37526423631087,-71.0544850912379
2430,Ruth Mulan Chu Chao Center,,49 Harvard,Boston,MA,02163,Active,FS,Eating & Drinking,2014-08-08 15:16:39.73+00,6173845823,341114,42.36666611830482,-71.12024617282003
2431,Ruth's Chris Steak House,,45 School,Boston,MA,02108,Active,FS,Eating & Drinking,2006-12-07 18:36:26+00,4073337440,123779,42.35810999931701,-71.0593300012608
2432,Sabina,,253 Newbury,Boston,MA,02116,Active,FS,Eating & Drinking,2023-01-06 16:39:18.88+00,6179380355,101469,42.349709999701645,-71.08296000199117
2433,Sabor do Brasil,,174 Brighton,Allston,MA,02134,Active,FT,Eating & Drinking w/ Take Out,2015-03-31 17:10:48.927+00,6177820254,351694,42.352910000147475,-71.13293000079594
2434,Sabroso Taqueria,,2 Oliver,Boston,MA,02109,Active,FT,Eating & Drinking w/ Take Out,2014-10-23 15:00:42.243+00,6179016017,157798,42.35731223145276,-71.05455288666938
2435,Sabroso Taqueria,,3 CENTER PLAZA,BOSTON,MA,02109,Active,FT,Eating & Drinking w/ Take Out,2009-05-26 19:06:54+00,6172270101,,42.359177236371906,-71.06004084000419
2436,Safari African Restaurant,,950 American Legion,Hyde Park,MA,02136,Active,FS,Eating & Drinking,2025-06-30 19:57:52.41+00,6172960011,347022,42.27499294747374,-71.11477965533017
2437,Saigon Chicken House,,223 Adams,Dorchester,MA,02122,Active,FS,Eating & Drinking,2018-02-23 14:06:22.127+00,6174368888,156041,42.30147811661563,-71.06005665243343
2438,Saigon Fusion,,201 Massachusetts,Boston,MA,02115,Active,FS,Eating & Drinking,2019-05-22 19:15:56.093+00,6172361464,352036,42.345230000411,-71.08713000107298
2439,Saigon Hut,,305 Meridian,East Boston,MA,02128,Active,FS,Eating & Drinking,2015-07-31 18:19:34.007+00,6175671944,167625,42.37731320179382,-71.03903540415851
2440,Saigon One Restaurant,,1331 Dorchester,Dorchester,MA,02122,Active,FS,Eating & Drinking,2015-09-24 14:45:00.69+00,8576548378,48290,42.3052000000462,-71.05917000148975
2441,Saigon Seafood Restaurant,,270 Adams,Dorchester,MA,02122,Active,FS,Eating & Drinking,2016-05-02 16:16:56.853+00,6172651008,341009,42.299952783286734,-71.05853333617688
2442,Sakabayashi Sushi Tavern by Sushiro,,665 Boylston,Boston,MA,02116,Active,FS,Eating & Drinking,2023-10-18 16:22:07.327+00,,18372,42.34999000076794,-71.07875000043244
2443,Sakura Japan,,350 Longwood,Boston,MA,02115,Active,FT,Eating & Drinking w/ Take Out,2011-04-22 17:49:49+00,,156578,42.33817999970623,-71.10648000164196
2444,Sally's Apizza,,25 Jan Karski,Dorchester,MA,02125,Active,FS,Eating & Drinking,2025-02-27 17:43:03.663+00,,421286,42.325194557803286,-71.06117833204564
2445,Saloniki,,132 Brookline,Boston,MA,02215,Active,FS,Eating & Drinking,2015-09-22 15:30:19.47+00,6177807822,22084,42.345054503942976,-71.10055516425032
2446,Saloniki Greek,,180 Brighton,Allston,MA,02134,Active,FT,Eating & Drinking w/ Take Out,2026-07-17 18:28:57.753+00,6176440081,162571,42.35299342879339,-71.1337982620439
2447,Saloniki Greek,,1928 Beacon,Brighton,MA,02135,Active,FT,Eating & Drinking w/ Take Out,2026-07-17 19:22:01.48+00,6176440082,348142,42.33640643062134,-71.14989528022332
2448,Saloniki Greek,,1 Beacon,Boston,MA,02108,Active,FS,Eating & Drinking,2022-01-13 15:20:57.68+00,6177998714,9475,42.35845000011161,-71.06084000119863
2449,Saloniki Greek,,316 Newbury,Boston,MA,02115,Active,FS,Eating & Drinking,2022-01-13 16:08:29.977+00,6177998714,168065,42.34859162953875,-71.08540164222354
2450,SALSAS MEXICAN GRILL,,417 Washington,Boston,MA,02108,Active,FT,Eating & Drinking w/ Take Out,2013-04-17 14:08:02+00,6173380162,331487,42.35582000026472,-71.06040000106957
2451,SAL'S PIZZA,,500 Terminal E,East Boston,MA,02128,Active,FT,Eating & Drinking w/ Take Out,2023-05-19 14:31:58.17+00,7818088354,420618,42.36990418192237,-71.01944758008003
2452,SAL'S PIZZA,,51 Brookline,Boston,MA,02215,Active,FT,Eating & Drinking w/ Take Out,2014-10-07 14:20:07.15+00,6034799500,22106,42.347328000347986,-71.09867600084502
2453,Sal's Pizza/Bakery,,150 Tremont,Boston,MA,02111,Active,FT,Eating & Drinking w/ Take Out,2010-03-23 13:45:59+00,,155980,42.35479835772509,-71.06310134665371
2454,Saltie Girl,,277 Dartmouth,Boston,MA,02116,Active,FS,Eating & Drinking,2010-05-07 15:05:30+00,6177310600,222443,42.351119999940124,-71.07758000073
2455,Salt & Straw,,200 Seaport,Boston,MA,02210,Active,FT,Eating & Drinking w/ Take Out,2026-02-27 16:24:06.073+00,,352732,42.35000999968615,-71.04099000151585
2456,Salty Pig,,130 Dartmouth,Boston,MA,02116,Active,FS,Eating & Drinking,2011-03-04 19:57:30+00,,158249,42.34677937403045,-71.0761001881248
2457,Salty Shucker Oyster Co. - Lower Level,,32 Cambridge,Charlestown,MA,02129,Active,FT,Eating & Drinking w/ Take Out,2026-06-25 16:49:40.897+00,6177941865,25110,42.383569999309664,-71.0743500017016
2458,Sam Adams Deck/RF ROOF,,4 Jersey,Boston,MA,02215,Active,FS,Eating & Drinking,2006-12-07 18:36:00+00,6175366683,156417,42.346768333561606,-71.09864788266272
2459,Sam Adams Tap Room,,60 State,Boston,MA,02109,Active,FS,Eating & Drinking,2019-01-11 17:01:19.75+00,6173685002,130427,42.359270000101496,-71.05643000032522
2460,Sam Adams Tap Room Extension & Eats,,200 Terminal,East Boston,MA,02128,Active,FS,Eating & Drinking,2019-02-20 15:51:22.583+00,6176346097,341353,42.362677345436204,-71.01863498065062
2461,SAME OLD PLACE INC.,,662 CENTRE,JAMAICA PLAIN,MA,02130,Active,FS,Eating & Drinking,2007-04-12 18:36:34+00,6175249461,,42.3126112663794,-71.11390033642368
2462,Sam LaGrassa's,,44 Province,Boston,MA,02108,Active,FT,Eating & Drinking w/ Take Out,2006-12-07 18:34:21+00,6173576861,155800,42.35688610252229,-71.05993915065012
2463,Sammy Carlo's Delicatessan,,567 Bennington,East Boston,MA,02128,Active,FS,Eating & Drinking,2006-12-07 18:33:51+00,,155680,42.382498768318825,-71.01814983426729
2464,Sammys On Third/GEB,,4 Jersey,Boston,MA,02215,Active,FT,Eating & Drinking w/ Take Out,2008-11-16 15:40:44+00,7742054363,424258,42.34673007807398,-71.0986629781914
2465,Sammy's Pizza and Fried Chicken,,1443 Commonwealth,Brighton,MA,02135,Active,FS,Eating & Drinking,2022-02-16 17:53:34.53+00,6177879393,156899,42.348837071080276,-71.1404291861847
2466,Sam's Southern Food - Lower Level,,32 Cambridge,Charlestown,MA,02129,Active,FT,Eating & Drinking w/ Take Out,2026-02-06 13:40:56.26+00,6177180188,25110,42.383569999309664,-71.0743500017016
2467,Samuel Adams Boston Brewery,,30 Germania,Jamaica Plain,MA,02130,Active,FS,Eating & Drinking,2018-03-20 15:53:06.323+00,6173685000,341029,42.31470393527839,-71.10374702246645
2468,Sanbada/Jinjee,,161 Brighton,Allston,MA,02134,Active,FS,Eating & Drinking,2025-09-19 16:20:22.17+00,8575401587,157226,42.35325725993472,-71.13244993561446
2469,Sando Table,,71 Broad,Boston,MA,02109,Active,FS,Eating & Drinking,2026-03-11 18:51:27.497+00,6177102227,357816,42.35768000009901,-71.05376000125408
2470,Santa Fe Burrito Grill,,303 Sumner,East Boston,MA,02128,Active,FS,Eating & Drinking,2021-12-02 14:11:25.683+00,2019814130,132381,42.3674069997566,-71.03671300075192
2471,Santarpio's Cafe Inc.,FJS INC.,111 Chelsea,EAST BOSTON,MA,02128,Active,FS,Eating & Drinking,2006-12-07 18:33:56+00,7817386481,,,
2472,Santarpios Restaurant,,1 Harborside,East Boston,MA,02128,Active,FS,Eating & Drinking,2018-12-19 18:37:21.52+00,6176346097,155970,42.36340869696607,-71.02569880822675
2473,Santo Domingo Restaurant,,179 Washington,Dorchester,MA,02121,Active,FS,Eating & Drinking,2016-12-22 12:44:28.79+00,6172827788,377791,42.30341000016248,-71.07879000105795
2474,Santouka,,66 Hereford,Boston,MA,02115,Active,FS,Eating & Drinking,2015-12-22 15:38:57.91+00,6173727221,73018,42.348459999867835,-71.08534000111577
2475,Sargent Cafe,,120 Tremont,Boston,MA,02108,Active,FS,Eating & Drinking,2026-05-11 16:04:24.3+00,6173056234,340875,42.356712990480204,-71.06115377188809
2476,Sarku Japan,,417 Washington,Boston,MA,02108,Active,FT,Eating & Drinking w/ Take Out,2006-12-07 18:34:22+00,9054145704,157146,42.35583082117818,-71.06040079012439
2477,SARVA,,279 Newbury,Boston,MA,02116,Active,FS,Eating & Drinking,2024-08-23 18:43:47.38+00,,101491,42.34938000036875,-71.08401400134163
2478,Sauce Burgers- K12,,80 Causeway,Boston,MA,02114,Active,FT,Eating & Drinking w/ Take Out,2020-02-14 20:52:56.54+00,9177717773,423633,42.36553349531547,-71.06185622592876
2479,Sauce on Bowdoin,,203 Bowdoin,Dorchester,MA,02122,Active,FT,Eating & Drinking w/ Take Out,2023-07-05 16:48:59.173+00,6179057541,17677,42.30517000040634,-71.0681100013126
2480,Savenors RF,,4 Jersey,Boston,MA,02215,Active,FT,Eating & Drinking w/ Take Out,2014-01-24 15:18:46+00,9788573916,156417,42.346768333561606,-71.09864788266272
2481,Savin Bar And Kitchen,,112 Savin Hill,Dorchester,MA,02125,Active,FS,Eating & Drinking,2010-09-30 14:02:57+00,6174367676,123168,42.31167999960736,-71.05351000136287
2482,Savin Hill Yacht Club,,400 William T Morrissey,Dorchester,MA,02125,Active,FS,Eating & Drinking,2015-12-14 14:51:56.11+00,6178251108,149917,42.309279999892674,-71.04438200160455
2483,SAVR,,150 Seaport,Boston,MA,02210,Active,FS,Eating & Drinking,2021-12-16 16:56:03.93+00,,349861,42.35085228918928,-71.04299004894209
2484,Savvor Restaurant & Lounge,,174 Lincoln,Boston,MA,02111,Active,FS,Eating & Drinking,2014-01-10 17:32:23+00,8572502165,86078,42.35058499952622,-71.05843100157948
2485,Saxbys - 1st Floor,,665 Commonwealth,Boston,MA,02215,Active,FT,Eating & Drinking w/ Take Out,2022-11-07 15:11:46.197+00,6173532990,155763,42.34994806427056,-71.10322526842606
2486,Saxbys Northeastern,,815 Columbus,Boston,MA,02120,Active,FT,Eating & Drinking w/ Take Out,2024-02-21 17:52:02.603+00,6173816272,439242,42.33706747193886,-71.08763569724962
2487,SBARRO RESTAURANT,,100 Terminal,East Boston,MA,02128,Active,FT,Eating & Drinking w/ Take Out,2012-01-17 15:21:48+00,,341357,42.364539860564015,-71.02181743285618
2488,Scali Deli Cafe,,147 Pearl,Boston,MA,02110,Active,FT,Eating & Drinking w/ Take Out,2007-04-11 20:15:31+00,6175421965,158265,42.35457009070869,-71.05367981854333
2489,Scampo,,215 Charles,Boston,MA,02114,Active,FS,Eating & Drinking,2008-01-25 15:03:58+00,6175232727,29141,42.36196800056259,-71.07017500136122
2490,Scholars,,23 School,Boston,MA,02108,Active,FS,Eating & Drinking,2026-01-12 17:51:59.067+00,6172480025,123777,42.35769999933958,-71.05896000140405
2491,Schraffts Center Cafe,,529 Main,Charlestown,MA,02129,Active,FS,Eating & Drinking,2007-12-10 14:15:14+00,6172422700,88652,42.38451000000126,-71.0719300016155
2492,SCOLA'S CAFE,,88 Black Falcon,Boston,MA,02210,Active,FS,Eating & Drinking,2014-06-13 17:32:14.753+00,6174780408,155126,42.34389999974159,-71.02251000182157
2493,Scores,,164 Canal,Boston,MA,02114,Active,FS,Eating & Drinking,2022-01-27 17:57:24.713+00,6177515119,361643,42.36499999981472,-71.06095000098045
2494,Scorpion Bar/ Grand Seaport Square,,23 Northern,Boston,MA,02210,Active,FS,Eating & Drinking,2017-01-25 18:36:55.563+00,6173384343,352651,42.353425169987005,-71.0476118790756
2495,SEAPOINT RESTAURANT,,367 EAST EIGHTH,SOUTH BOSTON,MA,02127,Active,FS,Eating & Drinking,2006-12-07 18:34:50+00,6172681476,,42.33113417788672,-71.04634120432311
2496,SEAPORT ELITE I I,,200 Seaport,Boston,MA,02210,Active,FS,Eating & Drinking,2006-12-07 18:35:59+00,6177481499,352732,42.35000999968615,-71.04099000151585
2497,Seaport Hotel,,1 Seaport,Boston,MA,02210,Active,FS,Eating & Drinking,2006-12-07 18:34:58+00,6173855693,124057,42.349402096191874,-71.04123178511576
2498,Seaport West - BAMCO 10th Fl.,,155 Seaport,Boston,MA,02210,Active,FS,Eating & Drinking,2026-07-24 17:00:07.46+00,6103796176,156147,42.34967033087804,-71.04280854214417
2499,Sebastians Cafe,,1 Harborside,East Boston,MA,02128,Active,FS,Eating & Drinking,2018-08-29 15:57:54.243+00,9788970660,155970,42.36340869696607,-71.02569880822675
2500,Sebastians Cafe @ RCC,,1234 Columbus,Roxbury,MA,02119,Active,FT,Eating & Drinking w/ Take Out,2025-08-21 17:57:28.58+00,6176474502,156800,42.32927891163975,-71.09561586858041
2501,SEC Cafe / Kitchen,,140 Western,Allston,MA,02134,Active,FS,Eating & Drinking,2017-02-15 16:13:39.46+00,6174951000,172977,42.363034330591795,-71.12632595277054
2502,Select Oyster Bar,,50 Gloucester,Boston,MA,02115,Active,FS,Eating & Drinking,2014-10-20 15:22:34.383+00,6178186588,64957,42.348619999792795,-71.08407000102936
2503,Sen Yai,,563 Washington,Brighton,MA,02135,Active,FT,Eating & Drinking w/ Take Out,2023-09-06 16:25:44.117+00,,156325,42.3499798033064,-71.16442810008364
2504,Seoul,,156 Cambridge,Boston,MA,02114,Active,FS,Eating & Drinking,2017-11-03 15:23:19.513+00,,157515,42.360978503017414,-71.06466818964614
2505,Seoul Jangteo,,145 Brighton,Allston,MA,02134,Active,FS,Eating & Drinking,2020-06-22 19:54:34.123+00,6172542775,404390,42.353191229242675,-71.13176273790135
2506,Seoul Soulongtang,,1243 Commonwealth,Allston,MA,02134,Active,FS,Eating & Drinking,2013-11-01 18:36:40+00,6175056771,37130,42.35032000054624,-71.13187000099849
2507,Seoul Tteokbokki,,166 Harvard,Allston,MA,02134,Active,FS,Eating & Drinking,2021-05-17 18:50:27.197+00,6172088029,157061,42.351497621161556,-71.13137990603468
2508,Serafina,,11 Fan Pier,Boston,MA,02210,Active,FS,Eating & Drinking,2021-11-02 16:40:33.813+00,,354379,42.35401283685033,-71.04546511816098
2509,Serafina,,237 Newbury,Boston,MA,02116,Active,FS,Eating & Drinking,2017-06-21 18:10:42.493+00,6172978897,157460,42.34990194113859,-71.08203915023088
2510,Servia,,126 State,Boston,MA,02109,Active,FS,Eating & Drinking,2018-10-18 15:25:49.797+00,6173601399,357185,42.35932999999919,-71.05462000100727
2511,Seven Hills Pasta - Lower Level,,32 Cambridge,Charlestown,MA,02129,Active,FT,Eating & Drinking w/ Take Out,2025-10-24 14:55:59.497+00,5085302125,25110,42.383569999309664,-71.0743500017016
2512,Seven's Ale House,,77 Charles,Boston,MA,02114,Active,FS,Eating & Drinking,2006-12-07 18:33:56+00,6175239074,29190,42.358329999687406,-71.0703900011459
2513,Shabu-Zen,,14 Tyler,Boston,MA,02111,Active,FS,Eating & Drinking,2019-03-27 15:08:36.997+00,6177928785,170646,42.35084579831304,-71.0605506832671
2514,Shabu-Zen,,78 Brighton,Allston,MA,02134,Active,FS,Eating & Drinking,2019-03-27 15:29:06.177+00,6177828888,156849,42.3524227274649,-71.12892911537148
2515,Shah's Halal Food,,106 Cambridge,Boston,MA,02114,Active,FT,Eating & Drinking w/ Take Out,2026-05-14 13:55:26.19+00,8572399229,340669,42.36105917313918,-71.06319830587664
2516,Shah's Halal Food,,1124 Boylston,Boston,MA,02115,Active,FS,Eating & Drinking,2019-02-14 18:25:35.45+00,,351769,42.346685999534685,-71.08891500069285
2517,Shake Shack,,234 Newbury,Boston,MA,02116,Active,FS,Eating & Drinking,2014-09-22 16:25:09.89+00,6465176145,353890,42.349613999635174,-71.0816090011021
2518,Shake Shack,,300 Terminal C,East Boston,MA,02128,Active,FS,Eating & Drinking,2024-07-17 15:41:56.71+00,8172710267,392580,42.366660000322,-71.01643000127751
2519,Shake Shack,,332 Washington,Boston,MA,02108,Active,FS,Eating & Drinking,2019-01-09 15:33:25.25+00,6467470038,144698,42.35669600009666,-71.0587250011804
2520,Shake Shack,,77 Seaport,Boston,MA,02210,Active,FS,Eating & Drinking,2016-01-06 16:10:18.237+00,6465176145,350786,42.35176302239408,-71.04614760894853
2521,Shake Shack#1431,,800 Boylston,Boston,MA,02199,Active,FS,Eating & Drinking,2022-02-17 17:23:27.24+00,3475731940,157244,42.34729680482496,-71.0814574594804
2522,Shaking Crab,,140 Boylston,Boston,MA,02116,Active,FS,Eating & Drinking,2017-06-06 13:08:28.957+00,6179363162,18101,42.35227999976873,-71.06622000114339
2523,Shaking Seafood,,1616 Dorchester,Dorchester,MA,02122,Active,FT,Eating & Drinking w/ Take Out,2020-12-08 19:10:33.79+00,,48361,42.29540000034432,-71.06139000155555
2524,Shaking Seafood,,19 Poplar,Roslindale,MA,02131,Active,FS,Eating & Drinking,2017-09-13 14:59:24.453+00,9172542025,399785,42.28648015617744,-71.12900840976121
2525,SHALOH HOUSE,,29 CHESTNUT HILL ,BRIGHTON,MA,02135,Active,FS,Eating & Drinking,2006-12-07 18:34:48+00,6177875507,,42.34786459693405,-71.15439948520533
2526,Shamrock Pub,,501 Eighth,South Boston,MA,02127,Active,FS,Eating & Drinking,2022-01-05 19:05:34.197+00,6177658075,156339,42.33125130222232,-71.04128105297694
2527,Shannon's Tavern Inc,,558 EAST THIRD,SOUTH BOSTON,MA,02127,Active,FS,Eating & Drinking,2006-12-07 18:33:59+00,6172699460,,42.33658628560746,-71.03728113672001
2528,Shanti Boston,,4197 Washington,Roslindale,MA,02131,Active,FS,Eating & Drinking,2013-02-21 16:16:55+00,6173253900,331492,42.2872299997675,-71.1276300016948
2529,Shanti Express,,49 Warren,Roxbury,MA,02119,Active,FT,Eating & Drinking w/ Take Out,2021-03-16 15:16:11.94+00,6178585747,157037,42.329079855684476,-71.083589366028
2530,Shanti Taste of India,,1111 DORCHESTER ,DORCHESTER,MA,02125,Active,FS,Eating & Drinking,2006-12-07 18:35:34+00,6178679700,,42.312654747627356,-71.05745812703745
2531,Sharon Korean Kitchen,,1727 Centre,West Roxbury,MA,02132,Active,FS,Eating & Drinking,2021-12-16 14:06:53.52+00,7819908899,352134,42.287380000065696,-71.14920000075017
2532,Shaw's Supermarkets #602,,53 Huntington,BOSTON,MA,02199,Active,FT,Eating & Drinking w/ Take Out,2008-12-08 16:28:22+00,2083954913,,42.34780999999701,-71.07947000123063
2533,Shea Butter Smoothies,,617 Centre,Jamaica Plain,MA,02130,Active,FS,Eating & Drinking,2023-10-18 14:26:10.837+00,,352461,42.314349999996075,-71.11429000146077
2534,SHEA'S TAVERN,,222 Broadway,South Boston,MA,02127,Active,FS,Eating & Drinking,2006-12-07 18:34:55+00,6172653504,157336,42.33980314629884,-71.05272980835367
2535,Sheesha Lounge,,417 CAMBRIDGE,BOSTON,MA,02134,Active,FS,Eating & Drinking,2008-09-25 15:58:46+00,6177827433,,42.354992120576696,-71.13435999925038
2536,Sheraton Boston Hotel - Club Lounge,,39 Dalton,Boston,MA,02199,Active,FS,Eating & Drinking,2025-05-29 16:41:20.563+00,6172362000,45830,42.346569999852505,-71.08384000048378
2537,Sheraton Boston Hotel - Henderson & More,,39 Dalton,Boston,MA,02199,Active,FS,Eating & Drinking,2025-05-29 16:59:51.19+00,6172362000,45830,42.346569999852505,-71.08384000048378
2538,Sheraton Boston Hotel - Room Services & Cafeteria,,39 Dalton,Boston,MA,02199,Active,FS,Eating & Drinking,2025-05-29 16:59:42.77+00,6172362000,45830,42.346569999852505,-71.08384000048378
2539,Shojo,,11 Tyler,Boston,MA,02111,Active,FS,Eating & Drinking,2006-12-07 18:36:18+00,6174264338,157824,42.351057581013755,-71.06078910640416
2540,Shore Leave / No Relation,,345 Harrison,Roxbury,MA,02118,Active,FS,Eating & Drinking,2018-04-02 15:06:08.137+00,6174708663,69828,42.344885445535304,-71.0642243432147
2541,Showa Womens Institution,,414 Pond,Jamaica Plain,MA,02130,Active,FS,Eating & Drinking,2006-12-07 18:34:06+00,5247403,111659,42.30759000014807,-71.13130000160618
2542,Show Malatang,,16 Tyler,Boston,MA,02111,Active,FT,Eating & Drinking w/ Take Out,2022-03-18 17:04:29.823+00,7816978642,138811,42.3508000002376,-71.06052000141015
2543,ShoYu Boston,,36 Harrison,Boston,MA,02111,Active,FS,Eating & Drinking,2023-04-25 14:17:42.777+00,6178386290,69829,42.351788999920515,-71.06099190690793
2544,SHRINERS' HOSP. FOR CHILDREN,,51 Blossom,Boston,MA,02114,Active,FS,Eating & Drinking,2006-12-07 18:34:59+00,6173714725,16066,42.36308000019825,-71.06645000101634
2545,Shubhi's Foods - Lower Level,,32 Cambridge,Charlestown,MA,02129,Active,FT,Eating & Drinking w/ Take Out,2026-04-24 13:36:37.003+00,8573471119,25110,42.383569999309664,-71.0743500017016
2546,ShuDaXia Hotpot,,580 Commonwealth,Boston,MA,02215,Active,FS,Eating & Drinking,2022-03-08 17:22:44.96+00,9732162032,415504,42.348809999668724,-71.099360001197
2547,Shy Bird,,12 Old Colony,South Boston,MA,02127,Active,FS,Eating & Drinking,2022-01-05 16:48:56.98+00,,449883,42.337286850558705,-71.05611908922985
2548,Shy Bird - Fenway,,201 Brookline,Boston,MA,02215,Active,FS,Eating & Drinking,2024-02-12 17:27:06.63+00,,340960,42.34486239691058,-71.10160474147757
2549,Siam Bistro Thai Cuisine,,149 Pearl,Boston,MA,02110,Active,FT,Eating & Drinking w/ Take Out,2024-02-22 20:15:59.85+00,6172107953,108789,42.3545490002072,-71.05365400160134
2550,Si Cara,,400 Broadway,South Boston,MA,02127,Active,FS,Eating & Drinking,2025-03-31 15:59:57.47+00,,21492,42.33723499446075,-71.04809495367297
2551,SideBar Food & Spirits,,14 Bromfield,Boston,MA,02108,Active,FS,Eating & Drinking,2026-01-14 14:25:15.747+00,6176945735,,,
2552,Side Chick,,692 Columbia,Dorchester,MA,02125,Active,FT,Eating & Drinking w/ Take Out,2022-02-04 19:36:25.763+00,6175061757,157945,42.32022021817157,-71.06245996200327
2553,SIDEWALK CAFE,,764 Fourth,South Boston,MA,02127,Active,FT,Eating & Drinking w/ Take Out,2006-12-07 18:35:52+00,6174641977,157499,42.334979579327516,-71.03353885897194
2554,Silhouette Lounge,,200 Brighton,Allston,MA,02134,Active,FS,Eating & Drinking,2022-01-27 17:08:11.657+00,,352018,42.35305000040614,-71.13417000168961
2555,Silver Dove Afternoon Tea,,18 Tremont,Boston,MA,02108,Active,FS,Eating & Drinking,2022-10-17 14:43:08.697+00,7813256449,455744,42.358597275292155,-71.05958194475986
2556,Silver Slipper,,2387 Washington,Roxbury,MA,02119,Active,FS,Eating & Drinking,2006-12-07 18:35:44+00,5085863230,157310,42.32914008539775,-71.08506824854139
2557,Silvio O. Conte Forum East Roof 2A,,2597 Beacon,Brighton,MA,02135,Active,FT,Eating & Drinking w/ Take Out,2010-06-03 14:14:22+00,6175523307,172185,42.33528927232475,-71.16749169530911
2558,Silvio O. Conte Forum East Roof 2B,,2597 Beacon,Brighton,MA,02135,Active,FT,Eating & Drinking w/ Take Out,2010-06-03 14:16:15+00,6175523307,172185,42.33528927232475,-71.16749169530911
2559,Silvio O. Conte Forum East Roof 2C,,2597 Beacon,Brighton,MA,02135,Active,FT,Eating & Drinking w/ Take Out,2010-06-03 14:20:16+00,6175523307,172185,42.33528927232475,-71.16749169530911
2560,Silvio O. Conte Forum East Roof 3A,,2597 Beacon,Brighton,MA,02135,Active,FT,Eating & Drinking w/ Take Out,2010-06-03 14:23:38+00,6175523307,172185,42.33528927232475,-71.16749169530911
2561,Silvio O. Conte Forum East Roof 3B,,2597 Beacon,Brighton,MA,02135,Active,FT,Eating & Drinking w/ Take Out,2010-06-03 14:25:16+00,6175523307,172185,42.33528927232475,-71.16749169530911
2562,Silvio O. Conte Forum Yawkey 4th Fl.,,2597 Beacon,Brighton,MA,02135,Active,FT,Eating & Drinking w/ Take Out,2010-06-03 14:29:25+00,6175523307,172185,42.33528927232475,-71.16749169530911
2563,SIMCO'S RESTAURANT,,1509 Blue Hill,Mattapan,MA,02126,Active,FT,Eating & Drinking w/ Take Out,2006-12-07 18:34:25+00,6178779634,156519,42.272368318792175,-71.09389030012622
2564,Simmons College-Bartol,,84 PILGRIM,BOSTON,MA,02115,Active,FS,Eating & Drinking,2006-12-07 18:34:53+00,6172290740,,,
2565,SIMMONS COLLEGE-THE FENS,,300 Fenway,Boston,MA,02115,Active,FS,Eating & Drinking,2006-12-07 18:34:53+00,6172290744,57444,42.33930999984839,-71.09996000108146
2566,Simons IMAX Theater,,250 Atlantic,Boston,MA,02110,Active,FT,Eating & Drinking w/ Take Out,2023-12-19 14:50:29.357+00,8642482011,158389,42.35917915475864,-71.04929798180831
2567,Singhs Roti,,554 Columbia,Dorchester,MA,02125,Active,FT,Eating & Drinking w/ Take Out,2021-11-30 19:31:50.75+00,,156099,42.31638524321747,-71.0662168034085
2568,SIP Cafe,,0 Post Office,Boston,MA,02110,Active,FS,Eating & Drinking,2025-09-15 17:53:52.31+00,6173383080,157695,42.35589691097527,-71.0555309362508
2569,Sip of Joy Cafe & Bakery,,661 Tremont,Roxbury,MA,02118,Active,FT,Eating & Drinking w/ Take Out,2022-10-25 15:14:21.553+00,,322085,42.34201999976831,-71.0757400007853
2570,Sip Wine Bar & Kitchen,,1 Avery,Boston,MA,02111,Active,FS,Eating & Drinking,2012-06-08 14:41:13+00,6179560888,6879,42.353655428076394,-71.06270009832423
2571,SISSY K'S,,6 COMMERCIAL,BOSTON,MA,02109,Active,FS,Eating & Drinking,2006-12-07 18:34:31+00,2486511,,,
2572,SJ's,,745 Atlantic,Boston,MA,02111,Active,FS,Eating & Drinking,2024-06-13 13:21:14.477+00,4058301751,6354,42.35031000011261,-71.05710000177895
2573,Slade's Bar & Grill,,950 Tremont,Mission Hill,MA,02120,Active,FS,Eating & Drinking,2017-06-07 16:49:11.6+00,6174424600,138032,42.337238395712234,-71.08361530767979
2574,Sloane's,,197 Harvard,Allston,MA,02134,Active,FS,Eating & Drinking,2023-03-20 14:47:53.377+00,,420766,42.36358918163332,-71.12960438339985
2575,Slush King,,211 Bennington,East Boston,MA,02128,Active,FT,Eating & Drinking w/ Take Out,2006-12-07 18:34:13+00,6178175366,162018,42.37764568083105,-71.03121303178656
2576,Small Batch Cookery Co.-Lower Level,,32 Cambridge,Charlestown,MA,02129,Active,FT,Eating & Drinking w/ Take Out,2025-01-30 17:31:15.137+00,9175977701,25110,42.383569999309664,-71.0743500017016
2577,Small Victories,,388 Dorchester,South Boston,MA,02127,Active,FS,Eating & Drinking,2024-03-29 14:13:31.013+00,3399871904,435821,42.32972709443228,-71.05645673125147
2578,Smashburger #1725,,545 Boylston,Boston,MA,02116,Active,FS,Eating & Drinking,2019-07-30 19:54:34.027+00,,367708,42.35080999970491,-71.07581000065785
2579,SMFA Cafe,,230 Fenway,Boston,MA,02115,Active,FT,Eating & Drinking w/ Take Out,2017-08-02 15:37:38.667+00,6176270702,57433,42.338690000283684,-71.09664000041137
2580,Smith & Wollensky Atlantic Wharf,,280 Congress,Boston,MA,02110,Active,FS,Eating & Drinking,2010-12-03 15:53:20+00,,,,
2581,Smoke Shop BBQ,,343 Congress,Boston,MA,02210,Active,FS,Eating & Drinking,2012-10-01 14:35:26+00,6176404647,42103,42.3505899996769,-71.0493800017659
2582,Society On High,,99 High,Boston,MA,02110,Active,FS,Eating & Drinking,2012-06-28 18:45:19+00,,158117,42.35424529648895,-71.05484010653527
2583,Sodexo at British Airways BOS,,500 Terminal,East Boston,MA,02128,Active,FS,Eating & Drinking,2023-05-09 14:44:57.123+00,6175610604,341351,42.36990420124479,-71.01943927546833
2584,Sodexo @ BU Fenway/Res. Dining,,150 Riverway,Boston,MA,02215,Active,FS,Eating & Drinking,2008-01-25 17:53:19+00,6178792404,340917,42.34300405996772,-71.10521924033547
2585,Sodexo@John Hancock 16th Fl.,,200 Berkeley,Boston,MA,02116,Active,FS,Eating & Drinking,2023-06-09 16:05:18.897+00,9783942493,156187,42.35006051614686,-71.07291903349389
2586,Sodexo @ Liberty Mutual Fl. 2,,157 Berkeley,Boston,MA,02116,Active,FS,Eating & Drinking,2022-01-19 17:35:09.52+00,7744526767,342978,42.34926584672397,-71.07182261624968
2587,SodexoMagic @ Merck Boston Cafe,,33 Avenue Louis Pasteur,Boston,MA,02115,Active,FT,Eating & Drinking w/ Take Out,2026-04-29 16:18:39.003+00,8574078847,6851,42.33976900080577,-71.10325900165041
2588,Sodexo @ The Lounge Trmnl C,,300 Terminal,East Boston,MA,02128,Active,FS,Eating & Drinking,2018-08-17 12:52:00.73+00,6175610310,,,
2589,SODEXO U MASS FACULTY CLUB,,100 WM T MORRISSEY,DORCHESTER,MA,02125,Active,FS,Eating & Drinking,2007-04-12 17:23:43+00,0,,,
2590,SODEXO U MASS FOOD COURT,,100 WM T MORRISSEY,DORCHESTER,MA,02125,Active,FS,Eating & Drinking,2007-03-02 18:36:45+00,8663723035,,,
2591,Sofra Bakery & Cafe,,210 Harvard,Allston,MA,02134,Active,FS,Eating & Drinking,2023-05-23 14:16:04.883+00,,70962,42.362519999936914,-71.13002000121442
2592,SoJu Ba,,1265 Boylston,Boston,MA,02215,Active,FS,Eating & Drinking,2020-04-22 18:19:59.167+00,6179218999,18075,42.34524884308454,-71.09635222370392
2593,Sol Azteca,,914 Beacon,Boston,MA,02215,Active,FS,Eating & Drinking,2006-12-07 18:33:51+00,6172620909,12401,42.34665999987282,-71.10626000145659
2594,Solid Ground Cafe,,742 Huntington,Mission Hill,MA,02120,Active,FT,Eating & Drinking w/ Take Out,2018-06-05 19:12:09.437+00,6174875557,366005,42.333660000113035,-71.10544000141543
2595,Somaek Temple Records,,11 Temple,Boston,MA,02114,Active,FS,Eating & Drinking,2023-12-06 15:41:37.953+00,,134088,42.360856000142725,-71.06384400125734
2596,Somenya Restaurant,,23 Hudson,Boston,MA,02111,Active,FS,Eating & Drinking,2021-07-22 17:31:19.787+00,6179933368,75861,42.35051819739717,-71.06030600028453
2597,Somerset Club,,42 Beacon,Boston,MA,02108,Active,FS,Eating & Drinking,2006-12-07 18:33:51+00,6172271731,11441,42.35699000051437,-71.06671000126217
2598,SONSIE,,327 Newbury,Boston,MA,02115,Active,FS,Eating & Drinking,2006-12-07 18:34:35+00,6173512500,157115,42.348792167215166,-71.08627113222059
2599,SOPHIA'S GROTTO,,18 Corinth,Roslindale,MA,02131,Active,FS,Eating & Drinking,2006-12-07 18:36:16+00,6173235217,351680,42.28660000003507,-71.13017000134069
2600,Sorelle Cafe,,280 Congress,Boston,MA,02110,Active,FS,Eating & Drinking,2011-06-09 13:49:49+00,,,,
2601,SORELLINA RESTAURANT,,1 Huntington,Boston,MA,02116,Active,FS,Eating & Drinking,2006-12-07 18:36:33+00,6174124465,156748,42.34876474984522,-71.0780702284154
2602,Sotano People Corp.,,196 Quincy,Dorchester,MA,02125,Active,FT,Eating & Drinking w/ Take Out,2025-10-22 17:01:26.117+00,7815979418,377254,42.31306866790966,-71.07391936327326
2603,Soul On Shawmut,,722 Shawmut,Roxbury,MA,02119,Active,FT,Eating & Drinking w/ Take Out,2024-09-11 14:51:28.257+00,6172387525,157649,42.33278306173198,-71.08322104848872
2604,Souper Siam,,190 High,Boston,MA,02110,Active,FT,Eating & Drinking w/ Take Out,2025-04-04 18:49:44.06+00,6172107953,73286,42.35671999994388,-71.05226000104136
2605,Soup Shack,,779 Centre,Jamaica Plain,MA,02130,Active,FS,Eating & Drinking,2018-02-08 17:51:34.167+00,6176108529,352449,42.30995251172651,-71.11559972392934
2606,SOUTH BOSTON YACHT CLUB,,1849 Columbia,South Boston,MA,02127,Active,FS,Eating & Drinking,2006-12-07 18:35:09+00,6172686132,156662,42.33212654438874,-71.02702854467628
2607,South End Buttery(314 Shawmut Ave.),,314 Shawmut,Roxbury,MA,02118,Active,FS,Eating & Drinking,2007-12-17 15:45:08+00,6174821015,126189,42.342090000007026,-71.07029000175265
2608,South End Pita,,471 Albany,Roxbury,MA,02118,Active,FS,Eating & Drinking,2009-04-16 12:30:53+00,6175562600,1541,42.33974000040875,-71.06500000099311
2609,South End Pizza & Grill,,772 Tremont,Roxbury,MA,02118,Active,FT,Eating & Drinking w/ Take Out,2018-01-19 16:19:57.25+00,6172662525,369697,42.33941000032239,-71.07974000123636
2610,South St. Diner,,178 Kneeland,Boston,MA,02111,Active,FS,Eating & Drinking,2006-12-07 18:34:52+00,6173500028,157323,42.34985304057073,-71.05771705658056
2611,Spagnoulos,,240 Hanover,Boston,MA,02113,Active,FS,Eating & Drinking,2006-12-07 18:34:02+00,6177429124,69066,42.363380000024854,-71.05517000122782
2612,SPANGLER STUDENT CENTER,,1 SOLDIERS FIELD,BOSTON,MA,02163,Active,FS,Eating & Drinking,2006-12-07 18:35:22+00,0,,42.36394892290984,-71.12083941835833
2613,Spangler Student Center Coffee Bar,,117 Western,Boston,MA,02163,Active,FS,Eating & Drinking,2019-04-17 14:18:49.96+00,6174956415,156711,42.365174082281726,-71.12222708490836
2614,Spaulding Rehabilitation Hospital,,300 First,Charlestown,MA,02129,Active,FS,Eating & Drinking,2011-09-27 17:30:44+00,6175732254,,,
2615,SPiN,,273 Summer,Boston,MA,02210,Active,FS,Eating & Drinking,2021-07-26 17:18:59.637+00,6174042272,315673,42.349993844650434,-71.05032565769108
2616,Spirit of Boston,,200 Seaport,Boston,MA,02210,Active,FS,Eating & Drinking,2006-12-07 18:34:06+00,6177481499,352732,42.35000999968615,-71.04099000151585
2617,SPORTS CONNECTION BAR & GRILL,,560 Dorchester,South Boston,MA,02127,Active,FS,Eating & Drinking,2006-12-07 18:35:11+00,6176458440,156668,42.33048868244827,-71.056730604949
2618,Spring,,90 Peterborough,Boston,MA,02215,Active,FS,Eating & Drinking,2023-06-27 19:11:53.68+00,,156232,42.34307476970317,-71.09902940365166
2619,Springhouse,,44 Allandale,Roslindale,MA,02467,Active,FS,Eating & Drinking,2024-03-27 19:10:40.403+00,6175220043,397856,42.30012000012234,-71.13059000131649
2620,Spring Shabu-Shabu,,304 Western,Brighton,MA,02135,Active,FS,Eating & Drinking,2016-12-06 17:27:00.957+00,,148183,42.362670000104444,-71.13595000028558
2621,Squeeze Juice Co.,,25 Dry Dock,Boston,MA,02210,Active,FT,Eating & Drinking w/ Take Out,2024-01-03 15:20:33.287+00,6174597511,341360,42.344263695839544,-71.02903270054128
2622,Squeeze Juice Co.,,401 Park,Boston,MA,02215,Active,FT,Eating & Drinking w/ Take Out,2023-01-25 16:03:47.823+00,,156914,42.344449188410294,-71.10287028370084
2623,SRV,,434 Massachusetts,Roxbury,MA,02118,Active,FS,Eating & Drinking,2015-05-06 18:06:39.453+00,6173088607,271851,42.34087999959143,-71.08181000100177
2624,Stack & Schmear,,100 High,Boston,MA,02110,Active,FT,Eating & Drinking w/ Take Out,2026-01-16 14:13:13.857+00,6178178969,342934,42.354465446258,-71.05529865229609
2625,Stage Karaoke X Studios,,138 Brighton,Allston,MA,02134,Active,FS,Eating & Drinking,2019-05-31 14:00:08.703+00,6176698383,156003,42.35276121573179,-71.13179059512635
2626,Stand #301 - Draft Picks,,100 Legends,Boston,MA,02114,Active,FT,Eating & Drinking w/ Take Out,2009-02-01 16:05:45+00,6176241610,,,
2627,Stand #401 - On Tap,,100 Legends,Boston,MA,02114,Active,FT,Eating & Drinking w/ Take Out,2009-01-27 19:54:55+00,6176241610,,,
2628,Stand #403-Hub Hot Dog,,100 Legends,Boston,MA,02114,Active,FT,Eating & Drinking w/ Take Out,2009-02-01 16:37:35+00,6176241610,,,
2629,Stand 405-Lucky's Chicken,,100 Legends,Boston,MA,02114,Active,FT,Eating & Drinking w/ Take Out,2009-01-27 16:56:48+00,6176241610,,,
2630,Stand 406-Sal's Pizza,,100 Legends,Boston,MA,02114,Active,FT,Eating & Drinking w/ Take Out,2009-02-01 16:13:38+00,6176241610,,,
2631,Stand 407-North End Butcher,,100 Legends,Boston,MA,02114,Active,FT,Eating & Drinking w/ Take Out,2009-02-01 16:19:30+00,6176241610,,,
2632,Stand 408- Big Bad Burger,,100 Legends,Boston,MA,02114,Active,FT,Eating & Drinking w/ Take Out,2009-02-01 16:47:43+00,6176241610,,,
2633,Stand #409-Boston Commons,,100 Legends,Boston,MA,02114,Active,FT,Eating & Drinking w/ Take Out,2009-02-01 16:28:36+00,6176241610,,,
2634,Stand #412-On Tap,,100 Legends,Boston,MA,02114,Active,FT,Eating & Drinking w/ Take Out,2009-01-27 19:56:19+00,6176241610,,,
2635,Stand #414-Hub Hot Dog,,100 Legends,Boston,MA,02114,Active,FT,Eating & Drinking w/ Take Out,2009-01-28 17:20:24+00,6176241610,,,
2636,Stand #415-Frito Lay Test Kitchen,,100 Legends,Boston,MA,02114,Active,FT,Eating & Drinking w/ Take Out,2009-01-27 19:57:13+00,6176241610,,,
2637,Stand #416-Causeway Carvery,,100 Legends,Boston,MA,02114,Active,FT,Eating & Drinking w/ Take Out,2009-02-01 16:30:32+00,6176241610,,,
2638,Stand 418-Backbay BBQ,,100 Legends,Boston,MA,02114,Active,FT,Eating & Drinking w/ Take Out,2009-02-01 16:11:30+00,6176241610,,,
2639,Stand #419-Lucky's Chicken,,100 Legends,Boston,MA,02114,Active,FT,Eating & Drinking w/ Take Out,2009-02-01 16:20:19+00,6176241610,,,
2640,Stand 420-Taqueria,,100 Legends,Boston,MA,02114,Active,FT,Eating & Drinking w/ Take Out,2009-02-01 16:22:36+00,6176241610,,,
2641,Stand #421-North End Butcher,,100 Legends,Boston,MA,02114,Active,FT,Eating & Drinking w/ Take Out,2009-02-01 16:40:41+00,6176241610,,,
2642,Stand 489-Garden Grill,,100 Legends,Boston,MA,02114,Active,FT,Eating & Drinking w/ Take Out,2009-02-01 16:07:18+00,6176241610,,,
2643,Stand #702-Hub Hot Dog,,100 Legends,Boston,MA,02114,Active,FT,Eating & Drinking w/ Take Out,2009-02-01 16:38:31+00,6176241610,,,
2644,Stand #705-Hub Hot Dog,,100 Legends,Boston,MA,02114,Active,FT,Eating & Drinking w/ Take Out,2009-02-01 16:48:48+00,6176241610,,,
2645,Stand 707-Sal's Pizza,,100 Legends,Boston,MA,02114,Active,FT,Eating & Drinking w/ Take Out,2009-02-01 16:09:29+00,6176241610,,,
2646,Stand #708-Hub Hot Dog,,100 Legends,Boston,MA,02114,Active,FT,Eating & Drinking w/ Take Out,2009-02-01 16:43:22+00,6176241610,,,
2647,Stand #709-Causeway Carvery,,100 Legends,Boston,MA,02114,Active,FT,Eating & Drinking w/ Take Out,2009-01-27 19:46:29+00,6176241610,,,
2648,Stand #710-Lucky's Chicken,,100 Legends,Boston,MA,02114,Active,FT,Eating & Drinking w/ Take Out,2009-02-01 16:21:06+00,6176241610,,,
2649,Stand 711-Big Bad Burger,,100 Legends,Boston,MA,02114,Active,FT,Eating & Drinking w/ Take Out,2009-02-01 16:08:27+00,6176241610,,,
2650,Stand #712-Bullfinch Bar,,100 Legends,Boston,MA,02114,Active,FT,Eating & Drinking w/ Take Out,2009-02-01 16:26:01+00,6176241610,,,
2651,Stand 713-Nachos and Beer,,100 Legends,Boston,MA,02114,Active,FT,Eating & Drinking w/ Take Out,2015-02-23 17:15:14.61+00,6176241610,,,
2652,Stand #715-North End Butcher,,100 Legends,Boston,MA,02114,Active,FT,Eating & Drinking w/ Take Out,2009-02-01 16:35:32+00,6176241610,,,
2653,Stand #717-Hub Hot Dog,,100 Legends,Boston,MA,02114,Active,FT,Eating & Drinking w/ Take Out,2009-02-01 16:39:30+00,6176241610,,,
2654,Stand #720-Bullfinch Bar,,100 Legends,Boston,MA,02114,Active,FT,Eating & Drinking w/ Take Out,2009-02-01 16:45:28+00,6176241610,,,
2655,Stand #721-Haymarket,,100 Legends,Boston,MA,02114,Active,FT,Eating & Drinking w/ Take Out,2009-02-25 16:38:46+00,6176241610,,,
2656,Stand # 722-Lucky's Chicken,,100 Legends,Boston,MA,02114,Active,FT,Eating & Drinking w/ Take Out,2009-01-27 17:03:16+00,6176241610,,,
2657,Stand #723-Backbay BBQ,,100 Legends,Boston,MA,02114,Active,FT,Eating & Drinking w/ Take Out,2009-02-01 16:26:51+00,6176241610,,,
2658,Stand # 724-Hub Hot Dog,,100 Legends,Boston,MA,02114,Active,FT,Eating & Drinking w/ Take Out,2009-01-27 16:55:14+00,6176241610,,,
2659,Stand 725-Sal's Pizza,,100 Legends,Boston,MA,02114,Active,FT,Eating & Drinking w/ Take Out,2009-02-01 16:10:27+00,6176241610,,,
2660,Stand 727-Hub Hot Dog,,100 Legends,Boston,MA,02114,Active,FT,Eating & Drinking w/ Take Out,2009-02-01 16:36:48+00,6176241610,,,
2661,Stand 730-North End Butcher,,100 Legends,Boston,MA,02114,Active,FT,Eating & Drinking w/ Take Out,2009-01-27 17:04:30+00,6176241610,,,
2662,Standard Italian,,771 Beacon,Boston,MA,02215,Active,FS,Eating & Drinking,2022-11-08 17:33:30.917+00,,439491,42.347508638480065,-71.10101367349917
2663,Stanza Dei Sigari,,294 Hanover,Boston,MA,02113,Active,FS,Eating & Drinking,2020-10-28 17:05:14.557+00,6172270295,422472,42.3641199996807,-71.05438000174541
2664,Starbucks,,100 LOGAN AIRPORT TRMNL A,EAST BOSTON,MA,02128,Active,FT,Eating & Drinking w/ Take Out,2006-12-07 18:36:15+00,6174386184,,,
2665,Starbucks,,1341 Boylston,Boston,MA,02215,Active,FS,Eating & Drinking,2015-05-29 13:50:33.997+00,6127611913,18094,42.34441999987385,-71.09961000078549
2666,Starbucks,,200 Terminal,East Boston,MA,02128,Active,FT,Eating & Drinking w/ Take Out,2018-04-19 14:38:45.903+00,6176346097,341353,42.362677345436204,-71.01863498065062
2667,Starbucks,,45 Transportation,East Boston,MA,02128,Active,FT,Eating & Drinking w/ Take Out,2021-04-13 18:59:03.15+00,6174187032,437747,42.36667457310752,-71.02772059976026
2668,Starbucks,,700 Atlantic,Boston,MA,02111,Active,FT,Eating & Drinking w/ Take Out,2023-02-16 17:06:21.767+00,3399701981,156723,42.35204827404688,-71.0551747507777
2669,Starbucks,,700 COMMONWEALTH ,BOSTON,MA,02115,Active,FT,Eating & Drinking w/ Take Out,2008-03-13 17:14:02+00,6173532947,,42.34918401907452,-71.10404031739364
2670,Starbucks,,99 Seaport,Boston,MA,02210,Active,FT,Eating & Drinking w/ Take Out,2015-12-23 17:26:56.517+00,2063185936,350792,42.35117453241631,-71.04541115925554
2671,Starbucks - B18,,200 Terminal,East Boston,MA,02128,Active,FT,Eating & Drinking w/ Take Out,2019-05-09 21:50:27.38+00,6176346097,341353,42.362677345436204,-71.01863498065062
2672,Starbucks B1-B3 Pre-Security,,200 Terminal,East Boston,MA,02128,Active,FT,Eating & Drinking w/ Take Out,2018-09-05 17:27:25.13+00,6176346097,341353,42.362677345436204,-71.01863498065062
2673,Starbucks - B27,,200 Terminal,East Boston,MA,02128,Active,FT,Eating & Drinking w/ Take Out,2019-05-09 21:48:37.413+00,6176346097,341353,42.362677345436204,-71.01863498065062
2674,Starbucks Bike,,300 Longwood,Boston,MA,02115,Active,FT,Eating & Drinking w/ Take Out,2026-06-09 13:49:10.157+00,6173556000,87170,42.337021276952704,-71.10560518492264
2675,Starbucks@Boston Children's Hospital,,300 Longwood,Boston,MA,02115,Active,FT,Eating & Drinking w/ Take Out,2023-12-11 15:38:29.863+00,6173557442,87170,42.337021276952704,-71.10560518492264
2676,Starbucks @ Boston Logan Wharf Marriott,,296 State,Boston,MA,02110,Active,FT,Eating & Drinking w/ Take Out,2025-02-05 16:55:41.083+00,7813897634,130424,42.36021436884478,-71.05067647432195
2677,Starbucks Coffee,,110 Huntington,Boston,MA,02116,Active,FT,Eating & Drinking w/ Take Out,2016-09-16 13:34:33.59+00,6172365800,76238,42.34743050913615,-71.07743587970204
2678,Starbucks Coffee,,140 Brookline,Boston,MA,02215,Active,FT,Eating & Drinking w/ Take Out,2007-02-12 14:01:30+00,6178676545,340900,42.344895000465996,-71.1006970017528
2679,Starbucks Coffee,,1 Thompson,Charlestown,MA,02129,Active,FT,Eating & Drinking w/ Take Out,2017-02-08 18:17:05.98+00,,395242,42.37526999969185,-71.06365000075073
2680,Starbucks Coffee,,2 Park,Boston,MA,02116,Active,FT,Eating & Drinking w/ Take Out,2023-12-05 16:39:02.92+00,,107187,42.35226899990708,-71.06710800102283
2681,Starbucks Coffee,,300 Faneuil Hall Marketplace,Boston,MA,02109,Active,FT,Eating & Drinking w/ Take Out,2017-12-27 15:21:07.79+00,,341035,42.36047273790481,-71.05548566894203
2682,Starbucks Coffee,,440 William F McClellan,East Boston,MA,02128,Active,FT,Eating & Drinking w/ Take Out,2007-07-10 14:46:35+00,0,149840,42.393483999449856,-71.01297600200594
2683,Starbucks Coffee,,500 Boylston,Boston,MA,02116,Active,FT,Eating & Drinking w/ Take Out,2024-01-23 15:52:01.597+00,,18333,42.35053000034381,-71.07390000167878
2684,Starbucks Coffee,,50 Park,Boston,MA,02116,Active,FT,Eating & Drinking w/ Take Out,2016-09-02 15:06:45.943+00,0,157315,42.35125131844425,-71.06937509151477
2685,Starbucks Coffee,,749 Broadway,South Boston,MA,02127,Active,FT,Eating & Drinking w/ Take Out,2016-03-10 19:07:00.54+00,6035055633,354186,42.3354099998567,-71.03562000149279
2686,Starbucks Coffee # 10599,,125 Summer,Boston,MA,02111,Active,FT,Eating & Drinking w/ Take Out,2007-04-25 17:20:14+00,2063185936,131981,42.35312315905097,-71.05742297932142
2687,Starbucks Coffee #22253,,1304 Commonwealth,Allston,MA,02134,Active,FT,Eating & Drinking w/ Take Out,2014-03-18 12:48:43+00,,349776,42.34843900840776,-71.13418207754175
2688,Starbucks Coffee #22566,,48 Northern,Boston,MA,02210,Active,FT,Eating & Drinking w/ Take Out,2014-03-18 13:06:50+00,,168260,42.3534491608824,-71.04626044179913
2689,Starbucks Coffee #50497,,20 District,Dorchester,MA,02125,Active,FT,Eating & Drinking w/ Take Out,2017-06-13 14:30:06.347+00,8573375510,420662,42.32531436705742,-71.06273101728776
2690,Starbucks Coffee # 7224,,364 Brookline,BOSTON,MA,02115,Active,FT,Eating & Drinking w/ Take Out,2007-05-22 14:01:18+00,0,,42.33896999999967,-71.10626000121844
2691,Starbucks Coffee #7550,,2 ATLANTIC ,BOSTON,MA,02110,Active,FT,Eating & Drinking w/ Take Out,2006-12-07 18:35:16+00,0,,42.364080648193244,-71.05074132307887
2692,Starbucks Coffee # 7804,,283 Longwood,BOSTON,MA,02115,Active,FT,Eating & Drinking w/ Take Out,2007-05-22 17:31:08+00,0,,42.337990000009654,-71.1044800012349
2693,Starbucks Coffee # 7805,,90 Oliver,Boston,MA,02110,Active,FT,Eating & Drinking w/ Take Out,2007-05-22 17:42:03+00,0,156963,42.35632625022133,-71.0518760535379
2694,STARBUCKS COFFEE # 7823,,470 Washington,Brighton,MA,02135,Active,FT,Eating & Drinking w/ Take Out,2007-04-13 17:42:06+00,0,143582,42.34870000035035,-71.1595400006361
2695,Starbucks Coffee # 801,,1 CHARLES ST,BOSTON,MA,02108,Active,FT,Eating & Drinking w/ Take Out,2007-05-22 13:30:41+00,0,,42.35642999999642,-71.06925000123829
2696,Starbucks Coffee # 822,,435 STUART ST,BOSTON,MA,02116,Active,FT,Eating & Drinking w/ Take Out,2007-05-22 18:21:05+00,0,,42.34863000001652,-71.07599000123419
2697,Starbucks Coffee #9463,,84 State,Boston,MA,02109,Active,FT,Eating & Drinking w/ Take Out,2006-12-07 18:36:26+00,2063185936,156331,42.35913325454445,-71.0557380990988
2698,Starbucks Coffee-C10,,300 Terminal,East Boston,MA,02128,Active,FT,Eating & Drinking w/ Take Out,2016-05-05 14:59:28.907+00,6176346097,,,
2699,Starbucks Coffee-C28,,300 Terminal,East Boston,MA,02128,Active,FT,Eating & Drinking w/ Take Out,2019-06-27 16:10:19.083+00,6176346097,341352,42.3666199526667,-71.016589349149
2700,Starbucks Coffee Co.,,1 Financial,Boston,MA,02110,Active,FT,Eating & Drinking w/ Take Out,2006-12-07 18:34:54+00,0,,,
2701,STARBUCKS COFFEE CO.,,222 Cambridge,Boston,MA,02114,Active,FT,Eating & Drinking w/ Take Out,2007-04-13 17:54:30+00,0,155907,42.36098535116457,-71.06648117244578
2702,Starbucks Coffee Co. #7808,,1804 Centre,West Roxbury,MA,02132,Active,FT,Eating & Drinking w/ Take Out,2007-03-31 13:10:39+00,,27724,42.28719199973772,-71.15257100051114
2703,Starbucks Coffee Co. #872,,350 Newbury,Boston,MA,02115,Active,FT,Eating & Drinking w/ Take Out,2007-03-31 13:18:05+00,,101571,42.34811000015924,-71.08715000190476
2704,Stardust,,1753 Centre,West Roxbury,MA,02132,Active,FT,Eating & Drinking w/ Take Out,2019-04-08 15:28:06.77+00,6178694242,351872,42.28751507883635,-71.15055866207874
2705,Star Market #3588,,1065 COMMONWEALTH ,ALLSTON,MA,02134,Active,FS,Eating & Drinking,2008-12-08 18:32:27+00,2083954913,,42.35267893247595,-71.12333017456518
2706,Star Market #4572,,370 Western,Brighton,MA,02135,Active,FS,Eating & Drinking,2012-05-21 17:57:15+00,2083954913,156610,42.36091312663847,-71.13763700505841
2707,Star Markets #2576,,33 Kilmarnock,Boston,MA,02215,Active,FS,Eating & Drinking,2008-12-08 16:21:54+00,2083954913,157991,42.343618946622236,-71.10014005167318
2708,Starry Bakery,,128 Harvard,Allston,MA,02134,Active,FT,Eating & Drinking w/ Take Out,2026-02-25 18:49:01.063+00,8574235359,70340,42.35216953382073,-71.13164612445128
2709,STASH'S PIZZA,,612 Blue Hill,Dorchester,MA,02121,Active,FT,Eating & Drinking w/ Take Out,2006-12-07 18:35:03+00,6175909063,157613,42.3032076252162,-71.08490179380273
2710,State Street Financial-12th Floor,,1 Congress,Boston,MA,02108,Active,FS,Eating & Drinking,2021-06-22 16:57:54.003+00,,218217,42.36182000028709,-71.05839000099867
2711,State Street Provisions,,255 State,Boston,MA,02110,Active,FS,Eating & Drinking,2015-06-18 15:30:18.223+00,6172306095,158086,42.35938091073582,-71.05114624072525
2712,Station Bistro & KTV,,20 Hudson,Boston,MA,02111,Active,FS,Eating & Drinking,2021-09-09 18:04:02.65+00,6172931177,75859,42.350420974272446,-71.06000034363082
2713,Stats,,80 Causeway,Boston,MA,02114,Active,FT,Eating & Drinking w/ Take Out,2024-12-05 14:59:51.577+00,6033613736,423633,42.36553349531547,-71.06185622592876
2714,St Botolph Club Inc,,199 Commonwealth,Boston,MA,02116,Active,FS,Eating & Drinking,2006-12-07 18:33:56+00,6175367570,39151,42.351587999819785,-71.08093000160697
2715,St. Cecilia Parish,,18 Belvidere,Boston,MA,02115,Active,FS,Eating & Drinking,2019-05-17 14:58:50.677+00,6175364548,355810,42.34652199987492,-71.08639000201192
2716,STEPHANIE'S,,200 Terminal,East Boston,MA,02128,Active,FS,Eating & Drinking,2013-11-08 14:21:39+00,,341353,42.362677345436204,-71.01863498065062
2717,STEPHANIE'S,,500 Terminal,East Boston,MA,02128,Active,FS,Eating & Drinking,2017-03-16 14:39:39.683+00,6175675700,341351,42.36990420124479,-71.01943927546833
2718,STEPHANIE'S ON NEWBURY,,190 Newbury,Boston,MA,02116,Active,FS,Eating & Drinking,2019-03-28 17:09:56.18+00,6172360990,155892,42.350167415780206,-71.07958837710852
2719,Steve's Greek Cuisine,,1 Faneuil Hall Marketplace,Boston,MA,02109,Active,FT,Eating & Drinking w/ Take Out,2019-05-31 13:40:11.85+00,6172631166,352565,42.35965030734419,-71.05594969419191
2720,St. George Orthodox Church,,55 Emmonsdale,West Roxbury,MA,02132,Active,FS,Eating & Drinking,2016-11-22 14:59:29.013+00,6173230323,53757,42.27722999967233,-71.151630001002
2721,Stillwater,,120 Kingston,Boston,MA,02111,Active,FS,Eating & Drinking,2019-07-19 15:36:40.213+00,,82003,42.352284605644286,-71.05912076397648
2722,St. John's Seminary,,127 Lake,Brighton,MA,02135,Active,FS,Eating & Drinking,2021-08-05 18:12:20.93+00,9149417636,155977,42.34432295962577,-71.16304875504524
2723,STK Steakhouse,,222 Berkeley,Boston,MA,02116,Active,FS,Eating & Drinking,2023-02-10 15:29:09.29+00,,15007,42.350839999854266,-71.07311000081562
2724,St. Mary's Ctr. for Women & Children,,90 Cushing,Dorchester,MA,02125,Active,FS,Eating & Drinking,2015-06-26 17:27:27.923+00,6174368600,45189,42.31390030301989,-71.06340026983223
2725,Stockyard,,135 Market,Brighton,MA,02135,Active,FS,Eating & Drinking,2013-01-30 13:55:08+00,6177824700,90173,42.357779999467134,-71.1485800011207
2726,Stop and Taste Pizza Grill,,239 Dudley,Roxbury,MA,02119,Active,FT,Eating & Drinking w/ Take Out,2017-09-14 18:21:08.833+00,6174457866,158067,42.32837982279563,-71.07974049842177
2727,Stop & Shop #412,,1622 Tremont,Mission Hill,MA,02120,Active,FS,Eating & Drinking,2008-12-08 15:13:19+00,6173232160,170526,42.33370829557207,-71.10449239825937
2728,Stop & Shop #413,,1025 Truman,Hyde Park,MA,02136,Active,FS,Eating & Drinking,2012-03-13 16:41:43+00,6173232160,156433,42.24246082829231,-71.1273312080693
2729,Stop & Shop/Dunkin Donuts #18,,535 Freeport,DORCHESTER,MA,02122,Active,FS,Eating & Drinking,2007-11-15 13:50:10+00,6173232160,,42.2926400000143,-71.04900000121631
2730,Stop & Shop Supermarket #075,,301 Centre,Jamaica Plain,MA,02130,Active,FS,Eating & Drinking,2008-12-08 15:01:59+00,6173232160,155939,42.324073887709574,-71.10315030700278
2731,Stratus - 51th Floor,,800 Boylston,Boston,MA,02199,Active,FS,Eating & Drinking,2023-01-18 19:00:17.2+00,,157244,42.34729680482496,-71.0814574594804
2732,STREGA,,379 Hanover,Boston,MA,02113,Active,FS,Eating & Drinking,2006-12-07 18:36:19+00,6179131018,157826,42.36496775641889,-71.0530514078036
2733,Stubbys Seaport,,43 Northern,Boston,MA,02210,Active,FT,Eating & Drinking w/ Take Out,2023-03-03 18:37:34.683+00,,437352,42.35315974788239,-71.0468447990993
2734,Subway,,1281 Hyde Park,Hyde Park,MA,02136,Active,FT,Eating & Drinking w/ Take Out,2016-11-01 13:00:07.583+00,6173617373,156201,42.255266751054634,-71.12450026110407
2735,Subway,,13 William C Kelly,East Boston,MA,02128,Active,FT,Eating & Drinking w/ Take Out,2013-08-14 17:11:28+00,6175610061,151119,42.37457669691503,-71.03880387729498
2736,Subway,,1576 Dorchester,Dorchester,MA,02122,Active,FT,Eating & Drinking w/ Take Out,2006-12-07 18:36:21+00,7815727104,156882,42.29710716743132,-71.06047949260304
2737,Subway,,1578 Tremont,Mission Hill,MA,02120,Active,FT,Eating & Drinking w/ Take Out,2019-01-10 20:35:06.58+00,6172323956,137255,42.333239999446846,-71.10256000103047
2738,Subway,,2195 Commonwealth,Brighton,MA,02135,Active,FT,Eating & Drinking w/ Take Out,2019-04-08 15:16:20.16+00,6172325752,157762,42.34028006411988,-71.16648744124736
2739,Subway,,340 Longwood,Boston,MA,02115,Active,FT,Eating & Drinking w/ Take Out,2006-12-07 18:35:48+00,6172649299,156613,42.33832798368653,-71.1069593361776
2740,Subway,,393 Massachusetts,Boston,MA,02115,Active,FT,Eating & Drinking w/ Take Out,2023-11-08 15:03:46.183+00,6174377180,92062,42.34147999993117,-71.08347000127725
2741,Subway,,413 Washington,Boston,MA,02108,Active,FT,Eating & Drinking w/ Take Out,2024-04-05 16:13:54.607+00,7742434497,145128,42.35588899994394,-71.060325000883
2742,Subway,,4238 Washington,Roslindale,MA,02131,Active,FT,Eating & Drinking w/ Take Out,2011-07-30 17:53:52+00,4016516996,171262,42.2858506340688,-71.12834185433276
2743,Subway,,875 William T Morrissey,Dorchester,MA,02122,Active,FS,Eating & Drinking,2014-08-04 15:09:39.27+00,4012864870,155700,42.29357322507909,-71.04787805771532
2744,Subway,,904 Huntington,Mission Hill,MA,02130,Active,FS,Eating & Drinking,2017-06-06 14:58:12.837+00,6172325752,354482,42.33189984779459,-71.11181573179333
2745,Subway,,944 Bennington,East Boston,MA,02128,Active,FT,Eating & Drinking w/ Take Out,2023-12-05 20:24:59.32+00,,155885,42.38616686017214,-71.00953059258804
2746,Subway,,981 Tremont,Mission Hill,MA,02120,Active,FS,Eating & Drinking,2014-11-19 13:31:37.847+00,6179890453,138062,42.33733000022855,-71.08439000150844
2747,Suffolk Construction,,65 Allerton,Roxbury,MA,02119,Active,FS,Eating & Drinking,2017-08-31 14:10:45.59+00,6175173556,375140,42.32832907030409,-71.07020932937677
2748,Sufra,,52 Queensberry,Boston,MA,02215,Active,FS,Eating & Drinking,2018-06-11 14:21:49.03+00,8326466414,157535,42.342574858500726,-71.09731994465268
2749,Sugar Baking,,1884 Centre,West Roxbury,MA,02132,Active,FT,Eating & Drinking w/ Take Out,2023-10-12 15:47:08.33+00,6173278427,352578,42.2857599995812,-71.15535000135033
2750,Sugar Bowl Cafe LLC,,857 Dorchester,Dorchester,MA,02125,Active,FS,Eating & Drinking,2021-12-27 21:01:12.423+00,6178491021,157324,42.32146144250702,-71.05696022051293
2751,Sugar Factory,,100-199 Faneuil Hall Market,Boston,MA,02109,Active,FS,Eating & Drinking,2022-03-21 14:03:38.193+00,,,,
2752,Sugar's Hot Pizza,,29 Northern,Boston,MA,02210,Active,FT,Eating & Drinking w/ Take Out,2025-10-28 17:38:10.18+00,,422232,42.35332792761134,-71.04738239629609
2753,Sullivan's,,2080 WM J DAY ,SOUTH BOSTON,MA,02127,Active,FT,Eating & Drinking w/ Take Out,2006-12-07 18:34:09+00,6176969721,,,
2754,Sullivan's Public House,,85 Main,Charlestown,MA,02129,Active,FS,Eating & Drinking,2022-01-13 16:47:32.057+00,6175808146,395428,42.37395813448064,-71.06275087496263
2755,Sullivan's Tap,,168 Canal,Boston,MA,02114,Active,FS,Eating & Drinking,2018-12-27 15:04:13.597+00,7164351356,354253,42.3650160646198,-71.06117955270855
2756,sultana's bakery & cafe,,1585 Commonwealth,Brighton,MA,02135,Active,FT,Eating & Drinking w/ Take Out,2015-10-21 14:58:32.583+00,6172025454,156593,42.34426267685569,-71.14307042276954
2757,Summit Partners,,222 Berkeley,Boston,MA,02116,Active,FS,Eating & Drinking,2021-06-25 17:09:27.027+00,6174297502,15007,42.350839999854266,-71.07311000081562
2758,Sunday Bakery,,418 Market,Brighton,MA,02135,Active,FT,Eating & Drinking w/ Take Out,2024-06-03 18:51:30.54+00,6175626333,167423,42.34928855493394,-71.15322040181812
2759,Sunny Cafe,,1000 Bennington,East Boston,MA,02128,Active,FT,Eating & Drinking w/ Take Out,2016-08-16 14:59:20.19+00,6464790887,14507,42.38686999932793,-71.0068700016629
2760,Sunny Girl,,252 Commercial,Boston,MA,02109,Active,FS,Eating & Drinking,2023-04-03 16:08:49.9+00,8572770356,356996,42.36399000018087,-71.0513700016888
2761,Sunny Girl,,38B Fleet,Boston,MA,02109,Active,FT,Eating & Drinking w/ Take Out,2024-07-16 18:16:01.303+00,6173157347,165294,42.36444740814958,-71.05219970919585
2762,SUN PIZZA,,46 Washington,Dorchester,MA,02121,Active,FT,Eating & Drinking w/ Take Out,2006-12-07 18:34:34+00,6175411991,146087,42.30715000063622,-71.08214000108012
2763,SUN PIZZA.,,870 BLUE HILL ,DORCHESTER,MA,02124,Active,FT,Eating & Drinking w/ Take Out,2006-12-07 18:34:47+00,,,42.295067080440944,-71.08753880337035
2764,Superstar Cuisine,,1156 River,Hyde Park,MA,02136,Active,FT,Eating & Drinking w/ Take Out,2025-05-23 18:13:45.517+00,6173644600,116332,42.25641999974807,-71.1203300011082
2765,Super Stop & Shop,,1100 Massachusetts,Dorchester,MA,02125,Active,FS,Eating & Drinking,2013-03-22 16:50:59+00,6175414700,91942,42.32652976919247,-71.06504976608561
2766,Supreme Pizza,,177 Massachusetts,Boston,MA,02115,Active,FT,Eating & Drinking w/ Take Out,2013-11-20 18:43:17+00,6172478252,91980,42.3457700001835,-71.08734000076146
2767,SUSAN BAILIS ASSISTED LIVING,,352 Massachusetts,Boston,MA,02115,Active,FS,Eating & Drinking,2006-12-07 18:35:46+00,7817624800,156786,42.342059090718294,-71.0834891572444
2768,Sushi By Bosso Ramen Tavern,,163 Newbury,Boston,MA,02116,Active,FS,Eating & Drinking,2023-05-26 16:16:51.29+00,,101369,42.35083999962928,-71.07879000040937
2769,Sushi Today,,1562 Tremont,Mission Hill,MA,02120,Active,FS,Eating & Drinking,2018-06-15 13:10:32.89+00,6177380888,137246,42.332929999560086,-71.10170000091087
2770,Su Su Gourmet,,70 Tyler,Boston,MA,02111,Active,FS,Eating & Drinking,2014-12-11 14:18:44.673+00,6173387388,155947,42.34924807922424,-71.06120859947771
2771,Suya Joint,,185 Dudley,Roxbury,MA,02119,Active,FS,Eating & Drinking,2015-04-09 15:38:30.17+00,5084466746,49641,42.328412874400875,-71.08195320809678
2772,Sweeney's on Boylston,,61 Exeter,Boston,MA,02199,Active,FS,Eating & Drinking,2024-10-01 13:33:12.327+00,6175365300,165133,42.349156077129216,-71.07955560823402
2773,Sweet Boba,,9 William C Kelly,East Boston,MA,02128,Active,FT,Eating & Drinking w/ Take Out,2019-07-19 14:56:01.02+00,,151130,42.37449155939398,-71.03883780093774
2774,Sweet Cheeks,,144 Brookline,Boston,MA,02215,Active,FS,Eating & Drinking,2011-08-12 17:21:39+00,6172661300,341545,42.344462438567604,-71.1010982758041
2775,Sweet Cheeks/Fool's Errand,,144 Brookline,Boston,MA,02215,Active,FS,Eating & Drinking,2018-01-22 15:28:06.623+00,7812049313,341545,42.344462438567604,-71.1010982758041
2776,Sweetgreen,,132 Brookline,Boston,MA,02215,Active,FS,Eating & Drinking,2015-12-23 15:21:14.51+00,6033128613,352095,42.34494600018435,-71.1005700012279
2777,Sweetgreen,,15 School,Boston,MA,02108,Active,FS,Eating & Drinking,2015-12-01 20:00:28.913+00,6033128613,307105,42.35763468856257,-71.05872810120735
2778,Sweetgreen,,225 Franklin,Boston,MA,02110,Active,FS,Eating & Drinking,2017-05-02 14:36:47.407+00,6033128613,158047,42.356135732002706,-71.0540683495597
2779,Sweetgreen,,23 Northern,Boston,MA,02210,Active,FS,Eating & Drinking,2017-05-02 14:37:55.883+00,6033128613,352651,42.353425169987005,-71.0476118790756
2780,Sweetgreen,,296 Cambridge,Boston,MA,02114,Active,FS,Eating & Drinking,2021-04-13 13:24:05.79+00,6033128613,25282,42.360934239961985,-71.06859218893568
2781,Sweetgreen,,350 Harrison,Roxbury,MA,02118,Active,FS,Eating & Drinking,2016-03-10 15:57:19.847+00,3238687790,419797,42.34515704361879,-71.06335020775455
2782,Sweetgreen,,354 Longwood,Boston,MA,02215,Active,FS,Eating & Drinking,2021-04-12 18:44:03.78+00,6033128613,343104,42.33898734240272,-71.10769427415768
2783,Sweetgreen,,60 State,Boston,MA,02109,Active,FS,Eating & Drinking,2017-03-01 15:27:57.607+00,6033128613,130427,42.359270000101496,-71.05643000032522
2784,Sweetgreen,,659 Boylston,Boston,MA,02116,Active,FS,Eating & Drinking,2013-01-24 14:16:00+00,,18371,42.35002000031056,-71.07865000038235
2785,Sweetgreen,,800 Boylston,Boston,MA,02199,Active,FT,Eating & Drinking w/ Take Out,2015-06-24 16:48:02.277+00,,157244,42.34729680482496,-71.0814574594804
2786,Sweetgreen,,87 Summer,Boston,MA,02111,Active,FS,Eating & Drinking,2016-01-19 19:53:35.39+00,6033128613,157520,42.35384802690848,-71.05856104557041
2787,Sweeties,,48 Corinth,Roslindale,MA,02131,Active,FT,Eating & Drinking w/ Take Out,2023-12-11 16:13:33.86+00,5186052299,400069,42.28596999976435,-71.129140001674
2788,Sweet Kingdom,,15 Beach,Boston,MA,02111,Active,FT,Eating & Drinking w/ Take Out,2015-03-11 18:10:19.583+00,6178165623,156243,42.35138427940127,-71.06231669167732
2789,Sweet Life Bakery and Cafe,,2243 Dorchester,Dorchester,MA,02124,Active,FS,Eating & Drinking,2012-09-07 12:57:24+00,,156564,42.27378256350066,-71.06785021052366
2790,Sweet Rice,,695 Centre,Jamaica Plain,MA,02130,Active,FS,Eating & Drinking,2019-03-20 17:13:35.67+00,6175220555,156049,42.31179014803039,-71.11453016666088
2791,Sweet Rice Thai Sushi,Sweet Rice Thai Sushi,187 Main,Charlestown,MA,02129,Active,FT,Eating & Drinking w/ Take Out,2022-03-10 16:11:46.753+00,,352127,42.37600499984661,-71.0647250008317
2792,Sweet Sip,,285 Adams,Dorchester,MA,02122,Active,FT,Eating & Drinking w/ Take Out,2016-12-14 20:02:38.22+00,8576548378,421204,42.299664729510575,-71.05878941872314
2793,Sweet Spoon,,2 Chestnut Hill,Brighton,MA,02135,Active,FT,Eating & Drinking w/ Take Out,2025-01-31 15:04:49.593+00,6178707903,31738,42.348889999859914,-71.15328000111485
2794,Sweet Teez Bakery,,1211 Dorchester,Dorchester,MA,02125,Active,FS,Eating & Drinking,2025-04-15 16:01:50.997+00,7184734112,459531,42.309795738049935,-71.05861469554577
2795,Swingers The Crazy Golf Club,,777 Boylston,Boston,MA,02116,Active,FS,Eating & Drinking,2025-04-02 15:48:18.653+00,,18396,42.349169860800934,-71.08132480568739
2796,Swiss Bakers,,168 Western,Allston,MA,02134,Active,FS,Eating & Drinking,2020-02-25 17:56:02.52+00,7813155008,148161,42.363010000118344,-71.12851000146105
2797,SYMPHONY SUSHI,,45 Gainsborough,Boston,MA,02115,Active,FS,Eating & Drinking,2006-12-07 18:35:53+00,6176695420,157800,42.34198972477782,-71.08708129054453
2798,Tabla Express - Space#11,,122 Brighton,Allston,MA,02134,Active,FT,Eating & Drinking w/ Take Out,2026-03-11 16:10:54.477+00,7654134075,162569,42.35240065993929,-71.13107730992346
2799,Table Caffe,,396 Hanover,Boston,MA,02113,Active,FT,Eating & Drinking w/ Take Out,2021-11-17 16:59:19.63+00,8572504286,352505,42.3660199998677,-71.05296000082284
2800,Table/Table Mercato,,445 Hanover,Boston,MA,02109,Active,FS,Eating & Drinking,2018-07-25 14:26:57.28+00,6173201109,360239,42.36616122641174,-71.05264067467823
2801,Taco Azul,,21 Beacon,Boston,MA,02108,Active,FS,Eating & Drinking,2024-05-24 13:27:09.953+00,9286076511,161878,42.35819151038157,-71.06240705595307
2802,Taco Bell,,1084 Boylston,Boston,MA,02115,Active,FT,Eating & Drinking w/ Take Out,2024-11-13 18:19:57.143+00,,17945,42.34691199992926,-71.08819600149593
2803,Taco Bell,,202 Harvard,Allston,MA,02134,Active,FT,Eating & Drinking w/ Take Out,2023-11-17 16:00:36.673+00,,70348,42.34997000061813,-71.13048000133386
2804,Taco Bell,,288 Washington,Brighton,MA,02135,Active,FT,Eating & Drinking w/ Take Out,2025-08-14 17:56:18.557+00,,143503,42.348660000411,-71.15050000115262
2805,Taco Bell,,2 Maverick,East Boston,MA,02128,Active,FT,Eating & Drinking w/ Take Out,2024-11-13 18:26:31.633+00,,92868,42.36925225347362,-71.03997065948633
2806,Taco Bell,,449 Broadway,South Boston,MA,02127,Active,FT,Eating & Drinking w/ Take Out,2021-11-08 15:07:25.333+00,8573411540,21511,42.335931678468135,-71.04679967180195
2807,Taco Bell,,74 Summer,Boston,MA,02110,Active,FS,Eating & Drinking,2019-09-06 15:56:47.223+00,9788807699,157506,42.354093837551254,-71.0582596585647
2808,Taco Bell # 29265,,1560 VFW,West Roxbury,MA,02132,Active,FT,Eating & Drinking w/ Take Out,2013-04-18 11:47:35+00,6173272645,140319,42.26679719811303,-71.1685721224018
2809,Taco John's,,71 Summer,Boston,MA,02111,Active,FT,Eating & Drinking w/ Take Out,2023-10-30 16:42:44.723+00,8592615400,341200,42.35404503414631,-71.05891534098055
2810,TACO MEX,,65 Maverick,East Boston,MA,02128,Active,FT,Eating & Drinking w/ Take Out,2006-12-07 18:35:45+00,6175939866,156782,42.36968564709534,-71.03865984070907
2811,Tacos El Chikis,,48 Northern,Boston,MA,02210,Active,FS,Eating & Drinking,2025-07-10 14:21:03.85+00,6178657273,168260,42.3534491608824,-71.04626044179913
2812,TAIWAN CAFE,,34 Oxford,Boston,MA,02111,Active,FS,Eating & Drinking,2012-05-10 16:42:21+00,6174268181,157443,42.351466978762176,-71.06020914139222
2813,Taiyaki NYC,,121 Seaport,Boston,MA,02210,Active,FT,Eating & Drinking w/ Take Out,2018-12-11 18:24:29.937+00,9175399526,423254,42.350884686367415,-71.04459809425383
2814,TALK AND WOK CAFE,,1277 River,Hyde Park,MA,02136,Active,FS,Eating & Drinking,2019-12-05 19:55:04.443+00,6173616888,157510,42.2559520964058,-71.12428934085706
2815,Tall Ship Restaurant,,   , ,MA, ,Active,FS,Eating & Drinking,2021-06-11 16:51:36.84+00,,,,
2816,Tall Ship Restaurant- #1,,   , ,MA, ,Active,FT,Eating & Drinking w/ Take Out,2021-06-11 16:53:30.17+00,,,,
2817,Tall Ship Restaurant #2,,   , ,MA, ,Active,FT,Eating & Drinking w/ Take Out,2021-06-28 16:45:52.96+00,8137855466,,,
2818,Tall Ship Restaurant- #5,,1 East Pier,East Boston,MA,02128,Active,FT,Eating & Drinking w/ Take Out,2021-06-11 16:55:04.693+00,,446365,42.364956191451554,-71.04121482120479
2819,Tall Ship Restaurant- #7,,   , ,MA, ,Active,FT,Eating & Drinking w/ Take Out,2021-06-11 16:56:00.88+00,,,,
2820,Tall Ship Restaurant (Bar Trailer #4),,1 East Pier,East Boston,MA,02128,Active,FT,Eating & Drinking w/ Take Out,2026-01-08 16:29:45.683+00,6173077714,446365,42.364956191451554,-71.04121482120479
2821,Tall Ship Restaurant Container #3,,1 East Pier,East Boston,MA,02128,Active,FT,Eating & Drinking w/ Take Out,2022-07-13 18:05:27.517+00,,446365,42.364956191451554,-71.04121482120479
2822,Tall Ship Restaurant (Food Shack),,1 East Pier,East Boston,MA,02128,Active,FT,Eating & Drinking w/ Take Out,2026-01-08 16:35:53.893+00,6173077714,446365,42.364956191451554,-71.04121482120479
2823,Tall Ship Restaurant (Hot Cocoa Hut),,1 East Pier,East Boston,MA,02128,Active,FT,Eating & Drinking w/ Take Out,2026-01-08 16:31:56.407+00,6173077714,446365,42.364956191451554,-71.04121482120479
2824,Tall Ship Restaurant (Pretzels),,1 East Pier,East Boston,MA,02128,Active,FT,Eating & Drinking w/ Take Out,2026-01-08 16:38:07.627+00,6173077714,446365,42.364956191451554,-71.04121482120479
2825,Tall Ship Restaurant Trailer #1,,1 East Pier,East Boston,MA,02128,Active,FT,Eating & Drinking w/ Take Out,2022-07-13 17:47:14.693+00,,446365,42.364956191451554,-71.04121482120479
2826,Tall Ship Restaurant Trailer #2,,1 East Pier,East Boston,MA,02128,Active,FT,Eating & Drinking w/ Take Out,2022-07-13 17:50:57.993+00,,446365,42.364956191451554,-71.04121482120479
2827,Tall Ship Restaurant Trailer #3,,1 East Pier,East Boston,MA,02128,Active,FT,Eating & Drinking w/ Take Out,2022-07-13 17:51:47.933+00,,446365,42.364956191451554,-71.04121482120479
2828,Tamarind Heads,,196 Quincy,Dorchester,MA,02125,Active,FS,Eating & Drinking,2025-05-02 17:28:23.04+00,6178941539,377254,42.31306866790966,-71.07391936327326
2829,TANGIERINO/The Boston Cigar Club,,83 Main,Charlestown,MA,02129,Active,FS,Eating & Drinking,2006-12-07 18:35:23+00,,88678,42.37381938187018,-71.06269702395893
2830,Taqueria El Barrio,,201 Brookline,Boston,MA,02215,Active,FT,Eating & Drinking w/ Take Out,2021-07-16 13:09:35.567+00,,340960,42.34486239691058,-71.10160474147757
2831,TAQUERIA EL CARRIZAL,,248 Brighton,Allston,MA,02134,Active,FS,Eating & Drinking,2007-03-21 17:56:21+00,6177790022,20136,42.35325000078328,-71.13665000215421
2832,Taqueria El Mexicano,,382 Chelsea,East Boston,MA,02128,Active,FT,Eating & Drinking w/ Take Out,2026-07-23 15:58:56.323+00,6174559822,30537,42.37937900015323,-71.02799400149804
2833,TAQUERIA JALISCO,,291 Bennington,East Boston,MA,02128,Active,FT,Eating & Drinking w/ Take Out,2006-12-07 18:36:12+00,6175676367,14703,42.37871000006715,-71.02818000133632
2834,Taqueria Jalisco Orient Heights,,980 Saratoga,East Boston,MA,02128,Active,FS,Eating & Drinking,2025-05-09 17:47:56.357+00,6175966855,351706,42.387000000417736,-71.00720000198069
2835,Taqueria Los Compadres Mexican Food,,315 Washington,Boston,MA,02108,Active,FT,Eating & Drinking w/ Take Out,2024-08-07 16:24:48.75+00,7815960228,171038,42.35705001209852,-71.05918289661273
2836,Tarboosh Pizza & Grill,,2 Brighton,Allston,MA,02134,Active,FT,Eating & Drinking w/ Take Out,2013-10-09 17:28:38+00,,162562,42.35195437256894,-71.12617762484511
2837,Target Pizza,,5200 Washington,West Roxbury,MA,02132,Active,FT,Eating & Drinking w/ Take Out,2019-02-14 14:51:40.507+00,6173234400,157843,42.2611306149455,-71.15683052217118
2838,Target Store T-1898,,7 ALLSTATE,DORCHESTER,MA,02125,Active,FS,Eating & Drinking,2006-12-07 18:35:59+00,6127611913,,42.32933381539956,-71.06328822679266
2839,TASCA RESTAURANT,,1612 Commonwealth,Brighton,MA,02135,Active,FS,Eating & Drinking,2018-11-19 15:35:31.753+00,8572655881,156576,42.3433283822371,-71.1426503061232
2840,Tasty BBQ,,417 Washington,Boston,MA,02108,Active,FT,Eating & Drinking w/ Take Out,2015-10-23 15:22:30.67+00,8636178025,157146,42.35583082117818,-71.06040079012439
2841,Tasty Burger,,86 Van Ness,Boston,MA,02215,Active,FS,Eating & Drinking,2023-04-25 18:17:19.89+00,6174254444,355890,42.34464374617293,-71.09951062458511
2842,Tasty Burger Back Bay,,145 Dartmouth,Boston,MA,02116,Active,FS,Eating & Drinking,2015-01-05 15:23:06.263+00,6174254444,46313,42.347277918147604,-71.07545140055491
2843,Tasya's Kitchen #14,,122 Brighton,Allston,MA,02134,Active,FT,Eating & Drinking w/ Take Out,2024-12-04 16:34:49.793+00,,162569,42.35240065993929,-71.13107730992346
2844,Tatte Bakery & Cafe,,125 High,Boston,MA,02110,Active,FS,Eating & Drinking,2022-04-07 17:47:02.703+00,,166214,42.35518000035624,-71.0536000016442
2845,Tatte Bakery & Cafe,,125 Summer,Boston,MA,02111,Active,FS,Eating & Drinking,2018-07-24 18:10:20.173+00,3166851622,358005,42.35309999973272,-71.05744000070447
2846,Tatte Bakery & Cafe,,1350 Boylston,Boston,MA,02215,Active,FS,Eating & Drinking,2017-05-18 14:08:06.183+00,3166851622,18095,42.34376773606964,-71.09957431613496
2847,Tatte Bakery & Cafe,,160 Massachusetts,Boston,MA,02118,Active,FS,Eating & Drinking,2019-03-26 17:09:14.957+00,3166851622,,,
2848,Tatte Bakery & Cafe,,200 Clarendon,Boston,MA,02116,Active,FS,Eating & Drinking,2023-03-13 17:58:25.137+00,,33209,42.34921000046016,-71.07513000164919
2849,Tatte Bakery & Cafe,,200 Pier 4,Boston,MA,02210,Active,FS,Eating & Drinking,2018-02-13 18:07:57.17+00,3166851622,422323,42.352007953269535,-71.04255903773247
2850,Tatte Bakery & Cafe,,201 Washington,BOSTON,MA,02108,Active,FS,Eating & Drinking,2019-02-06 16:06:49.45+00,3166851622,172688,42.35852000001347,-71.05837000123444
2851,Tatte Bakery & Cafe,,345 Harrison,Roxbury,MA,02118,Active,FS,Eating & Drinking,2019-05-23 14:45:29.983+00,6175771111,69828,42.344885445535304,-71.0642243432147
2852,Tatte Bakery & Cafe,,359 Huntington,Boston,MA,02115,Active,FS,Eating & Drinking,2018-04-19 16:53:09.953+00,3166851622,341062,42.34019380044354,-71.09030627124037
2853,Tatte Bakery & Cafe,,399 Boylston,Boston,MA,02116,Active,FS,Eating & Drinking,2017-08-28 16:43:57.997+00,3166851622,18319,42.35178999985038,-71.07209000152072
2854,Tatte Bakery & Cafe,,40 Warren,Charlestown,MA,02129,Active,FS,Eating & Drinking,2019-11-22 18:18:02.353+00,6175771111,395388,42.3733000000022,-71.06152000121222
2855,Tatte Bakery & Cafe,,60 Old Colony,South Boston,MA,02127,Active,FS,Eating & Drinking,2021-03-17 16:21:56.53+00,6175771112,439318,42.33636117242864,-71.0555970368218
2856,Tatte Bakery & Cafe,,70 Charles,Boston,MA,02114,Active,FT,Eating & Drinking w/ Take Out,2014-09-22 17:13:28.897+00,3166851622,29173,42.35787726288785,-71.07061447680753
2857,Tatte Bakery & Cafe,,80 Boylston,Boston,MA,02116,Active,FS,Eating & Drinking,2019-12-06 13:30:36.327+00,6175771111,155859,42.35222576580822,-71.06490969394378
2858,Tatte Bakery & Cafe 2nd Fl.,,201 Washington,BOSTON,MA,02108,Active,FT,Eating & Drinking w/ Take Out,2024-03-14 12:59:39.927+00,6179049030,172688,42.35852000001347,-71.05837000123444
2859,Tavern Club,,4 Boylston,Boston,MA,02116,Active,FS,Eating & Drinking,2006-12-07 18:33:52+00,6173389682,156405,42.35190123499203,-71.06616976579691
2860,Tavern In The Square Restaurant (North Station),,96 Beverly,Boston,MA,02114,Active,FS,Eating & Drinking,2013-10-23 14:59:09+00,6173125613,348029,42.36533855673271,-71.05985244440086
2861,Tavern In The Square Restaurant (So. Station),,640 Atlantic,Boston,MA,02111,Active,FS,Eating & Drinking,2013-10-23 14:21:20+00,6173125613,156474,42.35002140648515,-71.05594134771243
2862,Tavern of Tales,,1478 Tremont,Mission Hill,MA,02120,Active,FS,Eating & Drinking,2019-11-22 19:58:40.453+00,6177080294,351808,42.331753415624,-71.09867931078762
2863,Tavolo,,1917 DORCHESTER,DORCHESTER,MA,02124,Active,FS,Eating & Drinking,2007-10-22 16:18:15+00,6174365076,,42.28521347978395,-71.06463831621204
2864,TBaar,,754 Huntington,Mission Hill,MA,02120,Active,FT,Eating & Drinking w/ Take Out,2020-02-25 20:13:04.587+00,,76421,42.33348700005847,-71.10572400197285
2865,TD Garden - 19 Pantry (Concession) #SW905,,100 Legends,Boston,MA,02114,Active,FT,Eating & Drinking w/ Take Out,2019-05-13 14:31:26.35+00,,,,
2866,T D Garden Banner Restaurant,,100 Legends,Boston,MA,02114,Active,FS,Eating & Drinking,2006-12-07 18:34:43+00,6176241610,,,
2867,T D Garden Executive Suites Kitchen,,100 Legends,Boston,MA,02114,Active,FS,Eating & Drinking,2006-12-07 18:34:43+00,6176241610,,,
2868,TD Garden L3 Dining Lounge #SE-328,,100 Legends,Boston,MA,02114,Active,FS,Eating & Drinking,2019-07-12 12:05:24.92+00,6176241604,,,
2869,TD Garden L3 Pantry Rm. #SE-325,,100 Legends,Boston,MA,02114,Active,FT,Eating & Drinking w/ Take Out,2019-07-12 11:52:46.357+00,6176241604,,,
2870,TD Garden L5 Bar Room #SE-524,,100 Legends,Boston,MA,02114,Active,FS,Eating & Drinking,2019-05-13 14:57:01.27+00,,,,
2871,TD Garden L5 Gelato Cafe #SE-525,,100 Legends,Boston,MA,02114,Active,FT,Eating & Drinking w/ Take Out,2019-05-13 15:03:51.187+00,,,,
2872,TD Garden L9 Bar room  #NE-918,,100 Legends,Boston,MA,02114,Active,FT,Eating & Drinking w/ Take Out,2019-05-13 15:15:30.093+00,,,,
2873,TD Garden L9 Bar Room #SW-909,,100 Legends,Boston,MA,02114,Active,FT,Eating & Drinking w/ Take Out,2019-05-13 14:44:09.78+00,,,,
2874,TD Garden L9 Concession #SE-905,,100 Legends,Boston,MA,02114,Active,FT,Eating & Drinking w/ Take Out,2019-05-13 14:33:01.013+00,,,,
2875,TD Garden L9 Concession #SW-914,,100 Legends,Boston,MA,02114,Active,FT,Eating & Drinking w/ Take Out,2019-05-13 14:34:40.84+00,,,,
2876,T D Garden Legends Club,,100 Legends,Boston,MA,02114,Active,FS,Eating & Drinking,2006-12-07 18:34:43+00,6176241610,,,
2877,TD Garden Lev 4 Bar Room SW-417,,100 Legends,Boston,MA,02114,Active,FT,Eating & Drinking w/ Take Out,2018-11-16 19:25:41.39+00,6176241604,340814,42.36616322384503,-71.06194055953804
2878,TD Garden Lev 4 Concession SW-418,,100 Legends,Boston,MA,02114,Active,FT,Eating & Drinking w/ Take Out,2018-11-16 19:25:41.88+00,6176241604,340814,42.36616322384503,-71.06194055953804
2879,TD Garden Lev 4 Grab & Go SW-420,,100 Legends,Boston,MA,02114,Active,FT,Eating & Drinking w/ Take Out,2018-11-16 19:25:40.927+00,6176241604,340814,42.36616322384503,-71.06194055953804
2880,TD Garden Lev 5 Bar Room So. Club SW-523,,100 Legends,Boston,MA,02114,Active,FT,Eating & Drinking w/ Take Out,2018-11-16 19:25:43.353+00,6176241604,340814,42.36616322384503,-71.06194055953804
2881,TD Garden Lev 5 Kitchen SW-524,,100 Legends,Boston,MA,02114,Active,FT,Eating & Drinking w/ Take Out,2018-11-16 19:25:42.33+00,6176241604,340814,42.36616322384503,-71.06194055953804
2882,TD Garden Lev 7 Bar Room SW-720,,100 Legends,Boston,MA,02114,Active,FT,Eating & Drinking w/ Take Out,2018-11-16 19:24:42.94+00,6176241604,340814,42.36616322384503,-71.06194055953804
2883,TD Garden Lev 7 Concession SW-721,,100 Legends,Boston,MA,02114,Active,FT,Eating & Drinking w/ Take Out,2018-11-16 19:25:39.88+00,6176241604,340814,42.36616322384503,-71.06194055953804
2884,TD Garden Lev7 Grab & Go SW-723,,100 Legends,Boston,MA,02114,Active,FT,Eating & Drinking w/ Take Out,2018-11-16 19:25:39.19+00,6176241604,340814,42.36616322384503,-71.06194055953804
2885,TD Garden Lev 8 Bar Room SW-809,,100 Legends,Boston,MA,02114,Active,FT,Eating & Drinking w/ Take Out,2018-11-16 19:25:40.373+00,6176241604,340814,42.36616322384503,-71.06194055953804
2886,T D Garden Premium Club,,100 Legends,Boston,MA,02114,Active,FS,Eating & Drinking,2006-12-07 18:34:43+00,6176241610,340814,42.36616322384503,-71.06194055953804
2887,Tea by the Sea,,99 Sumner,East Boston,MA,02128,Active,FS,Eating & Drinking,2021-11-01 17:16:05.91+00,6462209991,132523,42.36980947418374,-71.04243819155683
2888,Tea Do,,333 Huntington,Boston,MA,02115,Active,FT,Eating & Drinking w/ Take Out,2024-08-21 19:06:26.727+00,2156095555,354249,42.34087171215824,-71.08847624464822
2889,Tea Do/ Ice Age,,8 Tyler,Boston,MA,02111,Active,FS,Eating & Drinking,2013-06-12 13:35:10+00,,323538,42.351029999549816,-71.06043000117127
2890,Tea Station Coffee,,1041 Saratoga,East Boston,MA,02128,Active,FT,Eating & Drinking w/ Take Out,2023-04-21 14:31:42.327+00,,391457,42.38594000031626,-71.00511000074283
2891,Teazzi Tea Shop - Boston,,31 Harrison,Boston,MA,02111,Active,FT,Eating & Drinking w/ Take Out,2021-09-28 15:00:26.307+00,5854516393,0,,
2892,Teddys on the Hill/Red Hat,,9 Bowdoin,Boston,MA,02114,Active,FS,Eating & Drinking,2022-01-03 12:59:59.053+00,,17618,42.36101999969638,-71.06319000117755
2893,Temazcal,,300 Terminal,East Boston,MA,02128,Active,FS,Eating & Drinking,2019-04-08 14:25:24.403+00,,,,
2894,Tenderonis,,100 High,Boston,MA,02110,Active,FT,Eating & Drinking w/ Take Out,2019-10-17 18:19:31.53+00,6174526262,342934,42.354465446258,-71.05529865229609
2895,Tenoch Mexican,,3 Lewis,Boston,MA,02109,Active,FT,Eating & Drinking w/ Take Out,2013-10-31 12:52:33+00,6176698638,263801,42.36328000035848,-71.05188000164372
2896,Ten One Tea House,,1325 Boylston,Boston,MA,02215,Active,FT,Eating & Drinking w/ Take Out,2022-01-19 17:35:42.47+00,4014804787,18092,42.34437822478417,-71.09923458931928
2897,Ten One Tea House,,279 Newbury,Boston,MA,02116,Active,FT,Eating & Drinking w/ Take Out,2017-12-12 19:20:19.817+00,4019997262,101491,42.34938000036875,-71.08401400134163
2898,Ten Second Noodles,,60 Beach,Boston,MA,02111,Active,FS,Eating & Drinking,2021-04-30 13:31:32.203+00,7818882119,351819,42.35140999998186,-71.06013000075632
2899,Tepeyac Cocina Mexicana,,1244 Washington,Roxbury,MA,02118,Active,FT,Eating & Drinking w/ Take Out,2023-11-02 15:20:24.39+00,7813463304,370984,42.34243000002749,-71.06723000068119
2900,Teranga Grill,,150 Dudley,Roxbury,MA,02119,Active,FT,Eating & Drinking w/ Take Out,2026-05-29 14:10:11.04+00,6175168671,375402,42.328810000106934,-71.08328000150995
2901,Teriyaki House,,32 Broadway,South Boston,MA,02127,Active,FT,Eating & Drinking w/ Take Out,2006-12-07 18:35:54+00,6175135701,157330,42.34267270443486,-71.0564209735675
2902,TERRAMIA RISTORANTE,,98 Salem,Boston,MA,02113,Active,FS,Eating & Drinking,2006-12-07 18:35:10+00,7818213651,121955,42.36405401969191,-71.05573361889128
2903,Terra Restaurant,,800 Boylston,Boston,MA,02199,Active,FS,Eating & Drinking,2016-03-16 15:01:20.12+00,,157244,42.34729680482496,-71.0814574594804
2904,Tex Mex Eats - Lower Level,,32 Cambridge,Charlestown,MA,02129,Active,FT,Eating & Drinking w/ Take Out,2022-11-21 19:44:00.54+00,,25110,42.383569999309664,-71.0743500017016
2905,THAI BASIL,,132 Newbury,Boston,MA,02116,Active,FS,Eating & Drinking,2006-12-07 18:35:22+00,6175780089,101341,42.35092000008556,-71.07668000111067
2906,THAI DISH RESTAURANT,,270 Babcock,Boston,MA,02134,Active,FS,Eating & Drinking,2015-12-29 13:38:23.77+00,7817560671,161758,42.35266133857656,-71.12183708023385
2907,Thai North Restaurant,,433 Faneuil,Brighton,MA,02135,Active,FT,Eating & Drinking w/ Take Out,2013-03-08 18:21:53+00,8579193084,156227,42.35122633880752,-71.16846130960647
2908,Thai Oishi,,203 Adams,Dorchester,MA,02122,Active,FS,Eating & Drinking,2022-03-10 16:45:03.57+00,6172822878,156222,42.30188091428843,-71.06020977314896
2909,Thai Place Restaurant,,184 Brighton,Allston,MA,02134,Active,FT,Eating & Drinking w/ Take Out,2011-11-10 18:50:26+00,,157283,42.353022734010565,-71.13372107257678
2910,Thai Spice,,1745 Centre,West Roxbury,MA,02132,Active,FT,Eating & Drinking w/ Take Out,2013-01-15 19:57:10+00,6174690002,156249,42.287454370079104,-71.15024989463748
2911,Thaitation,,129 Jersey,Boston,MA,02215,Active,FS,Eating & Drinking,2009-01-21 20:51:58+00,6175859909,158053,42.34232000047469,-71.09695000109517
2912,That Fat Duck,,32 Cambridge,Charlestown,MA,02129,Active,FT,Eating & Drinking w/ Take Out,2025-10-09 19:25:34.973+00,5414109818,25110,42.383569999309664,-71.0743500017016
2913,Thazia,,21 Dry Dock,Boston,MA,02210,Active,FT,Eating & Drinking w/ Take Out,2021-12-14 19:33:02.333+00,,164542,42.344239512372,-71.03113360993106
2914,The Allandale Grill - 4th Fl.,,44 Allandale,Roslindale,MA,02467,Active,FS,Eating & Drinking,2024-03-21 14:27:19.767+00,6175220043,397856,42.30012000012234,-71.13059000131649
2915,The Alley Bar,,275 Washington,Boston,MA,02108,Active,FS,Eating & Drinking,2013-12-11 20:37:43+00,6172631449,157049,42.357702645692086,-71.05831710623391
2916,The Anchor,,36 First,Charlestown,MA,02129,Active,FS,Eating & Drinking,2020-07-07 14:38:41.083+00,6172862404,156731,42.374916469473845,-71.05399179794158
2917,The Ancient Bakers,,1199 Tremont,Mission Hill,MA,02120,Active,FS,Eating & Drinking,2026-03-13 12:54:05.92+00,6178422311,170498,42.33411029626139,-71.09084799820377
2918,The Atrium Cafe@Brigham & Womens Faulkner Hosp.,,1153 Centre,Jamaica Plain,MA,02130,Active,FT,Eating & Drinking w/ Take Out,2007-07-24 14:56:27+00,6179837265,,,
2919,The Avenue Bar & Grill,,1249 Commonwealth,Allston,MA,02134,Active,FS,Eating & Drinking,2012-06-29 13:24:24+00,6179033110,37133,42.350209999949264,-71.13215000110426
2920,The Avenue Grille,,856 Dorchester,Dorchester,MA,02125,Active,FT,Eating & Drinking w/ Take Out,2018-10-24 15:09:10.36+00,6172888000,156742,42.3215423376293,-71.05658987930542
2921,The Backstage Cafe @Emerson,,2 Boylston,Boston,MA,02116,Active,FT,Eating & Drinking w/ Take Out,2018-06-05 18:57:40.853+00,7043284375,18639,42.352044843678925,-71.0661176369821
2922,The Bagel Table,,80 Guest,Brighton,MA,02135,Active,FS,Eating & Drinking,2019-07-24 15:43:29.63+00,,422351,42.35706180977468,-71.14408464421841
2923,The Banks Seafood & Steak,,406 Stuart,Boston,MA,02116,Active,FS,Eating & Drinking,2021-04-26 13:30:25.68+00,7813077730,354491,42.348871001635615,-71.07378899411769
2924,THE BANSHEE,,934 DORCHESTER ,DORCHESTER,MA,02125,Active,FS,Eating & Drinking,2006-12-07 18:34:57+00,6174369747,,42.318962440258645,-71.05647853463388
2925,THE BARKING CRAB,,88 Sleeper,Boston,MA,02210,Active,FS,Eating & Drinking,2006-12-07 18:34:41+00,6174262722,128154,42.35389499947377,-71.04857600158121
2926,The Baupost Group/Cafe Services,,10 ST JAMES,BOSTON,MA,02116,Active,FS,Eating & Drinking,2014-04-17 18:40:30+00,6172108300,,42.350390000004666,-71.07087000122388
2927,The BBQ Joint,,888A Morton,Dorchester,MA,02124,Active,FT,Eating & Drinking w/ Take Out,2026-04-21 14:26:50.183+00,6179875945,97819,42.280989999965406,-71.08407000163352
2928,The Bebop,,1116 Boylston,Boston,MA,02115,Active,FS,Eating & Drinking,2016-12-08 20:19:50.847+00,6178218203,351728,42.34679000004263,-71.08871000142467
2929,The Beehive,,537 Tremont,Boston,MA,02116,Active,FS,Eating & Drinking,2007-05-11 18:50:08+00,6174230069,137617,42.34444111230883,-71.07125027296739
2930,THE BELVEDERE CONDOMINIUM,,100 Belvidere,Boston,MA,02199,Active,FS,Eating & Drinking,2006-12-07 18:35:38+00,6172927618,14317,42.34603899993484,-71.08223700208117
2931,The Berkeley,,154 Berkeley,Boston,MA,02116,Active,FS,Eating & Drinking,2022-08-23 12:28:42.363+00,6175323600,162048,42.34915857238625,-71.07243182150172
2932,The Berry Twist,,200 Faneuil Hall Marketplace,Boston,MA,02109,Active,FT,Eating & Drinking w/ Take Out,2024-11-22 17:50:02.767+00,,156093,42.36019981607993,-71.05479820374326
2933,The Best Sausage Co.  Inc.,,78 BROOKLINE ,BOSTON,MA,02115,Active,FS,Eating & Drinking,2006-12-07 18:35:09+00,6174484473,,42.34639512669829,-71.09903055713875
2934,The Bittersweet Shoppe on Newbury,,257 Newbury,Boston,MA,02116,Active,FT,Eating & Drinking w/ Take Out,2020-05-21 14:16:40.763+00,8572770151,367170,42.34966000019893,-71.08314000066959
2935,The Blue Caboose,,43 Bremen,East Boston,MA,02128,Active,FT,Eating & Drinking w/ Take Out,2022-02-07 19:53:25.337+00,6179636781,454234,42.367346662619966,-71.03964911996644
2936,The Bostonian Boston - A Millennium Hotel,,20 North,Boston,MA,02108,Active,FS,Eating & Drinking,2006-12-07 18:34:04+00,6175233600,103543,42.36072392734681,-71.05639442213527
2937,The Bosworth,,90 Tremont,Boston,MA,02108,Active,FS,Eating & Drinking,2023-01-17 17:27:18.98+00,6177725800,157247,42.35739104612865,-71.06081247946469
2938,The Bowery,,2261 Dorchester,Dorchester,MA,02124,Active,FS,Eating & Drinking,2018-06-22 16:05:00.747+00,6176982261,351628,42.27316999941528,-71.06801000171613
2939,The Broadway Restaurant,,732 Broadway,South Boston,MA,02127,Active,FS,Eating & Drinking,2017-03-06 15:23:57.63+00,6177761900,155916,42.33586786011481,-71.03605105753377
2940,The Bullpen,,19 Jersey,Boston,MA,02215,Active,FS,Eating & Drinking,2006-12-07 18:33:55+00,6172470924,153276,42.34611000042621,-71.09884000160447
2941,THE CAFE ON NEW CHARDON ST.,,25 New Chardon,Boston,MA,02114,Active,FT,Eating & Drinking w/ Take Out,2006-12-07 18:36:17+00,7818609426,101077,42.36210999930024,-71.06174000047913
2942,THE CATERED AFFAIR @ BOS. PUBLIC LIBRARY(T.O.),,700 Boylston,Boston,MA,02116,Active,FT,Eating & Drinking w/ Take Out,2009-05-01 12:53:05+00,7819829333,156199,42.349231021236314,-71.0786586590845
2943,The Causeway,,65 Causeway,Boston,MA,02114,Active,FS,Eating & Drinking,2013-04-30 16:39:20+00,6178581880,340675,42.36444407623064,-71.06267614467363
2944,THE CHARLES PLAYHOUSE,,74 Warrenton,Boston,MA,02116,Active,FS,Eating & Drinking,2007-03-01 00:40:13+00,6178241921,155909,42.34995292267883,-71.06616832757877
2945,The Cheesecake Factory,,115 Huntington,Boston,MA,02199,Active,FS,Eating & Drinking,2006-12-07 18:35:33+00,6173997777,351940,42.34685999963089,-71.08089000088283
2946,The Chemist,,218 Congress,Boston,MA,02110,Active,FS,Eating & Drinking,2023-09-29 13:02:56.413+00,,42092,42.35449000012255,-71.05422000103133
2947,The Chester Tavern,,1121 Dorchester,Dorchester,MA,02125,Active,FS,Eating & Drinking,2025-12-11 15:58:34.47+00,,48210,42.31240973712244,-71.05752633128061
2948,The Circle Pizza & Tavern,,354 Chestnut Hill,Brighton,MA,02135,Active,FT,Eating & Drinking w/ Take Out,2018-12-27 19:16:29.533+00,6179048482,163348,42.33688938052436,-71.15150452932527
2949,The Corner Pub of Chinatown,,162 Lincoln,Boston,MA,02111,Active,FS,Eating & Drinking,2008-06-26 15:17:40+00,6175427080,86076,42.35077414633531,-71.05837495181578
2950,The Corner Restaurant,,156 Bunker Hill,Charlestown,MA,02129,Active,FT,Eating & Drinking w/ Take Out,2017-12-12 15:19:27.623+00,6172425494,162705,42.37826603531185,-71.06088870047151
2951,The Corner Tavern,,421 Marlborough,Boston,MA,02115,Active,FS,Eating & Drinking,2006-12-07 18:34:34+00,6172546633,91385,42.35013767465737,-71.08937506565992
2952,The Daily Catch,,331 Hanover,Boston,MA,02113,Active,FT,Eating & Drinking w/ Take Out,2025-03-11 15:04:35.783+00,6173158121,69110,42.36419999987978,-71.05382000079965
2953,The Daily Catch,,65 Atlantic,Boston,MA,02110,Active,FS,Eating & Drinking,2020-06-15 18:52:17.42+00,6177724400,358276,42.36292000041289,-71.05126000080661
2954,The Delux Cafe,,100 Chandler,Boston,MA,02116,Active,FS,Eating & Drinking,2014-03-03 16:25:34+00,6173385258,28615,42.34626000047607,-71.07288000150218
2955,The Dot Tavern,,840 Dorchester,Dorchester,MA,02125,Active,FS,Eating & Drinking,2023-03-17 18:58:03.593+00,6175506820,48750,42.32215899996675,-71.05660100207855
2956,The Draft Bar & Grill,,32 Harvard,Allston,MA,02134,Active,FS,Eating & Drinking,2007-11-05 20:32:34+00,7818910727,70389,42.35487299930977,-71.13234800064964
2957,The Dubliner,,2 Center,Boston,MA,02114,Active,FS,Eating & Drinking,2022-04-28 15:47:38.557+00,,154960,42.35979967493034,-71.06020106578822
2958,THE ELEPHANT WALK,,1415 Washington,Roxbury,MA,02118,Active,FS,Eating & Drinking,2014-10-30 12:26:48.877+00,6172471500,161051,42.34122682908857,-71.070530874449
2959,The Empanada's,,21 Kilmarnock,Boston,MA,02215,Active,FT,Eating & Drinking w/ Take Out,2026-01-15 15:17:40.567+00,,460476,42.34424937088687,-71.10033781258272
2960,The Fed,,250 Franklin,Boston,MA,02110,Active,FS,Eating & Drinking,2021-04-28 15:29:32.31+00,6174511900,157806,42.35663048708329,-71.05427945054649
2961,The Flamingo,,266 Commercial,Boston,MA,02109,Active,FS,Eating & Drinking,2022-05-26 14:36:55.76+00,,36258,42.364319999940925,-71.05135000121321
2962,The Fourth Wall,,228 Tremont,Boston,MA,02116,Active,FS,Eating & Drinking,2019-01-10 16:26:03.293+00,8579570909,137460,42.351345999680156,-71.06458400129026
2963,The Frenchman's Goods (Lower),,32 Cambridge,Charlestown,MA,02129,Active,FT,Eating & Drinking w/ Take Out,2022-10-11 15:36:46.313+00,,25110,42.383569999309664,-71.0743500017016
2964,The Friendly Toast,,35 Stanhope,Boston,MA,02116,Active,FS,Eating & Drinking,2015-12-11 16:11:14.077+00,6179019990,130167,42.348524298135395,-71.0732515100183
2965,The Fusion,,686 Morton,Dorchester,MA,02124,Active,FT,Eating & Drinking w/ Take Out,2006-12-07 18:34:08+00,6174369458,158008,42.28473999989685,-71.09209000160361
2966,THE GALLEY DINER,,11 P STREET,SOUTH BOSTON,MA,02127,Active,FS,Eating & Drinking,2006-12-07 18:34:39+00,6175495549,,42.33780816954249,-71.02734855382914
2967,The Godfrey Hotel Boston,,505 Washington,Boston,MA,02111,Active,FS,Eating & Drinking,2015-10-08 13:07:44.28+00,6176342959,350866,42.354662028688345,-71.06168472997265
2968,The Greatest Bar,The Next Place LLC,262 Friend,Boston,MA,02114,Active,FS,Eating & Drinking,2009-02-26 18:26:09+00,6173670544,156272,42.3645333670508,-71.06139118680477
2969,The Greek Gyro,,84 Peterborough,Boston,MA,02215,Active,FT,Eating & Drinking w/ Take Out,2024-11-20 17:57:47.63+00,7813253577,168718,42.343077111885144,-71.09911010660659
2970,The Halal Guys,,1260 Boylston,Boston,MA,02215,Active,FT,Eating & Drinking w/ Take Out,2024-03-19 16:22:49.173+00,,348053,42.344890235705535,-71.09602570965198
2971,The Halal Guys,,137 Stuart,Boston,MA,02116,Active,FT,Eating & Drinking w/ Take Out,2017-06-22 17:22:00.983+00,6462033383,368373,42.35137000026832,-71.06613000139077
2972,The Halal Guys,,241 Washington,Boston,MA,02108,Active,FT,Eating & Drinking w/ Take Out,2024-06-11 13:46:35.813+00,,356639,42.35806000022152,-71.05817000133013
2973,The Halal Guys,,4 Lucy,Dorchester,MA,02125,Active,FT,Eating & Drinking w/ Take Out,2023-01-09 15:19:57.433+00,,420663,42.324523442256236,-71.06229496901943
2974,The Halal Shack,,775 Commonwealth,Boston,MA,02215,Active,FT,Eating & Drinking w/ Take Out,2023-08-02 13:11:14.287+00,5182098776,157395,42.35074376505768,-71.1090381125807
2975,THE HARP,,85 Causeway,Boston,MA,02114,Active,FS,Eating & Drinking,2006-12-07 18:34:27+00,7421010,158179,42.364615191427795,-71.06238285907902
2976,The Haven at the Brewery,,284 Amory,Jamaica Plain,MA,02130,Active,FS,Eating & Drinking,2022-06-07 15:50:30.41+00,6176349184,157287,42.31459333981942,-71.10381561442743
2977,THE HILL TAVERN,,228 Cambridge,Boston,MA,02114,Active,FS,Eating & Drinking,2006-12-07 18:34:49+00,,158062,42.36098583922337,-71.06661067097204
2978,The Hopewell Bar & Kitchen,,1277 Commonwealth,Allston,MA,02134,Active,FS,Eating & Drinking,2012-08-31 13:58:44+00,6172088534,37258,42.34981999931488,-71.13342000165389
2979,THE HUB PUB,,18 Province,Boston,MA,02108,Active,FS,Eating & Drinking,2006-12-07 18:34:51+00,6172278952,157431,42.35725461096636,-71.05958063088868
2980,The Hummus Shop Beacon Hill,,37 Charles,Boston,MA,02108,Active,FT,Eating & Drinking w/ Take Out,2024-08-26 15:16:12.71+00,8607946687,29153,42.35730400057077,-71.06978800195435
2981,The Ice Creamsmith,,2295 Dorchester,Dorchester,MA,02124,Active,FT,Eating & Drinking w/ Take Out,2014-01-29 18:29:39+00,6172968567,156432,42.27241187727201,-71.06821796451081
2982,THE IMPROV ASYLUM,,216 Hanover,BOSTON,MA,02113,Active,FS,Eating & Drinking,2006-12-07 18:34:59+00,6172631221,,42.36303000001194,-71.05551000123393
2983,The Inn @ St. Botolph,,99 Saint Botolph,Boston,MA,02116,Active,FS,Eating & Drinking,2008-09-23 14:01:43+00,6172661168,120944,42.34500900046718,-71.08089300025574
2984,The Irving @ The Lenox,,61 Exeter,Boston,MA,02199,Active,FS,Eating & Drinking,2024-10-01 13:33:13.52+00,6175365300,165133,42.349156077129216,-71.07955560823402
2985,The Joint,,605 Centre,Jamaica Plain,MA,02130,Active,FS,Eating & Drinking,2019-02-21 16:54:05.26+00,,157831,42.314780384025084,-71.11427902618517
2986,The Juicery,,58 Salem,Boston,MA,02113,Active,FT,Eating & Drinking w/ Take Out,2018-01-16 16:13:38.103+00,6179364010,360941,42.36328999984333,-71.05618000074449
2987,The Juicery,,700 Commonwealth,Boston,MA,02215,Active,FT,Eating & Drinking w/ Take Out,2022-07-05 15:22:05.697+00,6172955990,41232,42.34936000014419,-71.10402000155638
2988,The Kenmore,,476 Commonwealth,Boston,MA,02215,Active,FS,Eating & Drinking,2020-02-13 19:44:41.5+00,6172666662,40988,42.34853999997407,-71.09385000072638
2989,The Koji Club,,525 Western,Brighton,MA,02135,Active,FS,Eating & Drinking,2021-11-01 18:30:01.943+00,,148220,42.36174899392653,-71.1451990845174
2990,The Landing,,6 Long,Boston,MA,02110,Active,FT,Eating & Drinking w/ Take Out,2006-12-07 18:35:16+00,6172274321,158098,42.360207949664,-71.05076263865621
2991,The Langham Club,,250 Franklin,Boston,MA,02110,Active,FS,Eating & Drinking,2021-04-28 15:28:08.08+00,6174511900,157806,42.35663048708329,-71.05427945054649
2992,The Langham Hotel/Grana,,250 Franklin,Boston,MA,02110,Active,FS,Eating & Drinking,2021-04-28 15:21:29.197+00,6174511900,157806,42.35663048708329,-71.05427945054649
2993,The Lansdowne,,9 Lansdowne,Boston,MA,02215,Active,FT,Eating & Drinking w/ Take Out,2006-12-07 18:34:28+00,6175232727,155839,42.34734171911089,-71.09508115150416
2994,THE LAST DROP,,596 WASHINGTON,BRIGHTON,MA,02135,Active,FS,Eating & Drinking,2006-12-07 18:34:23+00,6172546633,,,
2995,The Liberty Hotel,,215 Charles,Boston,MA,02114,Active,FS,Eating & Drinking,2013-12-13 19:50:28+00,6172244000,160740,42.362030354140245,-71.07036209744672
2996,Thelo Mediterranean Cuisine,,856 Dorchester,Dorchester,MA,02125,Active,FT,Eating & Drinking w/ Take Out,2026-06-18 14:31:57.04+00,6174626425,48760,42.32143127837913,-71.05660963976821
2997,The Longwood Grille & Bar,,342 Longwood,Boston,MA,02115,Active,FS,Eating & Drinking,2006-12-07 18:34:50+00,6177314700,157428,42.33821630098472,-71.10656119613984
2998,THE MASTER MCGRATH,,1152 River,Hyde Park,MA,02136,Active,FS,Eating & Drinking,2006-12-07 18:36:29+00,6173618011,116331,42.25646999966057,-71.12031000171612
2999,The Merchant,,60 Franklin,Boston,MA,02110,Active,FS,Eating & Drinking,2013-05-01 14:08:34+00,6176975215,60684,42.35576999941855,-71.05838000098066
3000,The Mix,,555 Talbot,Dorchester,MA,02124,Active,FS,Eating & Drinking,2024-02-12 16:55:30.957+00,6172916514,156895,42.286009519639514,-71.06456583868201
3001,The Monkey Bar,,200 Faneuil Hall Market,Boston,MA,02109,Active,FT,Eating & Drinking w/ Take Out,2024-12-09 17:28:13.207+00,,,,
3002,The Moseley,,700 Atlantic,Boston,MA,02111,Active,FS,Eating & Drinking,2025-08-05 15:35:05.067+00,6172930835,156723,42.35204827404688,-71.0551747507777
3003,The Munchie Station,,990 Dorchester,Dorchester,MA,02125,Active,FT,Eating & Drinking w/ Take Out,2024-05-20 17:24:38.89+00,6175144675,164428,42.31674428217528,-71.05653651842252
3004,The Nautilus,,300 Pier 4,Boston,MA,02210,Active,FS,Eating & Drinking,2019-09-27 19:50:56.187+00,5082726454,419459,42.35257993268984,-71.0422864103604
3005,The Newbury- Banquet & Room Service 2nd Floor,,15 Arlington,Boston,MA,02116,Active,FS,Eating & Drinking,2019-11-12 13:47:16.103+00,6173384400,4827,42.35282999954591,-71.07160000160395
3006,The Newbury Street Bar,,15 Arlington,Boston,MA,02116,Active,FS,Eating & Drinking,2019-11-12 13:49:58.627+00,6173384400,4827,42.35282999954591,-71.07160000160395
3007,The Newman School,,300 Newbury,Boston,MA,02115,Active,FS,Eating & Drinking,2025-07-29 14:18:13.257+00,,437456,42.34872000037501,-71.08494000115357
3008,The Oceanaire Seafood Room,,40 Court,Boston,MA,02108,Active,FS,Eating & Drinking,2007-09-13 14:14:22+00,6122369628,43809,42.35906475368474,-71.05932596512726
3009,The Olive Garden Italian Restaurant # 1674,,1118 Massachusetts,Dorchester,MA,02125,Active,FS,Eating & Drinking,2007-06-04 15:12:05+00,6179891371,172432,42.32630205480444,-71.06527117787104
3010,THEO'S COZY CORNER RESTAURANT,,162 Salem,Boston,MA,02113,Active,FS,Eating & Drinking,2007-04-12 14:41:58+00,6172410202,121800,42.36608300020839,-71.05510800100929
3011,The Oyster Bar,,200 Faneuil Hall Marketplace,Boston,MA,02109,Active,FS,Eating & Drinking,2022-05-19 14:50:39.787+00,6175902206,156093,42.36019981607993,-71.05479820374326
3012,The Paramount,,667 Broadway,South Boston,MA,02127,Active,FS,Eating & Drinking,2011-06-07 18:33:20+00,6175044199,21114,42.33541999949305,-71.03786000046182
3013,The Pearl Seafood Grill & Raw Bar,,20 District,Dorchester,MA,02125,Active,FS,Eating & Drinking,2019-12-09 13:49:26.36+00,6172888810,423052,42.325292660182996,-71.06266054674279
3014,The Pine Bar,,100 Hanover,Boston,MA,02108,Active,FS,Eating & Drinking,2022-06-07 19:39:40.17+00,,355634,42.36222403255521,-71.05753575641967
3015,The Playwright,,654 Broadway,South Boston,MA,02127,Active,FS,Eating & Drinking,2023-08-17 18:05:54.643+00,6175359299,446361,42.33574876960844,-71.03813441213794
3016,THE POINT,,145 Hanover,Boston,MA,02108,Active,FS,Eating & Drinking,2006-12-07 18:35:16+00,5237020,69055,42.36167999933776,-71.05704000144713
3017,The Popover Lady,,100 Hanover,Boston,MA,02108,Active,FT,Eating & Drinking w/ Take Out,2016-01-13 15:07:09.713+00,6179734909,355634,42.36222403255521,-71.05753575641967
3018,The Porter Cafe,,1723 Centre,West Roxbury,MA,02132,Active,FS,Eating & Drinking,2011-01-28 14:39:23+00,,27707,42.287380000065696,-71.14920000075017
3019,The Q,,640 Washington,Boston,MA,02111,Active,FS,Eating & Drinking,2010-01-22 16:08:40+00,6268077739,145744,42.35198000071,-71.06210600135061
3020,The Quiet Few,,331 Sumner,East Boston,MA,02128,Active,FS,Eating & Drinking,2018-10-03 17:02:05.147+00,6175611061,132400,42.3670929835653,-71.03601158526487
3021,The Quin,,217 Commonwealth,Boston,MA,02116,Active,FS,Eating & Drinking,2019-06-13 17:12:31.933+00,6179132903,39667,42.351389999777865,-71.08185000135688
3022,The Quin Bondo Restaurant,,217 Commonwealth,Boston,MA,02116,Active,FS,Eating & Drinking,2021-07-30 15:18:38.1+00,6179132903,39667,42.351389999777865,-71.08185000135688
3023,The Real Deal,,1882 Centre,West Roxbury,MA,02132,Active,FS,Eating & Drinking,2006-12-07 18:36:25+00,6175154336,27748,42.285677900635385,-71.15553288984404
3024,The Real Deal,,728 Centre,Jamaica Plain,MA,02130,Active,FT,Eating & Drinking w/ Take Out,2008-03-06 13:59:06+00,6175221181,28180,42.31089200049555,-71.11438000098026
3025,The Red Fox,,326 Commercial,Boston,MA,02109,Active,FS,Eating & Drinking,2024-06-25 12:24:31.667+00,6176936003,36391,42.36540000033891,-71.0514200013527
3026,The Rootastes,,196 Quincy,Dorchester,MA,02125,Active,FT,Eating & Drinking w/ Take Out,2025-12-10 15:50:41.55+00,6174352035,377254,42.31306866790966,-71.07391936327326
3027,THE SALTY DOG,,100-199 Faneuil Hall Market,Boston,MA,02109,Active,FS,Eating & Drinking,2007-04-11 18:43:23+00,6178995664,,,
3028,The Scoop N Scootery,,73 Linden,Allston,MA,02134,Active,FT,Eating & Drinking w/ Take Out,2019-09-05 16:25:03.403+00,2245679031,167096,42.35247471802629,-71.13041014839936
3029,The Shames Cafe,,100 Newton,Roxbury,MA,02118,Active,FT,Eating & Drinking w/ Take Out,2020-06-04 12:45:57.247+00,6173580421,155992,42.33630907592119,-71.07022405314721
3030,The Shawmut Inn,,477 Shawmut,Roxbury,MA,02118,Active,FS,Eating & Drinking,2024-07-09 19:15:50.7+00,,156353,42.33890325750513,-71.07594965014447
3031,The Square Root,,2 Corinth,Roslindale,MA,02131,Active,FS,Eating & Drinking,2018-02-12 20:49:11.07+00,6172838793,163900,42.286740064110354,-71.13044828661194
3032,The Substation,,4228 Washington,Roslindale,MA,02131,Active,FS,Eating & Drinking,2024-12-04 12:54:17.087+00,6176766765,454247,42.28617807373279,-71.12804262657527
3033,The Sushi Guys,,283 Old Colony,South Boston,MA,02127,Active,FT,Eating & Drinking w/ Take Out,2024-04-16 14:09:07.723+00,,105086,42.33036336972073,-71.05289959876724
3034,THE TAM,,222 Tremont,Boston,MA,02116,Active,FS,Eating & Drinking,2018-12-31 13:36:01.61+00,6179083110,351834,42.35150101707806,-71.06448623040178
3035,The Tavern At The End Of The World,,108 Cambridge,Charlestown,MA,02129,Active,FS,Eating & Drinking,2018-09-12 19:07:22.277+00,6172414999,25073,42.38219700022751,-71.07937000151718
3036,The Temp Agency,,100 High,Boston,MA,02110,Active,FS,Eating & Drinking,2026-06-02 16:42:50.59+00,6172088827,342934,42.354465446258,-71.05529865229609
3037,The Track @ New Balance,,67 Guest,Brighton,MA,02135,Active,FT,Eating & Drinking w/ Take Out,2022-01-03 13:21:59.77+00,,437714,42.356352098210735,-71.144848708501
3038,The Trophy Room,,26 Chandler,Boston,MA,02116,Active,FS,Eating & Drinking,2018-02-14 13:48:02.573+00,6174825112,157381,42.346955219805736,-71.07057434372037
3039,THE UNION LOUNGE,,180 Mount Vernon,Dorchester,MA,02125,Active,FS,Eating & Drinking,2006-12-07 18:34:23+00,6172883322,155812,42.32213569798553,-71.04690120228787
3040,THE UNITED CLUB,,200 Terminal,East Boston,MA,02128,Active,FS,Eating & Drinking,2014-04-14 15:22:09+00,1234567890,341353,42.362677345436204,-71.01863498065062
3041,The Upper Crust,,683 Tremont,Roxbury,MA,02118,Active,FT,Eating & Drinking w/ Take Out,2013-03-20 12:45:31+00,7812355011,137919,42.34156000057716,-71.07662000219426
3042,The Well Coffee House,,78 Tremont,Boston,MA,02108,Active,FT,Eating & Drinking w/ Take Out,2024-05-14 18:25:48.327+00,6612045399,138003,42.35748999972609,-71.06052000199588
3043,The Well Coffee House Boston,,62 William C Kelly,East Boston,MA,02128,Active,FS,Eating & Drinking,2018-08-20 16:03:15.403+00,6612045399,151128,42.37432168895917,-71.03993874511994
3044,The Westin Boston Waterfront,,425 Summer,Boston,MA,02210,Active,FS,Eating & Drinking,2007-05-04 14:43:31+00,6175324820,,,
3045,The Westin Boston Waterfront/Starbucks,,425 Summer,Boston,MA,02210,Active,FT,Eating & Drinking w/ Take Out,2008-02-05 13:52:15+00,6175324600,,,
3046,The Westland,,8 Westland,Boston,MA,02115,Active,FS,Eating & Drinking,2018-12-05 18:15:19.27+00,6172360336,157908,42.34319497213984,-71.08648158286015
3047,The White Bull,,1 Union,Boston,MA,02108,Active,FS,Eating & Drinking,2016-11-03 17:48:30.933+00,6175491403,351074,42.36067162274676,-71.05667308805988
3048,The Wild Rover Tavern,,61 Chatham,Boston,MA,02109,Active,FS,Eating & Drinking,2012-05-07 18:12:36+00,8572638715,30078,42.35958000034812,-71.05404000097207
3049,Thinking Cup,,234 Hanover,Boston,MA,02113,Active,FS,Eating & Drinking,2012-06-05 18:15:53+00,6174825595,,,
3050,Thinking Cup L L C,,165 Tremont,Boston,MA,02111,Active,FS,Eating & Drinking,2010-04-08 17:49:17+00,6174078570,137287,42.35394000017465,-71.06372000086314
3051,Thinking Cup Newbury,,85 Newbury,Boston,MA,02116,Active,FS,Eating & Drinking,2014-03-19 13:30:34+00,6174169250,101995,42.351919999953374,-71.07497000100804
3052,Third Cliff Bakery,,3521 Washington,Jamaica Plain,MA,02130,Active,FT,Eating & Drinking w/ Take Out,2019-10-16 18:28:40.16+00,6177976072,144947,42.30515553159109,-71.10967535391332
3053,Thomas H. Lee Partners  L.P. 36th Fl.,,100 Federal,Boston,MA,02110,Active,FS,Eating & Drinking,2024-08-01 14:33:07.31+00,6172271050,57150,42.354770000088834,-71.0561300019333
3054,Thompson Island Outward Bound,,1 Citywide,Boston,MA,02128,Active,FS,Eating & Drinking,2007-04-01 15:14:52+00,6173283900,0,,
3055,Thonglor,,559 Washington,Brighton,MA,02135,Active,FS,Eating & Drinking,2022-05-24 15:58:51.933+00,6172088184,351023,42.34948864986213,-71.16370455235622
3056,Thornton's Restaurant,,150 Huntington,Boston,MA,02115,Active,FS,Eating & Drinking,2019-08-09 19:19:57.713+00,,365649,42.344909999677945,-71.0817900008921
3057,TIA'S WATERFRONT,,200 Atlantic,Boston,MA,02110,Active,FS,Eating & Drinking,2013-10-21 12:47:49+00,6172270828,156510,42.35694463228807,-71.05038871879096
3058,TICO,,200 Terminal,East Boston,MA,02128,Active,FT,Eating & Drinking w/ Take Out,2018-08-14 18:26:11.46+00,7163679342,341353,42.362677345436204,-71.01863498065062
3059,Tiger Baby,,100 High,Boston,MA,02110,Active,FT,Eating & Drinking w/ Take Out,2025-11-21 19:07:49.983+00,6172661300,342934,42.354465446258,-71.05529865229609
3060,Tiki Cove,,19 Union,Boston,MA,02108,Active,FS,Eating & Drinking,2026-04-03 18:39:27.387+00,9176820038,356344,42.36086779764603,-71.05674919573524
3061,Tiki Rock/Niku Ramen,,131 State,Boston,MA,02109,Active,FS,Eating & Drinking,2016-03-09 15:19:18.63+00,6174918050,130372,42.359160017743285,-71.05429182337163
3062,Tikki Masala Indian Restaurant,,3706 Washington,Jamaica Plain,MA,02130,Active,FS,Eating & Drinking,2014-05-27 13:25:42+00,,144973,42.30036000057108,-71.1129700006876
3063,Time Out Market - Bar 1,,201 Brookline,Boston,MA,02215,Active,FS,Eating & Drinking,2026-02-12 20:01:15.71+00,6172473434,340960,42.34486239691058,-71.10160474147757
3064,Time Out Market - Bar 2,,201 Brookline,Boston,MA,02215,Active,FS,Eating & Drinking,2026-02-12 20:01:36.647+00,6172473434,340960,42.34486239691058,-71.10160474147757
3065,Tin Tin Buffet,,200 Beacon,Brighton,MA,02135,Active,FT,Eating & Drinking w/ Take Out,2006-12-07 18:35:13+00,6172547888,158235,42.355693781759534,-71.14817075913344
3066,Tip Tap Room,,138 Cambridge,Boston,MA,02114,Active,FS,Eating & Drinking,2012-01-26 14:21:31+00,6178598555,157200,42.36100313975509,-71.06392800667803
3067,Tivoli Catering,,60 Congress,Boston,MA,02109,Active,FT,Eating & Drinking w/ Take Out,2010-09-22 19:13:00+00,6177203000,42118,42.35771718164965,-71.0562620481355
3068,Toasted Flats,,53 Chelsea,East Boston,MA,02128,Active,FT,Eating & Drinking w/ Take Out,2022-02-15 15:22:54.1+00,8572648531,392435,42.371100000337755,-71.03706000074538
3069,Todo Rico Fast Food,,50 Maverick,East Boston,MA,02128,Active,FT,Eating & Drinking w/ Take Out,2023-06-13 13:17:00.137+00,6175671227,92897,42.37016999992661,-71.03868000108457
3070,Tofu Story,,75 Harvard,Allston,MA,02134,Active,FS,Eating & Drinking,2024-06-21 12:36:52.707+00,6178185702,70397,42.35362399970926,-71.1324120008245
3071,Tom English Cottage,,112 Emerson,South Boston,MA,02127,Active,FS,Eating & Drinking,2006-12-07 18:34:00+00,6172699805,53533,42.33590200049953,-71.04045300088409
3072,Tonino,,669A Centre,Jamaica Plain,MA,02130,Active,FS,Eating & Drinking,2022-09-27 16:21:56.937+00,,351472,42.31253481752618,-71.11435435135255
3073,Tony & Elaine's,,111 Washington,Boston,MA,02113,Active,FS,Eating & Drinking,2018-12-24 16:17:41.293+00,8574082193,340052,42.365581999910646,-71.0581310005433
3074,Tony's Place,,186 Baker,West Roxbury,MA,02132,Active,FT,Eating & Drinking w/ Take Out,2006-12-07 18:33:51+00,6173233550,7658,42.27601000069624,-71.16725000156765
3075,Topacio Restaurant,,88 Chelsea,East Boston,MA,02128,Active,FT,Eating & Drinking w/ Take Out,2023-09-12 14:30:08.477+00,6175679523,30630,42.37217999940208,-71.0364000011382
3076,Top Griyo Restaurant,,994 Blue Hill,Dorchester,MA,02124,Active,FT,Eating & Drinking w/ Take Out,2021-08-31 15:15:07.687+00,6178226985,156769,42.28990240196987,-71.08926139619648
3077,Top Mix Bar & Kitchen,,257 Norfolk,Roxbury,MA,02119,Active,FS,Eating & Drinking,2006-12-07 18:34:49+00,6176528976,156604,42.3237264923233,-71.06807869481845
3078,Top Mix Bar & Kitchen,,365 Centre,Jamaica Plain,MA,02130,Active,FS,Eating & Drinking,2021-07-14 16:42:35.483+00,6172019853,28007,42.32256072108588,-71.10826877052756
3079,Top of The Hill,Top of the Hill Seafood & Subs,1357 Blue Hill,Mattapan,MA,02126,Active,FT,Eating & Drinking w/ Take Out,2006-12-12 16:20:18+00,6179747106,156258,42.277526834177316,-71.09376115269163
3080,Top of the Hill Seafood and Subs,,1357 Blue Hill,Mattapan,MA,02126,Active,FT,Eating & Drinking w/ Take Out,2026-05-27 17:59:02.387+00,8579917393,156258,42.277526834177316,-71.09376115269163
3081,Top Shelf Cookies,,516 Gallivan,Dorchester,MA,02122,Active,FT,Eating & Drinking w/ Take Out,2021-01-19 14:34:44.183+00,8573210446,156552,42.282928520995796,-71.05555939173739
3082,Tora Japanese Restaurant,,20 Tyler,Boston,MA,02111,Active,FS,Eating & Drinking,2016-11-07 15:16:29.85+00,8572220888,138814,42.35069000007065,-71.06057000050971
3083,Tora Ramen,,99 Harrison,Boston,MA,02111,Active,FS,Eating & Drinking,2019-07-30 13:29:28.017+00,8572220888,70098,42.350809999910375,-71.06163000164409
3084,Tori Japan,,1110 Boylston,Boston,MA,02115,Active,FT,Eating & Drinking w/ Take Out,2021-12-28 17:00:08.04+00,9176406179,351727,42.3468200003619,-71.08860000098032
3085,Tori Japan,,315 Centre,Jamaica Plain,MA,02130,Active,FT,Eating & Drinking w/ Take Out,2021-06-03 19:46:36.357+00,,27970,42.3230159998025,-71.10387700029095
3086,Tori Japan,,62 William C Kelly,East Boston,MA,02128,Active,FT,Eating & Drinking w/ Take Out,2021-11-30 16:26:51.68+00,,151128,42.37432168895917,-71.03993874511994
3087,Tori Japan,,950 Hyde Park,Hyde Park,MA,02136,Active,FT,Eating & Drinking w/ Take Out,2023-03-09 15:16:21.17+00,7816098753,156240,42.26696745338772,-71.12055325352341
3088,TORO,,1704 Washington,Roxbury,MA,02118,Active,FS,Eating & Drinking,2006-12-07 18:36:30+00,6173129171,144361,42.33693671270455,-71.0758806227823
3089,Tostado,,300 Centre,Jamaica Plain,MA,02130,Active,FT,Eating & Drinking w/ Take Out,2010-04-30 13:06:40+00,6174778691,156274,42.32275497511811,-71.10305932366346
3090,Tostado LLC,,3878 WASHINGTON,Roslindale/,MA,02131,Active,FT,Eating & Drinking w/ Take Out,2012-11-23 16:50:28+00,6175220578,0,,
3091,Totto Ramen,,20A District,Dorchester,MA,02125,Active,FS,Eating & Drinking,2018-12-05 17:26:32.44+00,6179107114,437351,42.32537605981575,-71.0628244853714
3092,Tous Les Jours,,152 Harvard,Allston,MA,02134,Active,FT,Eating & Drinking w/ Take Out,2019-12-30 20:50:37.517+00,,404363,42.35177000011064,-71.13148000071473
3093,Toutwel Restaurant,,643 River,Mattapan,MA,02126,Active,FS,Eating & Drinking,2018-07-25 13:22:00.687+00,6176988800,156261,42.2651159562035,-71.09947108235617
3094,Trade,,520 Atlantic,Boston,MA,02210,Active,FS,Eating & Drinking,2011-04-04 14:45:53+00,,6313,42.35367424758154,-71.05296300186129
3095,Trader Joe's #566,,44 Thomson,Boston,MA,02210,Active,FS,Eating & Drinking,2019-06-14 15:20:30.543+00,,355870,42.351760397727446,-71.04736177500017
3096,Tradesman,,89 Broad,Boston,MA,02110,Active,FS,Eating & Drinking,2018-05-24 15:11:25.733+00,6173481234,196414,42.35743999985702,-71.05316000139499
3097,Tradesman 100 Federal,,100 Federal,Boston,MA,02110,Active,FT,Eating & Drinking w/ Take Out,2022-03-28 18:56:58.277+00,,57150,42.354770000088834,-71.0561300019333
3098,Tradesman Brighton,,60 Guest,Brighton,MA,02135,Active,FS,Eating & Drinking,2024-06-24 15:02:23.677+00,6178699018,448774,42.35715852780488,-71.14503344709061
3099,Tradesman Charlestown,,100 Hood Park,Charlestown,MA,02129,Active,FS,Eating & Drinking,2020-09-09 19:30:51.29+00,,438345,42.379706129174394,-71.07293963093903
3100,Tradesman Greenway,,176 Federal,Boston,MA,02110,Active,FS,Eating & Drinking,2025-07-08 15:21:24.313+00,6178699018,155873,42.35347467224262,-71.05590615248244
3101,Tradesman State Street,,43 State,Boston,MA,02109,Active,FT,Eating & Drinking w/ Take Out,2025-03-28 17:00:01.117+00,,130426,42.3586269996473,-71.05632000085379
3102,Trattoria IL Panino,,278 Hanover,Boston,MA,02113,Active,FS,Eating & Drinking,2015-12-18 15:00:19.563+00,6177107070,,,
3103,Tremonte Restaurant,,76 Salem,Boston,MA,02113,Active,FS,Eating & Drinking,2018-06-07 18:02:56.76+00,7819836751,360943,42.363589999764855,-71.05603000163103
3104,TREMONT HOUSE OF PIZZA,,1590 Tremont,Mission Hill,MA,02120,Active,FS,Eating & Drinking,2025-05-21 14:44:13.667+00,6179979999,351745,42.33340000001336,-71.1030500008091
3105,TRESCA,,233 HANOVER,BOSTON,MA,02113,Active,FS,Eating & Drinking,2006-12-07 18:36:36+00,6177428240,,,
3106,Tres Gatos Cafe,,470 Centre,Jamaica Plain,MA,02130,Active,FS,Eating & Drinking,2010-10-15 14:00:55+00,6175246622,28069,42.31908999933161,-71.1116400011018
3107,Triangle Coffee,,200 Pier 4,Boston,MA,02210,Active,FS,Eating & Drinking,2018-04-24 16:21:28.857+00,9785053632,422323,42.352007953269535,-71.04255903773247
3108,TRIDENT BOOKSELLERS AND CAFE,,338 Newbury,Boston,MA,02115,Active,FS,Eating & Drinking,2006-12-07 18:34:07+00,6172678688,101560,42.34823000005866,-71.08660000102559
3109,Trifecta,,1 Dalton,Boston,MA,02115,Active,FS,Eating & Drinking,2016-12-29 13:23:25.93+00,6173774888,351070,42.34575371386298,-71.08401153537174
3110,Trillium at Farnsworth,,47 Farnsworth,Boston,MA,02210,Active,FS,Eating & Drinking,2017-10-03 15:23:17.08+00,8573201201,421688,42.35221377829463,-71.04766115601268
3111,Trillium Fenway,,201 Brookline,Boston,MA,02215,Active,FS,Eating & Drinking,2019-04-25 20:25:50.517+00,,340960,42.34486239691058,-71.10160474147757
3112,Trio Cafe,,212 Northern,Boston,MA,02210,Active,FT,Eating & Drinking w/ Take Out,2013-04-24 17:27:26+00,6179593237,340132,42.351903572963906,-71.03743437145094
3113,Triple Eatery,,77 Cummins,Roslindale,MA,02131,Active,FS,Eating & Drinking,2024-07-09 18:40:25.503+00,6173253388,44982,42.28449999954069,-71.12559000066963
3114,Tropical Smoothie Cafe,,470 Washington,Brighton,MA,02135,Active,FT,Eating & Drinking w/ Take Out,2025-12-16 16:28:35.993+00,6144128696,143582,42.34870000035035,-71.1595400006361
3115,Tropical Smoothie & Cafe,,1122 Boylston,Boston,MA,02115,Active,FT,Eating & Drinking w/ Take Out,2024-01-11 17:55:13.26+00,2692670304,416572,42.34674000017223,-71.0888700007514
3116,Troquet On South,,107 South,Boston,MA,02111,Active,FS,Eating & Drinking,2017-02-14 14:34:41.167+00,6176959463,156281,42.351428550800215,-71.05786026362966
3117,Tsaocaa Tea,,10 Tyler,Boston,MA,02111,Active,FT,Eating & Drinking w/ Take Out,2021-03-09 15:23:46.35+00,9177695828,138804,42.35098000037124,-71.06046000135595
3118,Tu Metapan Restaurant,,295 Bennington,East Boston,MA,02128,Active,FS,Eating & Drinking,2011-11-07 15:16:14+00,6178186109,14706,42.37873999966068,-71.02813000086279
3119,Turkish Lazuri Bakery,,3 Beacon,Allston,MA,02134,Active,FS,Eating & Drinking,2025-03-11 13:33:59.98+00,9782367024,354165,42.35376709856824,-71.13745996489357
3120,Turkish Lazuri Cafe,,1 Beacon,Allston,MA,02134,Active,FS,Eating & Drinking,2024-07-02 15:53:27.783+00,,157531,42.35376709856824,-71.13745996489357
3121,Tuscan Kitchen,,28 Northern,Boston,MA,02210,Active,FS,Eating & Drinking,2017-02-14 16:43:27.65+00,6034909648,103894,42.35280282299621,-71.04453580296281
3122,Tuscan Kitchen Bar,,64 Seaport,Boston,MA,02210,Active,FS,Eating & Drinking,2023-05-05 12:15:41.273+00,6173037300,419848,42.35276379500546,-71.04694790003428
3123,Tutti Frutti,,382 Chelsea,East Boston,MA,02128,Active,FT,Eating & Drinking w/ Take Out,2015-05-18 13:33:43.237+00,7818086908,30537,42.37937900015323,-71.02799400149804
3124,Twelve Bens,,315 Adams,Dorchester,MA,02122,Active,FS,Eating & Drinking,2006-12-07 18:33:50+00,6172656727,157360,42.298605303489936,-71.05757849510853
3125,Typhoon Restaurant,,725 Boylston,Boston,MA,02116,Active,FS,Eating & Drinking,2006-12-07 18:35:17+00,6178598181,157459,42.34959360303393,-71.08025808036459
3126,Ueno Sushi,,1 FANEUIL HALL MKT PL,BOSTON,MA,02109,Active,FT,Eating & Drinking w/ Take Out,2008-09-12 16:59:31+00,6176869385,,42.36002999999229,-71.0562400012183
3127,Ugi's Pizza,,69 Heath,Mission Hill,MA,02120,Active,FT,Eating & Drinking w/ Take Out,2010-01-04 15:49:59+00,6177194478,72404,42.32656999974467,-71.10050000107091
3128,UGIS SUBS,,62 Warren,Roxbury,MA,02119,Active,FT,Eating & Drinking w/ Take Out,2006-12-07 18:34:00+00,6174277032,143319,42.32843000020485,-71.08311000098271
3129,Ula Cafe,,284 Amory,Jamaica Plain,MA,02130,Active,FS,Eating & Drinking,2021-12-30 17:39:24.36+00,6175247890,157287,42.31459333981942,-71.10381561442743
3130,Umai Japanese Restaurant,,224 Newbury,Boston,MA,02116,Active,FS,Eating & Drinking,2011-06-10 13:41:03+00,6175367500,101441,42.34972980400916,-71.0811551860116
3131,Umami Crudo,,78 Salem,Boston,MA,02113,Active,FS,Eating & Drinking,2025-10-09 15:01:00.137+00,6178889718,169396,42.363692235280794,-71.05591047902993
3132,Umami Sushi,,417 Washington,Boston,MA,02108,Active,FT,Eating & Drinking w/ Take Out,2024-02-07 17:03:25.057+00,6172927610,157146,42.35583082117818,-71.06040079012439
3133,Umami Tsunami,,400 Neponset,Dorchester,MA,02122,Active,FS,Eating & Drinking,2024-05-16 19:24:18.27+00,6172975788,351027,42.286499999589644,-71.04383000126948
3134,UMass Boston Dining Commons,,100 William T Morrissey,Dorchester,MA,02125,Active,FS,Eating & Drinking,2016-09-22 18:23:56.89+00,8663723035,155810,42.31414630348332,-71.03937232673492
3135,UMass Club,,1 Beacon,Boston,MA,02108,Active,FS,Eating & Drinking,2015-03-06 16:28:26.31+00,4136871725,9475,42.35845000011161,-71.06084000119863
3136,UMBRIA,,250 Hanover,Boston,MA,02113,Active,FS,Eating & Drinking,2023-03-02 15:27:13.063+00,6173711176,352168,42.36348775018543,-71.05504009817889
3137,Uncle Tetsu,,23 Hudson,Boston,MA,02111,Active,FT,Eating & Drinking w/ Take Out,2022-08-18 14:42:46.417+00,6178885366,75861,42.35051819739717,-71.06030600028453
3138,Uncommon Ice Cream,,537 Columbus,Roxbury,MA,02118,Active,FT,Eating & Drinking w/ Take Out,2025-07-03 13:08:38.237+00,6122901982,35917,42.3417000003171,-71.08078000083412
3139,Unconventional Cafe,,415 Summer,Boston,MA,02210,Active,FT,Eating & Drinking w/ Take Out,2024-02-20 16:56:31.94+00,,132014,42.34678976695919,-71.04493757567293
3140,Underdog Hot Chicken,,160 Brighton,Allston,MA,02134,Active,FS,Eating & Drinking,2016-08-15 15:04:37.907+00,,156296,42.35284618697656,-71.13261880415408
3141,UNI,,370 Commonwealth,Boston,MA,02115,Active,FS,Eating & Drinking,2016-01-07 15:32:54.573+00,6179695080,40432,42.348589999486826,-71.0886900013128
3142,Unidine Cafe @ RSM,,80 City,Charlestown,MA,02129,Active,FS,Eating & Drinking,2016-05-13 13:03:46.993+00,6179129000,342094,42.37154682289177,-71.06079335670347
3143,Union Club of Boston,,8 Park,Boston,MA,02108,Active,FS,Eating & Drinking,2006-12-07 18:34:06+00,6172270589,107194,42.357500000560634,-71.0627000015528
3144,UNION OYSTER HOUSE,,41 Union,Boston,MA,02108,Active,FS,Eating & Drinking,2006-12-07 18:34:16+00,6173345019,139293,42.36127359304711,-71.05688527496002
3145,Union Park Pizza,,244 Newbury,Boston,MA,02116,Active,FS,Eating & Drinking,2022-10-31 13:00:16.063+00,6178551100,101456,42.34940999978942,-71.08240000122238
3146,Union Square Donuts,,201 Brookline,Boston,MA,02215,Active,FT,Eating & Drinking w/ Take Out,2019-04-09 16:22:47.55+00,6172092257,340960,42.34486239691058,-71.10160474147757
3147,UNITED HOUSE OF PRAYER FOR ALL PEOPLE,,206 Seaver,Dorchester,MA,02121,Active,FS,Eating & Drinking,2016-11-22 16:03:47.37+00,6174453245,169570,42.307911230813275,-71.08822541196432
3148,Unity Sports Cultural club,,10 Dunbar,Dorchester,MA,02124,Active,FS,Eating & Drinking,2025-08-14 19:09:37.083+00,6174369550,49879,42.286249999945625,-71.07182000211546
3149,University Club of Boston,,426 Stuart,Boston,MA,02116,Active,FS,Eating & Drinking,2006-12-07 18:34:02+00,6172665600,131661,42.348499999680186,-71.07476000192128
3150,University Club of Boston-Catering Kitchen,,426 Stuart,Boston,MA,02116,Active,FS,Eating & Drinking,2023-04-26 17:47:28.157+00,6172665600,131661,42.348499999680186,-71.07476000192128
3151,University Club of Boston-Rooftop Bar,,426 Stuart,Boston,MA,02116,Active,FS,Eating & Drinking,2023-04-26 17:54:37.997+00,6172665600,131661,42.348499999680186,-71.07476000192128
3152,UNIVERSITY GRILL & PIZZA,,712 COMMONWEALTH ,BOSTON,MA,02215,Active,FT,Eating & Drinking w/ Take Out,2006-12-07 18:35:06+00,6172477120,,42.3495734849349,-71.10558052370813
3153,UNIVERSITY HOUSE OF PIZZA,,452 Huntington,Boston,MA,02115,Active,FS,Eating & Drinking,2006-12-07 18:34:39+00,6174429280,157232,42.33855262306174,-71.09281827876367
3154,Uphams House of Pizza,,566A Columbia,Dorchester,MA,02125,Active,FS,Eating & Drinking,2017-02-07 16:29:54.79+00,6172827141,351801,42.31643265931648,-71.06617150741234
3155,Urban Pharm - Lower Level,,32 Cambridge,Charlestown,MA,02129,Active,FT,Eating & Drinking w/ Take Out,2022-11-10 17:13:54.503+00,5083199545,25110,42.383569999309664,-71.0743500017016
3156,Urban Wild,,100 Hood Park,Charlestown,MA,02129,Active,FS,Eating & Drinking,2023-04-25 14:27:18.377+00,6178699018,438345,42.379706129174394,-71.07293963093903
3157,V10,Aramark Corporation,4 Jersey,Boston,MA,02215,Active,FT,Eating & Drinking w/ Take Out,2008-11-16 15:50:08+00,7742054363,424258,42.34673007807398,-71.0986629781914
3158,Vaanga,,102 Water,Boston,MA,02109,Active,FT,Eating & Drinking w/ Take Out,2019-02-20 16:16:42.693+00,6176240300,157376,42.358060513668505,-71.05507965216006
3159,Vaisakhi Indian Kitchen,,157 Sutherland,Brighton,MA,02135,Active,FS,Eating & Drinking,2018-04-27 14:45:17.49+00,6175055932,156645,42.341091172205545,-71.14683897807292
3160,Van Leeuwen Ice Cream,,1001 Boylston,Boston,MA,02215,Active,FT,Eating & Drinking w/ Take Out,2024-12-04 16:39:52.08+00,6178457951,439501,42.347280032727845,-71.08846481875297
3161,Van Leeuwen Ice Cream,,131 Seaport,Boston,MA,02210,Active,FT,Eating & Drinking w/ Take Out,2024-03-12 16:56:56.5+00,7187011630,451030,42.35037784186645,-71.04372501812007
3162,Van Leeuwen Ice Cream,,1321 Boylston,Boston,MA,02215,Active,FS,Eating & Drinking,2024-12-04 16:36:08.003+00,7327669225,354118,42.34465384321156,-71.09948485636042
3163,Vasquez Restaurant,,258 Dudley,Roxbury,MA,02119,Active,FT,Eating & Drinking w/ Take Out,2019-11-12 14:24:44.54+00,6177081279,375035,42.32860000042122,-71.07896000160282
3164,VAUGHN'S FISH N CHIPS,,1 Erie,Dorchester,MA,02121,Active,FT,Eating & Drinking w/ Take Out,2006-12-07 18:34:00+00,6178251194,158002,42.303295109501704,-71.07877950795681
3165,Veeva Systems,,100 Summer,Boston,MA,02110,Active,FS,Eating & Drinking,2023-04-12 14:25:55.663+00,,131978,42.35363300001109,-71.05736600116747
3166,Vee Vee,,763 Centre,Jamaica Plain,MA,02130,Active,FS,Eating & Drinking,2008-01-31 20:39:24+00,6175220145,156219,42.31027081230925,-71.11525553610244
3167,Vejigantes Restaurant,,57 Dedham,Roxbury,MA,02118,Active,FS,Eating & Drinking,2011-12-30 17:41:40+00,6175150362,341151,42.341817690065106,-71.07236372110647
3168,Venchi,,123 Newbury,Boston,MA,02116,Active,FT,Eating & Drinking w/ Take Out,2025-10-20 16:32:08.223+00,,101335,42.35143300034537,-71.07655700148744
3169,VENEZIA RESTAURANT (HARBOR LIGHTS),,20R Ericsson,Dorchester,MA,02122,Active,FS,Eating & Drinking,2007-04-17 18:05:06+00,0,54165,42.29213299981211,-71.04022400139813
3170,Verid Foods - Lower Level,,32 Cambridge,Charlestown,MA,02129,Active,FT,Eating & Drinking w/ Take Out,2026-06-05 17:11:41.907+00,6179819380,25110,42.383569999309664,-71.0743500017016
3171,Verily Cafe & Barista - Floor 24,,100 Causeway,Boston,MA,02114,Active,FT,Eating & Drinking w/ Take Out,2022-11-01 16:34:26.067+00,4087574842,162913,42.36588452052717,-71.06112485271689
3172,Verily Cafe & Barista - Floor 25,,100 Causeway,Boston,MA,02114,Active,FS,Eating & Drinking,2022-11-01 16:21:30.34+00,4087574842,162913,42.36588452052717,-71.06112485271689
3173,Verily Cafe & Barista - Floor 26,,100 Causeway,Boston,MA,02114,Active,FT,Eating & Drinking w/ Take Out,2022-11-01 16:36:15.347+00,4087574842,162913,42.36588452052717,-71.06112485271689
3174,Vermillion,,115 Federal,Boston,MA,02110,Active,FS,Eating & Drinking,2023-12-15 15:52:12.047+00,,57152,42.35461077009476,-71.05667405364166
3175,Versus,,42 Province,Boston,MA,02108,Active,FS,Eating & Drinking,2011-12-12 15:05:35+00,6172950001,156310,42.35688610252229,-71.05993915065012
3176,Vertex Coffee Bar,,11 Fan Pier,Boston,MA,02210,Active,FT,Eating & Drinking w/ Take Out,2023-07-31 14:11:06.803+00,,354379,42.35401283685033,-71.04546511816098
3177,Vertex Pharmaceuticals Cafe,,11 Fan Pier,Boston,MA,02210,Active,FS,Eating & Drinking,2013-06-27 15:15:42+00,6172267525,343313,42.35401283685033,-71.04546511816098
3178,Vester,,105 First,South Boston,MA,02127,Active,FT,Eating & Drinking w/ Take Out,2022-05-31 18:25:20.453+00,,58438,42.3431052968582,-71.0532185687347
3179,VHP,,4 Jersey,Boston,MA,02215,Active,FT,Eating & Drinking w/ Take Out,2010-03-31 17:11:29+00,6175366683,156417,42.346768333561606,-71.09864788266272
3180,Via Cannuccia,,1739 Dorchester,Dorchester,MA,02124,Active,FS,Eating & Drinking,2022-10-28 14:25:16.65+00,,351039,42.29105000062865,-71.06302000103821
3181,Victoria's Diner,,1024 Massachusetts,Roxbury,MA,02118,Active,FS,Eating & Drinking,2024-04-09 14:50:49.007+00,6174425965,91940,42.327069999489154,-71.06681000062608
3182,Victoria Seafood,,1029 Commonwealth,Boston,MA,02134,Active,FS,Eating & Drinking,2006-12-07 18:34:53+00,6179641397,157604,42.35229170503244,-71.12170808242345
3183,Viga,,140 Clarendon,Boston,MA,02116,Active,FT,Eating & Drinking w/ Take Out,2013-12-23 19:07:03+00,6175428442,157041,42.34861177845059,-71.07443814218355
3184,Viga Italian Eatery,,275 Washington,Boston,MA,02108,Active,FT,Eating & Drinking w/ Take Out,2007-05-04 13:23:18+00,6177428442,157049,42.357702645692086,-71.05831710623391
3185,VIGA/PAVIA,,133 Pearl,Boston,MA,02110,Active,FT,Eating & Drinking w/ Take Out,2006-12-07 18:36:09+00,6174821112,108785,42.35473999951989,-71.05384000067272
3186,Vikos Pizza & Ribs,,847 River,Mattapan,MA,02136,Active,FT,Eating & Drinking w/ Take Out,2014-02-11 19:40:53+00,6173618456,116744,42.26286999957044,-71.10831000084177
3187,Villa Francesca,,150 Richmond,Boston,MA,02109,Active,FS,Eating & Drinking,2011-12-29 17:55:54+00,6173672948,169084,42.36335700072218,-71.05454600153539
3188,Village Pizza & Grill,,56 L,South Boston,MA,02127,Active,FS,Eating & Drinking,2009-10-05 12:49:47+00,6172699421,388136,42.33631000018192,-71.03526000075432
3189,Village Sushi & Grill,,10 Corinth,Roslindale,MA,02131,Active,FS,Eating & Drinking,2007-05-09 17:41:12+00,6173637874,42861,42.28660000003507,-71.13017000134069
3190,Villa Mexico Cafe,,41 Broad,Boston,MA,02109,Active,FT,Eating & Drinking w/ Take Out,2014-05-28 17:14:06+00,6179570725,20468,42.35818000037213,-71.0543800007643
3191,Villa Sombrero Restaurant,,11 Blue Hill,Roxbury,MA,02119,Active,FS,Eating & Drinking,2021-06-09 18:29:16.023+00,6174422003,16151,42.324869999954075,-71.0755100012326
3192,Vineyard Grille,,500 Terminal,East Boston,MA,02128,Active,FS,Eating & Drinking,2011-07-11 17:26:17+00,4127410630,341351,42.36990420124479,-71.01943927546833
3193,Vintage Lounge,,72 Broad,Boston,MA,02110,Active,FS,Eating & Drinking,2007-07-17 16:43:24+00,6177952279,20484,42.35769241090551,-71.05287417262907
3194,VIP Dillion Fieldhouse,,65 Harvard,Allston,MA,02163,Active,FT,Eating & Drinking w/ Take Out,2017-02-01 13:41:33.66+00,6174920030,168215,42.36750373294184,-71.12593098142989
3195,Virtual Food Court,,313 Old Colony,South Boston,MA,02127,Active,FS,Eating & Drinking,2024-04-29 19:04:02.157+00,6176090905,157795,42.32969000025266,-71.05287000149855
3196,Viva Burrito,,274 Franklin,Boston,MA,02110,Active,FT,Eating & Drinking w/ Take Out,2023-07-07 17:42:56.43+00,7818883334,165422,42.35698288364199,-71.05356714685067
3197,Viva Karaoke,,60 Boylston,Boston,MA,02116,Active,FS,Eating & Drinking,2022-04-29 18:07:36.437+00,,18358,42.351989999807685,-71.0643900011212
3198,VIVA MI AREPA,,270 Centre,Jamaica Plain,MA,02130,Active,FT,Eating & Drinking w/ Take Out,2024-09-09 19:47:38.58+00,,343222,42.32268593645577,-71.10101282504745
3199,Viva Taco,,378A Centre,Jamaica Plain,MA,02130,Active,FS,Eating & Drinking,2024-06-20 15:51:46.233+00,6179108549,351068,42.32199000030486,-71.10926000134937
3200,Viva Victory Den,,100 Legends,Boston,MA,02114,Active,FS,Eating & Drinking,2007-10-10 12:05:36+00,6176241600,,,
3201,Vivi Bubble Tea,,100 Faneuil Hall Marketplace,Boston,MA,02109,Active,FT,Eating & Drinking w/ Take Out,2022-07-19 17:35:26.757+00,8572598882,340843,42.35978158015911,-71.05469690300515
3202,Vi Vi Bubble Tea Brighton,,364 Washington,Brighton,MA,02135,Active,FT,Eating & Drinking w/ Take Out,2018-11-29 14:59:03.933+00,6173192649,329733,42.348955000142126,-71.15364100102013
3203,Vivi Bubble Tea Tremont,,230 Tremont,Boston,MA,02116,Active,FT,Eating & Drinking w/ Take Out,2021-06-29 19:25:50.73+00,6178180668,352211,42.35144999962774,-71.0645600010543
3204,Viza Cafe,,112 South,Jamaica Plain,MA,02130,Active,FT,Eating & Drinking w/ Take Out,2025-12-10 15:15:24.94+00,8575058589,128683,42.30600999981231,-71.11473000130209
3205,VRF,,4 Jersey,Boston,MA,02215,Active,FT,Eating & Drinking w/ Take Out,2010-03-31 17:10:05+00,6175366683,156417,42.346768333561606,-71.09864788266272
3206,Wagamama,,800 BOYLSTON,BOSTON,MA,02199,Active,FS,Eating & Drinking,2008-09-08 14:28:55+00,6177429242,,,
3207,Wahlburgers,,132 Brookline,Boston,MA,02215,Active,FS,Eating & Drinking,2015-01-12 14:56:46.25+00,7817494972,352095,42.34494600018435,-71.1005700012279
3208,Wahlburgers,,300 Terminal,East Boston,MA,02128,Active,FS,Eating & Drinking,2015-09-03 17:24:30.687+00,7037237264,,,
3209,Wahlburgers,,500 Terminal,East Boston,MA,02128,Active,FT,Eating & Drinking w/ Take Out,2023-02-28 15:46:55.523+00,,341351,42.36990420124479,-71.01943927546833
3210,Waku Waku,,2 Tyler,Boston,MA,02111,Active,FT,Eating & Drinking w/ Take Out,2021-05-26 15:15:08.32+00,,138813,42.351209999627365,-71.06037000064296
3211,WALLY'S,,427 Massachusetts,Roxbury,MA,02118,Active,FS,Eating & Drinking,2006-12-07 18:34:07+00,6174241408,271838,42.34067999966154,-71.08229000146154
3212,Walter Brown Arena#1,,285 Babcock,Boston,MA,02215,Active,FT,Eating & Drinking w/ Take Out,2025-12-30 19:25:33.32+00,6173532771,343061,42.35405491175727,-71.12033310527706
3213,Walter Brown Arena#2,,285 Babcock,Boston,MA,02215,Active,FT,Eating & Drinking w/ Take Out,2025-12-30 19:25:37.577+00,6173532771,343061,42.35405491175727,-71.12033310527706
3214,Walter Brown Arena#3,,285 Babcock,Boston,MA,02215,Active,FT,Eating & Drinking w/ Take Out,2025-12-30 19:25:46.913+00,6173532771,343061,42.35405491175727,-71.12033310527706
3215,Wander Cat Cola - Lower Level,,32 Cambridge,Charlestown,MA,02129,Active,FT,Eating & Drinking w/ Take Out,2025-06-03 15:21:03.15+00,8579300705,25110,42.383569999309664,-71.0743500017016
3216,Wang Mei Li Food-Lower Level,,32 Cambridge,Charlestown,MA,02129,Active,FT,Eating & Drinking w/ Take Out,2024-11-08 17:18:38.63+00,6178202087,25110,42.383569999309664,-71.0743500017016
3217,Ward 8,,90 Washington,Boston,MA,02114,Active,FS,Eating & Drinking,2013-06-11 13:18:48+00,6177853046,146276,42.365409999324996,-71.05867000170413
3218,Warehouse Bar & Grille,,40 Broad,Boston,MA,02109,Active,FS,Eating & Drinking,2012-07-10 13:47:05+00,6175996294,196389,42.35838999990405,-71.05395000141974
3219,WARREN TAVERN,,2 Pleasant,Charlestown,MA,02129,Active,FS,Eating & Drinking,2006-12-07 18:36:40+00,6172418142,111047,42.37418999950935,-71.06311000176228
3220,Warrior Ice Arena,,50 Guest,Brighton,MA,02135,Active,FS,Eating & Drinking,2016-07-22 12:46:40.423+00,6179277467,350491,42.357037751345224,-71.14479454407382
3221,Washin,,212 Stuart,Boston,MA,02116,Active,FS,Eating & Drinking,2023-03-21 15:55:53.38+00,,422222,42.35043504407997,-71.06833399582717
3222,Waterstone at The Circle,,385 Chestnut Hill,Brighton,MA,02135,Active,FS,Eating & Drinking,2025-12-04 18:49:33.787+00,6172323634,341978,42.335105788694406,-71.15054384194076
3223,Waverly,,231 Bunker Hill,Charlestown,MA,02129,Active,FS,Eating & Drinking,2021-10-28 18:13:22.783+00,7817104290,443007,42.379473609942146,-71.0632930883027
3224,W Boston Banquets Main Kitchen,,100 Stuart,Boston,MA,02116,Active,FS,Eating & Drinking,2020-01-23 18:51:25.057+00,6172618700,131637,42.35086929763749,-71.06550219126913
3225,W Boston The Gallery Restaurant,,100 Stuart,Boston,MA,02116,Active,FS,Eating & Drinking,2020-01-23 18:49:22.61+00,6172618700,131637,42.35086929763749,-71.06550219126913
3226,W Boston The Library Bar,,100 Stuart,Boston,MA,02116,Active,FS,Eating & Drinking,2020-01-23 18:52:17.49+00,6172618700,131637,42.35086929763749,-71.06550219126913
3227,Wei's Yunnan Rice Noodles,,412 Market,Brighton,MA,02135,Active,FT,Eating & Drinking w/ Take Out,2024-10-22 14:20:06.203+00,6177871686,158007,42.34945237406486,-71.15314042521678
3228,Well Coffee House Boston,,1A State,Boston,MA,02109,Active,FT,Eating & Drinking w/ Take Out,2018-08-03 13:18:02.41+00,6612045399,169999,42.358448887925015,-71.05765427150605
3229,Wellington Management (24th Fl.),,278 Congress,Boston,MA,02210,Active,FS,Eating & Drinking,2025-03-28 13:58:43.783+00,7816563665,343009,42.35333055814839,-71.05260734393576
3230,Wellington Management (31st Fl.),,278 Congress,Boston,MA,02210,Active,FT,Eating & Drinking w/ Take Out,2025-03-28 13:56:11.333+00,7816563665,343009,42.35333055814839,-71.05260734393576
3231,Wendy's,,153 Massachusetts,Boston,MA,02115,Active,FT,Eating & Drinking w/ Take Out,2016-02-24 17:35:50.947+00,6175425719,156453,42.346437020007016,-71.0875997499494
3232,Wendy's,,71 Summer,Boston,MA,02111,Active,FT,Eating & Drinking w/ Take Out,2016-02-24 17:30:00.13+00,6175425719,132048,42.35412000003146,-71.05898000164778
3233,WENDY'S PROPERTIES,,530 AMER LEGION ,ROSLINDALE,MA,02131,Active,FT,Eating & Drinking w/ Take Out,2006-12-07 18:35:53+00,6147643303,,42.28603146932157,-71.10895125901646
3234,Wens Rice Noodle & Ramen,,247 Newbury,Boston,MA,02116,Active,FT,Eating & Drinking w/ Take Out,2015-08-13 14:58:18.217+00,7816059889,101459,42.349779999936416,-71.08272000114154
3235,WEST,,1732 CENTRE,WEST ROXBURY,MA,02132,Active,FS,Eating & Drinking,2006-12-07 18:35:58+00,6175244394,,,
3236,WESTBURY RESTAURANT,,1836 Centre,West Roxbury,MA,02132,Active,FS,Eating & Drinking,2022-05-04 14:01:22.477+00,6174698186,155803,42.286422781488604,-71.15394019203684
3237,WEST END STROLLERS,,300 FANEUIL HALL MARKET,BOSTON,MA,02109,Active,FT,Eating & Drinking w/ Take Out,2007-03-27 16:49:39+00,0,,,
3238,West Garden,,1890 Centre,West Roxbury,MA,02132,Active,FT,Eating & Drinking w/ Take Out,2019-10-09 13:06:31.253+00,6175951379,163089,42.28537775094128,-71.15577748257027
3239,Westin Copley Place,,10 HUNTINGTON ,BOSTON,MA,02116,Active,FS,Eating & Drinking,2006-12-07 18:36:13+00,6172629600,,42.34851227890253,-71.07722070653948
3240,WESTIN COPLEY Place -BAR 10,,10 HUNTINGTON ,BOSTON,MA,02116,Active,FS,Eating & Drinking,2006-12-07 18:36:13+00,6172629600,,42.34851227890253,-71.07722070653948
3241,Westin Copley Place - Cantina,,10 HUNTINGTON ,BOSTON,MA,02116,Active,FS,Eating & Drinking,2006-12-07 18:36:13+00,6172629600,,42.34851227890253,-71.07722070653948
3242,Westin Copley Place Ingredients,,10 Huntington,Boston,MA,02116,Active,FT,Eating & Drinking w/ Take Out,2013-05-08 18:39:15+00,6172629600,76236,42.34854500042617,-71.07731400127675
3243,West Napoli Pizza,,1946 Centre,West Roxbury,MA,02132,Active,FT,Eating & Drinking w/ Take Out,2022-12-09 13:25:50.443+00,6173257909,27764,42.2835354193212,-71.15678751057392
3244,Wheelhouse,,100 High,Boston,MA,02110,Active,FT,Eating & Drinking w/ Take Out,2019-10-18 19:09:45.713+00,6178178969,342934,42.354465446258,-71.05529865229609
3245,WHOLE FOODS MARKET,,15 Westland,Boston,MA,02115,Active,FS,Eating & Drinking,2006-12-07 18:36:25+00,6173751010,157193,42.3439096926397,-71.08736824360848
3246,WHOLE FOODS MARKET,,310 Harrison,Roxbury,MA,02118,Active,FS,Eating & Drinking,2014-04-17 15:17:08+00,6179041000,344268,42.34515158034419,-71.0628322024424
3247,WHOLE FOODS MARKET(Cambridge St.),,181 Cambridge,Boston,MA,02114,Active,FS,Eating & Drinking,2006-12-07 18:36:25+00,6177230004,156327,42.36210854267995,-71.06598135777912
3248,Wicked Lobsta,,200 Faneuil Hall Market,Boston,MA,02109,Active,FT,Eating & Drinking w/ Take Out,2018-09-25 17:10:18.097+00,9788692078,,,
3249,Widowmaker Taproom & Kitchen,,190 Beacon,Brighton,MA,02135,Active,FS,Eating & Drinking,2023-08-29 15:33:45.917+00,6173900990,406105,42.35574279137993,-71.14790212865857
3250,Willow & Ivy,,61 Exeter,Boston,MA,02199,Active,FS,Eating & Drinking,2024-10-01 13:32:37.013+00,6175365300,165133,42.349156077129216,-71.07955560823402
3251,Windy City Pizza,Windy City Pizza  LLC,960 William T Morrissey,Dorchester,MA,02122,Active,FT,Eating & Drinking w/ Take Out,2019-09-23 19:50:59.673+00,6172656666,379519,42.29168999989674,-71.04686000095526
3252,Wings Over Boston,,325 Huntington,Boston,MA,02115,Active,FS,Eating & Drinking,2025-12-22 19:05:49.113+00,6172669464,365528,42.340939999593495,-71.0881100013054
3253,Wing Stop,,173 Border,East Boston,MA,02128,Active,FS,Eating & Drinking,2023-01-18 20:23:40.113+00,6175699464,420832,42.37414144762769,-71.04005829823313
3254,Wing Stop,,950 American Legion,Hyde Park,MA,02136,Active,FT,Eating & Drinking w/ Take Out,2023-11-16 18:17:22.95+00,6172064774,347022,42.27499294747374,-71.11477965533017
3255,Wingz To Perfection,,312 Bowdoin,Dorchester,MA,02125,Active,FT,Eating & Drinking w/ Take Out,2022-08-19 13:58:33.99+00,,352366,42.30795818293656,-71.06541131279718
3256,Wink & Nod,,3 Appleton,Boston,MA,02116,Active,FS,Eating & Drinking,2014-03-17 12:29:18+00,6179534390,352132,42.34672499969011,-71.06965300211178
3257,Winnie's,,115 Federal,Boston,MA,02110,Active,FS,Eating & Drinking,2022-03-24 13:06:18.417+00,,57152,42.35461077009476,-71.05667405364166
3258,Winsor DimSum Cafe,,10 Tyler,Boston,MA,02111,Active,FS,Eating & Drinking,2007-12-31 13:35:31+00,6173381688,138804,42.35098000037124,-71.06046000135595
3259,Winthrop Food Hall,,115 Federal,Boston,MA,02110,Active,FT,Eating & Drinking w/ Take Out,2023-06-13 18:29:25.233+00,,57152,42.35461077009476,-71.05667405364166
3260,Wishing Cup,,45 Court,Boston,MA,02108,Active,FS,Eating & Drinking,2025-04-07 15:29:16.807+00,6178991442,421434,42.35918999963573,-71.05877000181046
3261,WIT Beatty Cafe,,550 Huntington,Mission Hill,MA,02120,Active,FT,Eating & Drinking w/ Take Out,2021-06-11 16:01:40.06+00,8663723035,76384,42.33662000034983,-71.09494000050758
3262,WIT Leopard Cafe,,550 Huntington,Mission Hill,MA,02120,Active,FT,Eating & Drinking w/ Take Out,2021-06-11 15:55:17.8+00,8663723035,76384,42.33662000034983,-71.09494000050758
3263,Wm. E. Carter Ameri. Legion Post 16,,1531 Blue Hill,Mattapan,MA,02126,Active,FS,Eating & Drinking,2018-01-03 17:24:51.997+00,6176960024,16306,42.271520000075704,-71.09401000156005
3264,WNDR Museum,,2 Avenue De Lafayette,Boston,MA,02111,Active,FS,Eating & Drinking,2022-11-22 16:30:37.227+00,3128820706,6847,42.35404000016943,-71.06110000163339
3265,Wok N Talk,,525 Washington,Brighton,MA,02135,Active,FT,Eating & Drinking w/ Take Out,2024-09-17 13:21:42.787+00,6179033630,352457,42.349199999792894,-71.16295000014223
3266,Wolfgang Puck Pizza,,1 Harborside,East Boston,MA,02128,Active,FT,Eating & Drinking w/ Take Out,2018-02-26 17:04:39.363+00,7163679342,155970,42.36340869696607,-71.02569880822675
3267,Wong's of Boston,,417 Washington,Boston,MA,02108,Active,FT,Eating & Drinking w/ Take Out,2017-11-27 13:09:35.853+00,6174829069,157146,42.35583082117818,-71.06040079012439
3268,Wonton Cafe,,112 South,Boston,MA,02111,Active,FS,Eating & Drinking,2026-01-08 15:13:55.547+00,6176979295,359483,42.35099999970641,-71.05713000092291
3269,Woodshill Table,,130 Northern,Boston,MA,02210,Active,FS,Eating & Drinking,2019-05-01 16:02:42.37+00,6172160402,103863,42.35248232534932,-71.04332094733589
3270,Woodys Pizza EF Inc.,,1035 Saratoga,East Boston,MA,02128,Active,FT,Eating & Drinking w/ Take Out,2022-03-31 19:09:50.34+00,6178748649,122391,42.3859899992084,-71.00526000112531
3271,Wow Bao,,500 Terminal,East Boston,MA,02128,Active,FT,Eating & Drinking w/ Take Out,2022-03-30 15:29:09.737+00,,341351,42.36990420124479,-71.01943927546833
3272,Wow Tikka,,350 Longwood,Boston,MA,02115,Active,FT,Eating & Drinking w/ Take Out,2024-03-20 13:56:38.127+00,6175056619,156578,42.33817999970623,-71.10648000164196
3273,Wow Tikka,,84 Peterborough,Boston,MA,02215,Active,FT,Eating & Drinking w/ Take Out,2022-07-11 18:07:28.183+00,6178885644,109880,42.34313500013552,-71.09884100147548
3274,Wyndham Boston Beacon Hill-The Dean's List,,5 Blossom,Boston,MA,02114,Active,FS,Eating & Drinking,2012-10-10 12:59:59+00,6177427630,16065,42.361850000369614,-71.06661000191176
3275,Xi'an's Famous Foods - K107,,94 Shirley,Roxbury,MA,02119,Active,FT,Eating & Drinking w/ Take Out,2025-03-11 14:47:51.783+00,2127862068,127222,42.32448468232285,-71.07021644447491
3276,XI CHA,,350 Longwood,Boston,MA,02115,Active,FT,Eating & Drinking w/ Take Out,2022-01-03 15:48:33.407+00,7818886811,156578,42.33817999970623,-71.10648000164196
3277,Y5,,4 Jersey,Boston,MA,02215,Active,FT,Eating & Drinking w/ Take Out,2007-04-27 22:58:13+00,6175366683,156417,42.346768333561606,-71.09864788266272
3278,Yaba Sushi,,106 Cambridge,Boston,MA,02114,Active,FT,Eating & Drinking w/ Take Out,2025-04-25 16:49:46.31+00,,340669,42.36105917313918,-71.06319830587664
3279,Yale Appliance,,296 Freeport,Dorchester,MA,02125,Active,FS,Eating & Drinking,2010-03-02 14:29:06+00,6173793440,165450,42.30265426221078,-71.05155924773807
3280,Yamato II,,545 Boylston,Boston,MA,02116,Active,FS,Eating & Drinking,2014-11-21 15:20:06.287+00,8572047732,193086,42.35079704114047,-71.07584862474957
3281,Yamato Japanese Cuisine,,111 Chiswick,Brighton,MA,02135,Active,FS,Eating & Drinking,2011-01-20 13:39:28+00,6177878881,163386,42.3406960546537,-71.15176440068582
3282,Yanes Burrito's,,3492 Washington,Jamaica Plain,MA,02130,Active,FT,Eating & Drinking w/ Take Out,2008-12-11 14:37:21+00,6175223813,144936,42.30627999951555,-71.10743000098769
3283,Yang Guo Fu Malatang,,135 Massachusetts,Boston,MA,02115,Active,FT,Eating & Drinking w/ Take Out,2023-07-06 16:23:52.1+00,,364983,42.34693786769663,-71.08778360837745
3284,Yard House,,122 Brookline,Boston,MA,02215,Active,FS,Eating & Drinking,2011-08-12 14:32:56+00,9497270959,22083,42.34537771949535,-71.10011880571133
3285,Yard House #8391,,110 Huntington,Boston,MA,02116,Active,FS,Eating & Drinking,2021-06-24 15:05:01.48+00,6174451647,76238,42.34743050913615,-71.07743587970204
3286,Yawkey Cafe,,850 Harrison,Roxbury,MA,02118,Active,FS,Eating & Drinking,2016-05-25 18:49:13.99+00,6174147003,341234,42.33471069776374,-71.07416395756671
3287,"YAWKEY CENTER ""COFFEE SOUTH""",,32 Fruit,Boston,MA,02114,Active,FT,Eating & Drinking w/ Take Out,2006-12-07 18:36:08+00,6177262442,158296,42.361863648085055,-71.06955010027713
3288,YAWKEY CLUB OF ROXBURY,,115 Warren,Roxbury,MA,02119,Active,FS,Eating & Drinking,2007-01-11 15:32:24+00,6174276502,143205,42.32678999993573,-71.08380000093531
3289,Yaz's House Of Pizza,,661 Warren,Dorchester,MA,02121,Active,FS,Eating & Drinking,2019-06-14 14:22:31.577+00,6174450000,354440,42.309756000395666,-71.08301800146762
3290,Yeanie's Burger & Social,,33 Savin Hill,Dorchester,MA,02125,Active,FS,Eating & Drinking,2024-11-06 18:25:18.323+00,7039891869,123358,42.31280999920985,-71.05740000125259
3291,Yellow Door Taqueria,,2297 Dorchester,Dorchester,MA,02124,Active,FS,Eating & Drinking,2017-02-09 15:54:06.15+00,6179083110,48568,42.27235999983857,-71.0682400012664
3292,Yellow Door Taqueria,,354 Harrison,Roxbury,MA,02118,Active,FS,Eating & Drinking,2016-07-11 14:34:23.067+00,6179083110,422830,42.34520999982131,-71.06333979469755
3293,Yely's Coffee Shop,,284 Centre,Jamaica Plain,MA,02130,Active,FT,Eating & Drinking w/ Take Out,2006-12-07 18:34:40+00,6175229988,27955,42.32277000008983,-71.1020400018297
3294,Yely's Restaurant,,830 Blue Hill,Dorchester,MA,02124,Active,FS,Eating & Drinking,2022-12-21 17:58:47.553+00,6173266929,16567,42.296210000101766,-71.08718000094959
3295,Yi Fang Taiwan Fruit Tea,,14 Brighton,Allston,MA,02134,Active,FT,Eating & Drinking w/ Take Out,2022-07-08 14:11:02.553+00,,404002,42.35202999981158,-71.12584000119944
3296,YiFang Taiwan Fruit Tea,,215 Newbury,Boston,MA,02116,Active,FS,Eating & Drinking,2021-01-08 18:53:29.107+00,3478363876,101432,42.35014999990162,-71.08129000121704
3297,Yoki Express,,99 Seaport,Boston,MA,02210,Active,FT,Eating & Drinking w/ Take Out,2016-03-02 17:35:57.563+00,7815028836,350792,42.35117453241631,-71.04541115925554
3298,YOMA,,5 NORTH BEACON,ALLSTON,MA,02134,Active,FT,Eating & Drinking w/ Take Out,2007-02-02 19:10:39+00,6177831372,,,
3299,Yoshida,,51A Massachusetts,Boston,MA,02115,Active,FS,Eating & Drinking,2024-07-30 15:35:01.15+00,6173721604,352009,42.34970000026562,-71.08921000155166
3300,Yotel Boston - First Floor,,65 Seaport,Boston,MA,02210,Active,FS,Eating & Drinking,2015-07-30 14:17:59.587+00,6177177987,353186,42.35231683194449,-71.04730353636215
3301,Yotel Boston - Penthouse,,65 Seaport,Boston,MA,02210,Active,FS,Eating & Drinking,2015-07-30 14:15:02.32+00,6177177987,353186,42.35231683194449,-71.04730353636215
3302,Youji's Washoku Renaissance-Lower Level,,32 Cambridge,Charlestown,MA,02129,Active,FT,Eating & Drinking w/ Take Out,2022-08-16 15:43:51.66+00,,25110,42.383569999309664,-71.0743500017016
3303,Youji's Washoku Renaissance-Upper level,,32 Cambridge,Charlestown,MA,02129,Active,FT,Eating & Drinking w/ Take Out,2023-11-16 18:01:47.63+00,6174558621,25110,42.383569999309664,-71.0743500017016
3304,Young Family Cafe,,111 Francis,Boston,MA,02215,Active,FT,Eating & Drinking w/ Take Out,2023-01-12 14:58:54.127+00,6176329680,437772,42.33755248065666,-71.10971104239287
3305,Young Kong Restaurant,Golden Rice Bowl,300 Centre,Jamaica Plain,MA,02130,Active,FT,Eating & Drinking w/ Take Out,2019-09-11 18:54:38.47+00,6175228922,156274,42.32275497511811,-71.10305932366346
3306,YUCATAN TACOS,,1419 CENTRE,WEST ROXBURY,MA,02132,Active,FS,Eating & Drinking,2006-12-07 18:35:47+00,6173237555,,,
3307,Yucoo,,23 Tyler,Boston,MA,02111,Active,FT,Eating & Drinking w/ Take Out,2024-10-29 19:08:50.733+00,7819529592,170647,42.350705647859506,-71.06087561865021
3308,Yucoo,,577 Washington,Brighton,MA,02135,Active,FT,Eating & Drinking w/ Take Out,2023-04-20 15:19:02.367+00,,143638,42.35035700042223,-71.16513600073638
3309,Yuen Barbeque Restaurant,,1458 DORCHESTER,DORCHESTER,MA,02122,Active,FT,Eating & Drinking w/ Take Out,2009-10-26 17:41:23+00,6172886868,,,
3310,Yume Ga Arukara,,70 Pier 4,Boston,MA,02210,Active,FS,Eating & Drinking,2022-09-13 18:37:43.703+00,,454294,42.349938432746065,-71.04434475695584
3311,Yummy Yummy,,2360 Washington,Roxbury,MA,02119,Active,FT,Eating & Drinking w/ Take Out,2015-12-31 15:23:08.047+00,6179838811,171105,42.32936492422496,-71.084435232668
3312,Yunnan Kitchen,,1721 Washington,Roxbury,MA,02118,Active,FS,Eating & Drinking,2022-03-16 13:37:38.967+00,7813081164,370520,42.337060000004655,-71.07661000126242
3313,Yvonnes/Zebra Room,,3 Winter,Boston,MA,02111,Active,FS,Eating & Drinking,2015-04-29 17:02:31.903+00,8574450202,156728,42.355423286140045,-71.06146914645316
3314,Zaaki,,1143 Commonwealth,Allston,MA,02134,Active,FS,Eating & Drinking,2020-07-02 16:52:17.25+00,8573619660,163742,42.35093137201906,-71.12750210557368
3315,Zaku,,520 Columbus,Roxbury,MA,02118,Active,FT,Eating & Drinking w/ Take Out,2015-10-09 19:09:02.003+00,6176698381,35840,42.3418900000541,-71.0797800020005
3316,Zaz @ George Island,,  Georges Island,East Boston,MA,02128,Active,FT,Eating & Drinking w/ Take Out,2026-06-03 19:15:42.063+00,6172864247,,,
3317,Zaz Restaurant,,1230 River,Hyde Park,MA,02136,Active,FS,Eating & Drinking,2012-09-05 14:03:01+00,6172723083,169177,42.25578948763934,-71.1229896853823
3318,Zaz @ Spectacle Island,,5 spectacle island,East Boston,MA,02128,Active,FT,Eating & Drinking w/ Take Out,2026-06-03 19:18:40.91+00,6172864247,,,
3319,Zen Restaurant,,21 Beacon,Boston,MA,02108,Active,FS,Eating & Drinking,2018-11-09 19:35:54.893+00,6173711230,356428,42.358199999805315,-71.062380000646
3320,Zero&,,222 Newbury,Boston,MA,02116,Active,FT,Eating & Drinking w/ Take Out,2023-07-26 18:30:52.097+00,8573105133,101439,42.34975094521843,-71.08107798749985
3321,ZESTO'S PIZZA,,460 Centre,Jamaica Plain,MA,02130,Active,FT,Eating & Drinking w/ Take Out,2011-04-28 12:54:10+00,6175242004,28061,42.31934999985858,-71.11154000195299
3322,Zheng Xin Chicken Steak - Stall#2,,122 Brighton,Allston,MA,02134,Active,FT,Eating & Drinking w/ Take Out,2026-02-27 17:56:41.58+00,8573958592,162569,42.35240065993929,-71.13107730992346
3323,Zhi Wei Cafe,,102 South,Boston,MA,02111,Active,FT,Eating & Drinking w/ Take Out,2023-04-25 15:29:47.987+00,6173199921,128467,42.35106658733244,-71.05712958943307
3324,ZHU,,903 Boylston,Boston,MA,02115,Active,FS,Eating & Drinking,2024-01-04 15:25:30.613+00,6178882388,365092,42.34847999990199,-71.08424000133068
3325,Ziggy's,,583 Washington,Brighton,MA,02135,Active,FT,Eating & Drinking w/ Take Out,2020-10-23 16:17:07.17+00,6178333508,351055,42.350379000352824,-71.16521100133292
3326,Zo,,92 State,Boston,MA,02109,Active,FT,Eating & Drinking w/ Take Out,2011-12-16 14:44:46+00,6179016017,170003,42.35922262064415,-71.05532358904661
3327,Zo Greek,,225 Franklin,Boston,MA,02110,Active,FS,Eating & Drinking,2024-01-19 19:52:11.823+00,8574496131,158047,42.356135732002706,-71.0540683495597
3328,Zuma Restaurant,,1 Dalton,Boston,MA,02115,Active,FS,Eating & Drinking,2018-02-16 15:18:58.307+00,8574492500,351070,42.34575371386298,-71.08401153537174
3329,Zurito/Willie's,,26 Charles,Boston,MA,02108,Active,FS,Eating & Drinking,2024-09-13 13:31:28.337+00,6175122550,158228,42.35674517872961,-71.0699880520806
